// Generated from the built-in simplified Chinese translations using OpenCC (s2t).
// This file is included inside g_traditionalChineseTranslations in Translation.cpp.
{"\xE8\xB6\x85\xE5\x88\x86\xE8\xBE\xA8\xE7\x8E\x87", "\xE8\xB6\x85\xE5\x88\x86\xE8\xBE\xA8\xE7\x8E\x87"},
{"\xE4\xBD\xA0\xE8\xA6\x81\xE5\x96\x9D\xE5\x93\xAA\xE4\xB8\xAA\xEF\xBC\x9F\xEF\xBC\x88\xE5\xBC\x80\xE7\x8E\xA9\xE7\xAC\x91\xE7\x9A\x84\xEF\xBC\x89", "\xE4\xBD\xA0\xE8\xA6\x81\xE5\x96\x9D\xE5\x93\xAA\xE5\x80\x8B\xEF\xBC\x9F\xEF\xBC\x88\xE9\x96\x8B\xE7\x8E\xA9\xE7\xAC\x91\xE7\x9A\x84\xEF\xBC\x89"},
{"\xE5\x88\x87\xE6\x8D\xA2\xE8\xB6\x85\xE5\x88\x86\xE8\xBE\xA8\xE7\x8E\x87", "\xE5\x88\x87\xE6\x8F\x9B\xE8\xB6\x85\xE5\x88\x86\xE8\xBE\xA8\xE7\x8E\x87"},
{"\xE5\xB0\x86\xE5\x8F\x8D\xE5\xBA\x94\xE6\x8E\xA9\xE8\x86\x9C\xE7\x94\xA8\xE4\xBD\x9C\xE9\x80\x8F\xE6\x98\x8E\xE6\x8E\xA9\xE8\x86\x9C", "\xE5\xB0\x87\xE5\x8F\x8D\xE6\x87\x89\xE6\x8E\xA9\xE8\x86\x9C\xE7\x94\xA8\xE4\xBD\x9C\xE9\x80\x8F\xE6\x98\x8E\xE6\x8E\xA9\xE8\x86\x9C"},
{"\x58\x65\x53\x53\xEF\xBC\x88\x49\x6E\x74\x65\x6C\xE8\xB6\x85\xE5\x88\x86\xE8\xBE\xA8\xE7\x8E\x87\xEF\xBC\x89\xE8\xAE\xBE\xE7\xBD\xAE", "\x58\x65\x53\x53\xEF\xBC\x88\x49\x6E\x74\x65\x6C\xE8\xB6\x85\xE5\x88\x86\xE8\xBE\xA8\xE7\x8E\x87\xEF\xBC\x89\xE8\xA8\xAD\xE7\xBD\xAE"},
{"\x46\x46\x58\xEF\xBC\x88\x41\x4D\x44\xE5\x9B\xBE\xE5\xBD\xA2\xE5\xBA\x93\xEF\xBC\x89\xE8\xAE\xBE\xE7\xBD\xAE", "\x46\x46\x58\xEF\xBC\x88\x41\x4D\x44\xE5\x9C\x96\xE5\xBD\xA2\xE5\xBA\xAB\xEF\xBC\x89\xE8\xA8\xAD\xE7\xBD\xAE"},
{"\x46\x46\x58\xEF\xBC\x88\x41\x4D\x44\xE5\x9B\xBE\xE5\xBD\xA2\xE5\xBA\x93\xEF\xBC\x89\xE8\xB6\x85\xE5\x88\x86\xE8\xBE\xA8\xE7\x8E\x87", "\x46\x46\x58\xEF\xBC\x88\x41\x4D\x44\xE5\x9C\x96\xE5\xBD\xA2\xE5\xBA\xAB\xEF\xBC\x89\xE8\xB6\x85\xE5\x88\x86\xE8\xBE\xA8\xE7\x8E\x87"},
{"\x46\x46\x58\x20\x53\x44\x4B\xEF\xBC\x88\x41\x4D\x44\xE5\x9B\xBE\xE5\xBD\xA2\xE5\xBA\x93\xEF\xBC\x89\xE6\x8A\xA5\xE5\x91\x8A\xE7\x9A\x84\xE8\xB6\x85\xE5\x88\x86\xE8\xBE\xA8\xE7\x8E\x87\xE5\x88\x97\xE8\xA1\xA8", "\x46\x46\x58\x20\x53\x44\x4B\xEF\xBC\x88\x41\x4D\x44\xE5\x9C\x96\xE5\xBD\xA2\xE5\xBA\xAB\xEF\xBC\x89\xE5\xA0\xB1\xE5\x91\x8A\xE7\x9A\x84\xE8\xB6\x85\xE5\x88\x86\xE8\xBE\xA8\xE7\x8E\x87\xE5\x88\x97\xE8\xA1\xA8"},
{"\x44\x4C\x53\x53\x44\xEF\xBC\x88\x44\x4C\x53\x53\xE7\x9B\xB4\xE6\x8E\xA5\xE6\xA8\xA1\xE5\xBC\x8F\xEF\xBC\x89\xE8\xAE\xBE\xE7\xBD\xAE", "\x44\x4C\x53\x53\x44\xEF\xBC\x88\x44\x4C\x53\x53\xE7\x9B\xB4\xE6\x8E\xA5\xE6\xA8\xA1\xE5\xBC\x8F\xEF\xBC\x89\xE8\xA8\xAD\xE7\xBD\xAE"},
{"\x44\x4C\x53\x53\xEF\xBC\x88\xE6\xB7\xB1\xE5\xBA\xA6\xE5\xAD\xA6\xE4\xB9\xA0\xE8\xB6\x85\xE7\xBA\xA7\xE9\x87\x87\xE6\xA0\xB7\xEF\xBC\x89\xE8\xAE\xBE\xE7\xBD\xAE", "\x44\x4C\x53\x53\xEF\xBC\x88\xE6\xB7\xB1\xE5\xBA\xA6\xE5\xAD\xB8\xE7\xBF\x92\xE8\xB6\x85\xE7\xB4\x9A\xE6\x8E\xA1\xE6\xA8\xA3\xEF\xBC\x89\xE8\xA8\xAD\xE7\xBD\xAE"},
{"\xE9\xA2\x84\xE8\xAE\xBE\xE8\xA2\xAB\xE5\xA4\x96\xE9\x83\xA8\xE5\xB7\xA5\xE5\x85\xB7\xE8\xA6\x86\xE7\x9B\x96", "\xE9\xA0\x90\xE8\xA8\xAD\xE8\xA2\xAB\xE5\xA4\x96\xE9\x83\xA8\xE5\xB7\xA5\xE5\x85\xB7\xE8\xA6\x86\xE8\x93\x8B"},
{"\xE5\xB8\xA7\xE7\x94\x9F\xE6\x88\x90", "\xE5\xB9\x80\xE7\x94\x9F\xE6\x88\x90"},
{"\x46\x47\x20\xE8\xBE\x93\xE5\x85\xA5", "\x46\x47\x20\xE8\xBC\xB8\xE5\x85\xA5"},
{"\x46\x47\x20\xE8\xBE\x93\xE5\x87\xBA", "\x46\x47\x20\xE8\xBC\xB8\xE5\x87\xBA"},
{"\xE5\x90\xAF\xE7\x94\xA8", "\xE5\x95\x93\xE7\x94\xA8"},
{"\xE5\x90\xAF\xE7\x94\xA8\xE5\xB8\xA7\xE7\x94\x9F\xE6\x88\x90", "\xE5\x95\x93\xE7\x94\xA8\xE5\xB9\x80\xE7\x94\x9F\xE6\x88\x90"},
{"\xE5\x85\x81\xE8\xAE\xB8\xE5\xBC\x82\xE6\xAD\xA5", "\xE5\x85\x81\xE8\xA8\xB1\xE7\x95\xB0\xE6\xAD\xA5"},
{"\xE8\xB0\x83\xE8\xAF\x95\xE8\xA7\x86\xE5\x9B\xBE", "\xE8\xAA\xBF\xE8\xA9\xA6\xE8\xA6\x96\xE5\x9C\x96"},
{"\xE5\xB8\xA7\xE7\x94\x9F\xE6\x88\x90\x20\x28\x46\x53\x52\x20\x46\x47\xEF\xBC\x88\x41\x4D\x44\xE5\xB8\xA7\xE7\x94\x9F\xE6\x88\x90\xEF\xBC\x89\x29", "\xE5\xB9\x80\xE7\x94\x9F\xE6\x88\x90\x20\x28\x46\x53\x52\x20\x46\x47\xEF\xBC\x88\x41\x4D\x44\xE5\xB9\x80\xE7\x94\x9F\xE6\x88\x90\xEF\xBC\x89\x29"},
{"\x46\x46\x58\x20\x46\x47\xEF\xBC\x88\x41\x4D\x44\xE5\xB8\xA7\xE7\x94\x9F\xE6\x88\x90\xEF\xBC\x89", "\x46\x46\x58\x20\x46\x47\xEF\xBC\x88\x41\x4D\x44\xE5\xB9\x80\xE7\x94\x9F\xE6\x88\x90\xEF\xBC\x89"},
{"\xE5\x88\x87\xE6\x8D\xA2\x20\x46\x47", "\xE5\x88\x87\xE6\x8F\x9B\x20\x46\x47"},
{"\xE5\x90\xAF\xE7\x94\xA8\xE6\xB0\xB4\xE5\x8D\xB0", "\xE5\x95\x93\xE7\x94\xA8\xE6\xB0\xB4\xE5\x8D\xB0"},
{"\xE9\xAB\x98\xE7\xBA\xA7\x20\x46\x53\x52\x20\x46\x47\xEF\xBC\x88\x41\x4D\x44\xE5\xB8\xA7\xE7\x94\x9F\xE6\x88\x90\xEF\xBC\x89\xE8\xAE\xBE\xE7\xBD\xAE", "\xE9\xAB\x98\xE7\xB4\x9A\x20\x46\x53\x52\x20\x46\x47\xEF\xBC\x88\x41\x4D\x44\xE5\xB9\x80\xE7\x94\x9F\xE6\x88\x90\xEF\xBC\x89\xE8\xA8\xAD\xE7\xBD\xAE"},
{"\xE5\x8F\xAA\xE6\x98\xBE\xE7\xA4\xBA\xE7\x94\x9F\xE6\x88\x90\xE5\xB8\xA7", "\xE5\x8F\xAA\xE9\xA1\xAF\xE7\xA4\xBA\xE7\x94\x9F\xE6\x88\x90\xE5\xB9\x80"},
{"\xE8\xB0\x83\xE8\xAF\x95\xE9\x87\x8D\xE7\xBD\xAE\xE7\xBA\xBF", "\xE8\xAA\xBF\xE8\xA9\xA6\xE9\x87\x8D\xE7\xBD\xAE\xE7\xB7\x9A"},
{"\xE8\xB0\x83\xE8\xAF\x95\xE6\x92\x95\xE8\xA3\x82\xE7\xBA\xBF", "\xE8\xAA\xBF\xE8\xA9\xA6\xE6\x92\x95\xE8\xA3\x82\xE7\xB7\x9A"},
{"\xE8\xB0\x83\xE8\xAF\x95\xE8\x8A\x82\xE5\xA5\x8F\xE7\xBA\xBF", "\xE8\xAA\xBF\xE8\xA9\xA6\xE7\xAF\x80\xE5\xA5\x8F\xE7\xB7\x9A"},
{"\x46\x47\x20\xE7\x9F\xA9\xE5\xBD\xA2\xE8\xAE\xBE\xE7\xBD\xAE", "\x46\x47\x20\xE7\x9F\xA9\xE5\xBD\xA2\xE8\xA8\xAD\xE7\xBD\xAE"},
{"\xE5\xB7\xA6\xE8\xBE\xB9\xE7\x95\x8C", "\xE5\xB7\xA6\xE9\x82\x8A\xE7\x95\x8C"},
{"\xE4\xB8\x8A\xE8\xBE\xB9\xE7\x95\x8C", "\xE4\xB8\x8A\xE9\x82\x8A\xE7\x95\x8C"},
{"\xE5\xAE\xBD\xE5\xBA\xA6", "\xE5\xAF\xAC\xE5\xBA\xA6"},
{"\xE9\xAB\x98\xE5\xBA\xA6", "\xE9\xAB\x98\xE5\xBA\xA6"},
{"\xE9\x87\x8D\xE7\xBD\xAE\x20\x46\x47\x20\xE7\x9F\xA9\xE5\xBD\xA2", "\xE9\x87\x8D\xE7\xBD\xAE\x20\x46\x47\x20\xE7\x9F\xA9\xE5\xBD\xA2"},
{"\xE5\xB8\xA7\xE8\x8A\x82\xE5\xA5\x8F\xE8\xB0\x83\xE6\x95\xB4", "\xE5\xB9\x80\xE7\xAF\x80\xE5\xA5\x8F\xE8\xAA\xBF\xE6\x95\xB4"},
{"\xE5\x90\xAF\xE7\x94\xA8\xE8\xB0\x83\xE6\x95\xB4", "\xE5\x95\x93\xE7\x94\xA8\xE8\xAA\xBF\xE6\x95\xB4"},
{"\xE5\xAE\x89\xE5\x85\xA8\xE4\xBD\x99\xE9\x87\x8F\x20\x28\xE6\xAF\xAB\xE7\xA7\x92\x29", "\xE5\xAE\x89\xE5\x85\xA8\xE9\xA4\x98\xE9\x87\x8F\x20\x28\xE6\xAF\xAB\xE7\xA7\x92\x29"},
{"\xE6\x96\xB9\xE5\xB7\xAE\xE5\x9B\xA0\xE5\xAD\x90", "\xE6\x96\xB9\xE5\xB7\xAE\xE5\x9B\xA0\xE5\xAD\x90"},
{"\xE5\x90\xAF\xE7\x94\xA8\xE6\xB7\xB7\xE5\x90\x88\xE8\x87\xAA\xE6\x97\x8B", "\xE5\x95\x93\xE7\x94\xA8\xE6\xB7\xB7\xE5\x90\x88\xE8\x87\xAA\xE6\x97\x8B"},
{"\xE6\xB7\xB7\xE5\x90\x88\xE8\x87\xAA\xE6\x97\x8B\xE6\x97\xB6\xE9\x97\xB4", "\xE6\xB7\xB7\xE5\x90\x88\xE8\x87\xAA\xE6\x97\x8B\xE6\x99\x82\xE9\x96\x93"},
{"\xE5\x90\xAF\xE7\x94\xA8\xE7\xAD\x89\xE5\xBE\x85\xE5\x9B\xB4\xE6\xA0\x8F\xE5\xAF\xB9\xE8\xB1\xA1", "\xE5\x95\x93\xE7\x94\xA8\xE7\xAD\x89\xE5\xBE\x85\xE5\x9C\x8D\xE6\xAC\x84\xE5\xB0\x8D\xE8\xB1\xA1"},
{"\xE5\xBA\x94\xE7\x94\xA8\xE6\x97\xB6\xE5\xBA\x8F\xE6\x9B\xB4\xE6\x94\xB9", "\xE6\x87\x89\xE7\x94\xA8\xE6\x99\x82\xE5\xBA\x8F\xE6\x9B\xB4\xE6\x94\xB9"},
{"\xE5\xB8\xA7\xE7\x94\x9F\xE6\x88\x90\x20\x28\x58\x65\x46\x47\xEF\xBC\x88\x49\x6E\x74\x65\x6C\xE5\xB8\xA7\xE7\x94\x9F\xE6\x88\x90\xEF\xBC\x89\x29", "\xE5\xB9\x80\xE7\x94\x9F\xE6\x88\x90\x20\x28\x58\x65\x46\x47\xEF\xBC\x88\x49\x6E\x74\x65\x6C\xE5\xB9\x80\xE7\x94\x9F\xE6\x88\x90\xEF\xBC\x89\x29"},
{"\xE5\xBF\xBD\xE7\x95\xA5\xE5\x88\x9D\xE5\xA7\x8B\xE5\x8C\x96\xE6\xA3\x80\xE6\x9F\xA5", "\xE5\xBF\xBD\xE7\x95\xA5\xE5\x88\x9D\xE5\xA7\x8B\xE5\x8C\x96\xE6\xAA\xA2\xE6\x9F\xA5"},
{"\x4D\x46\x47\xEF\xBC\x88\xE5\xA4\x9A\xE5\xB8\xA7\xE7\x94\x9F\xE6\x88\x90\xEF\xBC\x89", "\x4D\x46\x47\xEF\xBC\x88\xE5\xA4\x9A\xE5\xB9\x80\xE7\x94\x9F\xE6\x88\x90\xEF\xBC\x89"},
{"\x55\x49\x20\xE5\x90\x88\xE6\x88\x90", "\x55\x49\x20\xE5\x90\x88\xE6\x88\x90"},
{"\xE5\xBC\xBA\xE5\x88\xB6\xE6\x97\xA0\xE8\xBE\xB9\xE6\xA1\x86", "\xE5\xBC\xB7\xE5\x88\xB6\xE7\x84\xA1\xE9\x82\x8A\xE6\xA1\x86"},
{"\xE9\xAB\x98\xE7\xBA\xA7\x20\x58\x65\x46\x47\xEF\xBC\x88\x49\x6E\x74\x65\x6C\xE5\xB8\xA7\xE7\x94\x9F\xE6\x88\x90\xEF\xBC\x89\xE8\xAE\xBE\xE7\xBD\xAE", "\xE9\xAB\x98\xE7\xB4\x9A\x20\x58\x65\x46\x47\xEF\xBC\x88\x49\x6E\x74\x65\x6C\xE5\xB9\x80\xE7\x94\x9F\xE6\x88\x90\xEF\xBC\x89\xE8\xA8\xAD\xE7\xBD\xAE"},
{"\xE7\x9F\xA9\xE5\xBD\xA2\xE8\xAE\xBE\xE7\xBD\xAE", "\xE7\x9F\xA9\xE5\xBD\xA2\xE8\xA8\xAD\xE7\xBD\xAE"},
{"\xE5\xB8\xA7\xE7\x94\x9F\xE6\x88\x90\x20\x28\x4F\x70\x74\x69\x46\x47\xEF\xBC\x88\x4F\x70\x74\x69\x53\x63\x61\x6C\x65\x72\xE5\xB8\xA7\xE7\x94\x9F\xE6\x88\x90\xEF\xBC\x89\x29", "\xE5\xB9\x80\xE7\x94\x9F\xE6\x88\x90\x20\x28\x4F\x70\x74\x69\x46\x47\xEF\xBC\x88\x4F\x70\x74\x69\x53\x63\x61\x6C\x65\x72\xE5\xB9\x80\xE7\x94\x9F\xE6\x88\x90\xEF\xBC\x89\x29"},
{"\x48\x55\x44\xEF\xBC\x88\xE6\xB8\xB8\xE6\x88\x8F\xE7\x95\x8C\xE9\x9D\xA2\xEF\xBC\x89\xE4\xBF\xAE\xE5\xA4\x8D", "\x48\x55\x44\xEF\xBC\x88\xE9\x81\x8A\xE6\x88\xB2\xE7\x95\x8C\xE9\x9D\xA2\xEF\xBC\x89\xE4\xBF\xAE\xE5\xBE\xA9"},
{"\xE9\x99\x90\xE5\x88\xB6", "\xE9\x99\x90\xE5\x88\xB6"},
{"\xE8\xB5\x84\xE6\xBA\x90", "\xE8\xB3\x87\xE6\xBA\x90"},
{"\xE6\x89\xA9\xE5\xB1\x95", "\xE6\x93\xB4\xE5\xB1\x95"},
{"\xE7\xAB\x8B\xE5\x8D\xB3\xE6\x8D\x95\xE8\x8E\xB7", "\xE7\xAB\x8B\xE5\x8D\xB3\xE6\x8D\x95\xE7\x8D\xB2"},
{"\xE7\xBC\xA9\xE6\x94\xBE\xE6\xB7\xB1\xE5\xBA\xA6\xE4\xBF\xAE\xE5\xA4\x8D\x20\x44\x4C\x53\x53\x20\x52\x52", "\xE7\xB8\xAE\xE6\x94\xBE\xE6\xB7\xB1\xE5\xBA\xA6\xE4\xBF\xAE\xE5\xBE\xA9\x20\x44\x4C\x53\x53\x20\x52\x52"},
{"\xE7\xBF\xBB\xE8\xBD\xAC\x20\x28\x55\x6E\x69\x74\x79\x29", "\xE7\xBF\xBB\xE8\xBD\x89\x20\x28\x55\x6E\x69\x74\x79\x29"},
{"\xE7\xBF\xBB\xE8\xBD\xAC\xE4\xBD\xBF\xE7\x94\xA8\xE5\x81\x8F\xE7\xA7\xBB", "\xE7\xBF\xBB\xE8\xBD\x89\xE4\xBD\xBF\xE7\x94\xA8\xE5\x81\x8F\xE7\xA7\xBB"},
{"\xE9\xAB\x98\xE7\xBA\xA7\x20\x4F\x70\x74\x69\x46\x47\xEF\xBC\x88\x4F\x70\x74\x69\x53\x63\x61\x6C\x65\x72\xE5\xB8\xA7\xE7\x94\x9F\xE6\x88\x90\xEF\xBC\x89\xE8\xAE\xBE\xE7\xBD\xAE", "\xE9\xAB\x98\xE7\xB4\x9A\x20\x4F\x70\x74\x69\x46\x47\xEF\xBC\x88\x4F\x70\x74\x69\x53\x63\x61\x6C\x65\x72\xE5\xB9\x80\xE7\x94\x9F\xE6\x88\x90\xEF\xBC\x89\xE8\xA8\xAD\xE7\xBD\xAE"},
{"\xE8\xB5\x84\xE6\xBA\x90\xE9\x98\xBB\xE6\x96\xAD", "\xE8\xB3\x87\xE6\xBA\x90\xE9\x98\xBB\xE6\x96\xB7"},
{"\xE6\x94\xBE\xE5\xAE\xBD\xE8\xB5\x84\xE6\xBA\x90\xE6\xA3\x80\xE6\x9F\xA5", "\xE6\x94\xBE\xE5\xAF\xAC\xE8\xB3\x87\xE6\xBA\x90\xE6\xAA\xA2\xE6\x9F\xA5"},
{"\x46\x47\x20\xE5\x88\x9B\xE5\xBB\xBA\xE5\x88\x97\xE8\xA1\xA8", "\x46\x47\x20\xE5\x89\xB5\xE5\xBB\xBA\xE5\x88\x97\xE8\xA1\xA8"},
{"\x46\x47\x20\xE4\xBD\xBF\xE7\x94\xA8\xE5\x88\x97\xE8\xA1\xA8", "\x46\x47\x20\xE4\xBD\xBF\xE7\x94\xA8\xE5\x88\x97\xE8\xA1\xA8"},
{"\xE9\x87\x8D\xE7\xBD\xAE\xE5\x88\x97\xE8\xA1\xA8", "\xE9\x87\x8D\xE7\xBD\xAE\xE5\x88\x97\xE8\xA1\xA8"},
{"\xE8\xB7\x9F\xE8\xB8\xAA\xE8\xAE\xBE\xE7\xBD\xAE", "\xE8\xB7\x9F\xE8\xB9\xA4\xE8\xA8\xAD\xE7\xBD\xAE"},
{"\xE5\xA7\x8B\xE7\xBB\x88\xE8\xB7\x9F\xE8\xB8\xAA\xE5\xA0\x86", "\xE5\xA7\x8B\xE7\xB5\x82\xE8\xB7\x9F\xE8\xB9\xA4\xE5\xA0\x86"},
{"\xE7\xA6\x81\xE7\x94\xA8\x20\x52\x54\x56\x20\xE8\xB7\x9F\xE8\xB8\xAA", "\xE7\xA6\x81\xE7\x94\xA8\x20\x52\x54\x56\x20\xE8\xB7\x9F\xE8\xB9\xA4"},
{"\xE7\xA6\x81\xE7\x94\xA8\x20\x53\x52\x56\x20\xE8\xB7\x9F\xE8\xB8\xAA", "\xE7\xA6\x81\xE7\x94\xA8\x20\x53\x52\x56\x20\xE8\xB7\x9F\xE8\xB9\xA4"},
{"\xE7\xA6\x81\xE7\x94\xA8\x20\x55\x41\x56\x20\xE8\xB7\x9F\xE8\xB8\xAA", "\xE7\xA6\x81\xE7\x94\xA8\x20\x55\x41\x56\x20\xE8\xB7\x9F\xE8\xB9\xA4"},
{"\xE7\xA6\x81\xE7\x94\xA8\x20\x4F\x4D\x20\xE8\xB7\x9F\xE8\xB8\xAA", "\xE7\xA6\x81\xE7\x94\xA8\x20\x4F\x4D\x20\xE8\xB7\x9F\xE8\xB9\xA4"},
{"\xE7\xA6\x81\xE7\x94\xA8\x20\x53\x43\x52\x20\xE8\xB7\x9F\xE8\xB8\xAA", "\xE7\xA6\x81\xE7\x94\xA8\x20\x53\x43\x52\x20\xE8\xB7\x9F\xE8\xB9\xA4"},
{"\xE7\xA6\x81\xE7\x94\xA8\x20\x53\x47\x52\x20\xE8\xB7\x9F\xE8\xB8\xAA", "\xE7\xA6\x81\xE7\x94\xA8\x20\x53\x47\x52\x20\xE8\xB7\x9F\xE8\xB9\xA4"},
{"\xE7\xA6\x81\xE7\x94\xA8\x20\x44\x49\x20\xE8\xB7\x9F\xE8\xB8\xAA", "\xE7\xA6\x81\xE7\x94\xA8\x20\x44\x49\x20\xE8\xB7\x9F\xE8\xB9\xA4"},
{"\xE7\xA6\x81\xE7\x94\xA8\x20\x44\x49\x49\x20\xE8\xB7\x9F\xE8\xB8\xAA", "\xE7\xA6\x81\xE7\x94\xA8\x20\x44\x49\x49\x20\xE8\xB7\x9F\xE8\xB9\xA4"},
{"\xE7\xA6\x81\xE7\x94\xA8\x20\x44\x69\x73\x70\x61\x74\x63\x68\x20\xE8\xB7\x9F\xE8\xB8\xAA", "\xE7\xA6\x81\xE7\x94\xA8\x20\x44\x69\x73\x70\x61\x74\x63\x68\x20\xE8\xB7\x9F\xE8\xB9\xA4"},
{"\xE8\xB5\x84\xE6\xBA\x90\xE8\xAE\xBE\xE7\xBD\xAE", "\xE8\xB3\x87\xE6\xBA\x90\xE8\xA8\xAD\xE7\xBD\xAE"},
{"\xE8\xB6\x85\xE5\x88\x86\xE8\xBE\xA8\xE7\x8E\x87\xE6\x9C\xAA\xE6\xBF\x80\xE6\xB4\xBB", "\xE8\xB6\x85\xE5\x88\x86\xE8\xBE\xA8\xE7\x8E\x87\xE6\x9C\xAA\xE6\xBF\x80\xE6\xB4\xBB"},
{"\x46\x53\x52\xEF\xBC\x88\x41\x4D\x44\xE8\xB6\x85\xE5\x88\x86\xE8\xBE\xA8\xE7\x8E\x87\xEF\xBC\x89\xE9\x80\x9A\xE7\x94\xA8\xE8\xAE\xBE\xE7\xBD\xAE", "\x46\x53\x52\xEF\xBC\x88\x41\x4D\x44\xE8\xB6\x85\xE5\x88\x86\xE8\xBE\xA8\xE7\x8E\x87\xEF\xBC\x89\xE9\x80\x9A\xE7\x94\xA8\xE8\xA8\xAD\xE7\xBD\xAE"},
{"\xE4\xBD\xBF\xE7\x94\xA8\x20\x46\x53\x52\x20\xE8\xBE\x93\xE5\x85\xA5\xE5\x80\xBC", "\xE4\xBD\xBF\xE7\x94\xA8\x20\x46\x53\x52\x20\xE8\xBC\xB8\xE5\x85\xA5\xE5\x80\xBC"},
{"\xE8\xA7\x86\xE9\x87\x8E\xE5\x92\x8C\xE6\x91\x84\xE5\x83\x8F\xE6\x9C\xBA\xE5\x80\xBC", "\xE8\xA6\x96\xE9\x87\x8E\xE5\x92\x8C\xE6\x94\x9D\xE5\x83\x8F\xE6\xA9\x9F\xE5\x80\xBC"},
{"\xE4\xBD\xBF\xE7\x94\xA8\xE5\x9E\x82\xE7\x9B\xB4\xE8\xA7\x86\xE9\x87\x8E", "\xE4\xBD\xBF\xE7\x94\xA8\xE5\x9E\x82\xE7\x9B\xB4\xE8\xA6\x96\xE9\x87\x8E"},
{"\xE4\xBD\xBF\xE7\x94\xA8\xE6\xB0\xB4\xE5\xB9\xB3\xE8\xA7\x86\xE9\x87\x8E", "\xE4\xBD\xBF\xE7\x94\xA8\xE6\xB0\xB4\xE5\xB9\xB3\xE8\xA6\x96\xE9\x87\x8E"},
{"\xE5\x9E\x82\xE7\x9B\xB4\xE8\xA7\x86\xE9\x87\x8E\xE8\xA7\x92", "\xE5\x9E\x82\xE7\x9B\xB4\xE8\xA6\x96\xE9\x87\x8E\xE8\xA7\x92"},
{"\xE6\xB0\xB4\xE5\xB9\xB3\xE8\xA7\x86\xE9\x87\x8E\xE8\xA7\x92", "\xE6\xB0\xB4\xE5\xB9\xB3\xE8\xA6\x96\xE9\x87\x8E\xE8\xA7\x92"},
{"\xE8\xBF\x91\xE5\x89\xAA\xE5\x88\x87\xE9\x9D\xA2", "\xE8\xBF\x91\xE5\x89\xAA\xE5\x88\x87\xE9\x9D\xA2"},
{"\xE8\xBF\x9C\xE5\x89\xAA\xE5\x88\x87\xE9\x9D\xA2", "\xE9\x81\xA0\xE5\x89\xAA\xE5\x88\x87\xE9\x9D\xA2"},
{"\xE9\x87\x8D\xE7\xBD\xAE\xE6\x91\x84\xE5\x83\x8F\xE6\x9C\xBA\xE5\x80\xBC", "\xE9\x87\x8D\xE7\xBD\xAE\xE6\x94\x9D\xE5\x83\x8F\xE6\xA9\x9F\xE5\x80\xBC"},
{"\xE5\xB8\xA7\xE7\x8E\x87", "\xE5\xB9\x80\xE7\x8E\x87"},
{"\xE5\xBD\x93\xE5\x89\x8D\xE6\x96\xB9\xE6\xB3\x95\x3A\x20\x25\x73", "\xE7\x95\xB6\xE5\x89\x8D\xE6\x96\xB9\xE6\xB3\x95\x3A\x20\x25\x73"},
{"\x46\x50\x53\x20\xE9\x99\x90\xE5\x88\xB6", "\x46\x50\x53\x20\xE9\x99\x90\xE5\x88\xB6"},
{"\xE5\xBA\x94\xE7\x94\xA8\xE9\x99\x90\xE5\x88\xB6", "\xE6\x87\x89\xE7\x94\xA8\xE9\x99\x90\xE5\x88\xB6"},
{"\xE9\x87\x8D\xE7\xBD\xAE\xE9\x99\x90\xE5\x88\xB6", "\xE9\x87\x8D\xE7\xBD\xAE\xE9\x99\x90\xE5\x88\xB6"},
{"\x56\x52\x52\xEF\xBC\x88\xE5\x8F\xAF\xE5\x8F\x98\xE5\x88\xB7\xE6\x96\xB0\xE7\x8E\x87\xEF\xBC\x89\xE5\xB8\xA7\xE7\x8E\x87\xE4\xB8\x8A\xE9\x99\x90\xE8\xAE\xA1\xE7\xAE\x97\xE5\x99\xA8", "\x56\x52\x52\xEF\xBC\x88\xE5\x8F\xAF\xE8\xAE\x8A\xE5\x88\xB7\xE6\x96\xB0\xE7\x8E\x87\xEF\xBC\x89\xE5\xB9\x80\xE7\x8E\x87\xE4\xB8\x8A\xE9\x99\x90\xE8\xA8\x88\xE7\xAE\x97\xE5\x99\xA8"},
{"\xE5\x88\xB7\xE6\x96\xB0\xE7\x8E\x87", "\xE5\x88\xB7\xE6\x96\xB0\xE7\x8E\x87"},
{"\xE8\xAE\xA1\xE7\xAE\x97\xE4\xB8\x8A\xE9\x99\x90\x3A\x20\x25\x2E\x31\x66", "\xE8\xA8\x88\xE7\xAE\x97\xE4\xB8\x8A\xE9\x99\x90\x3A\x20\x25\x2E\x31\x66"},
{"\xE8\xAE\xBE\xE4\xB8\xBA\x20\x46\x50\x53\x20\xE9\x99\x90\xE5\x88\xB6", "\xE8\xA8\xAD\xE7\x88\xB2\x20\x46\x50\x53\x20\xE9\x99\x90\xE5\x88\xB6"},
{"\xE9\x94\x90\xE5\x8C\x96", "\xE9\x8A\xB3\xE5\x8C\x96"},
{"\xE8\xA6\x86\xE7\x9B\x96", "\xE8\xA6\x86\xE8\x93\x8B"},
{"\xE5\x90\xAF\xE7\x94\xA8\x20\x52\x43\x41\x53\xEF\xBC\x88\xE8\x87\xAA\xE9\x80\x82\xE5\xBA\x94\xE5\xAF\xB9\xE6\xAF\x94\xE5\xBA\xA6\xE9\x94\x90\xE5\x8C\x96\xEF\xBC\x89\x2F\x44\x41\xEF\xBC\x88\xE6\xB7\xB1\xE5\xBA\xA6\xE6\x84\x9F\xE7\x9F\xA5\xEF\xBC\x89", "\xE5\x95\x93\xE7\x94\xA8\x20\x52\x43\x41\x53\xEF\xBC\x88\xE8\x87\xAA\xE9\x81\xA9\xE6\x87\x89\xE5\xB0\x8D\xE6\xAF\x94\xE5\xBA\xA6\xE9\x8A\xB3\xE5\x8C\x96\xEF\xBC\x89\x2F\x44\x41\xEF\xBC\x88\xE6\xB7\xB1\xE5\xBA\xA6\xE6\x84\x9F\xE7\x9F\xA5\xEF\xBC\x89"},
{"\x52\x43\x41\x53\xEF\xBC\x88\xE8\x87\xAA\xE9\x80\x82\xE5\xBA\x94\xE5\xAF\xB9\xE6\xAF\x94\xE5\xBA\xA6\xE9\x94\x90\xE5\x8C\x96\xEF\xBC\x89", "\x52\x43\x41\x53\xEF\xBC\x88\xE8\x87\xAA\xE9\x81\xA9\xE6\x87\x89\xE5\xB0\x8D\xE6\xAF\x94\xE5\xBA\xA6\xE9\x8A\xB3\xE5\x8C\x96\xEF\xBC\x89"},
{"\xE6\xB7\xB1\xE5\xBA\xA6\xE6\x84\x9F\xE7\x9F\xA5\x20\x28\x52\x43\x41\x53\xEF\xBC\x88\xE8\x87\xAA\xE9\x80\x82\xE5\xBA\x94\xE5\xAF\xB9\xE6\xAF\x94\xE5\xBA\xA6\xE9\x94\x90\xE5\x8C\x96\xEF\xBC\x89\x29", "\xE6\xB7\xB1\xE5\xBA\xA6\xE6\x84\x9F\xE7\x9F\xA5\x20\x28\x52\x43\x41\x53\xEF\xBC\x88\xE8\x87\xAA\xE9\x81\xA9\xE6\x87\x89\xE5\xB0\x8D\xE6\xAF\x94\xE5\xBA\xA6\xE9\x8A\xB3\xE5\x8C\x96\xEF\xBC\x89\x29"},
{"\xE6\xB7\xB1\xE5\xBA\xA6\xE6\x84\x9F\xE7\x9F\xA5\x20\x28\x44\x41\x53\xEF\xBC\x88\xE6\xB7\xB1\xE5\xBA\xA6\xE6\x84\x9F\xE7\x9F\xA5\xE9\x94\x90\xE5\x8C\x96\xEF\xBC\x89\x29", "\xE6\xB7\xB1\xE5\xBA\xA6\xE6\x84\x9F\xE7\x9F\xA5\x20\x28\x44\x41\x53\xEF\xBC\x88\xE6\xB7\xB1\xE5\xBA\xA6\xE6\x84\x9F\xE7\x9F\xA5\xE9\x8A\xB3\xE5\x8C\x96\xEF\xBC\x89\x29"},
{"\xE5\x90\xAF\xE7\x94\xA8\xE8\xBF\x90\xE5\x8A\xA8\xE8\x87\xAA\xE9\x80\x82\xE5\xBA\x94\xE9\x94\x90\xE5\x8C\x96", "\xE5\x95\x93\xE7\x94\xA8\xE9\x81\x8B\xE5\x8B\x95\xE8\x87\xAA\xE9\x81\xA9\xE6\x87\x89\xE9\x8A\xB3\xE5\x8C\x96"},
{"\xE7\xBA\xBF\xE6\x80\xA7\xE6\xB7\xB1\xE5\xBA\xA6", "\xE7\xB7\x9A\xE6\x80\xA7\xE6\xB7\xB1\xE5\xBA\xA6"},
{"\x44\x41\xEF\xBC\x88\xE6\xB7\xB1\xE5\xBA\xA6\xE6\x84\x9F\xE7\x9F\xA5\xEF\xBC\x89\xE8\xB0\x83\xE8\xAF\x95", "\x44\x41\xEF\xBC\x88\xE6\xB7\xB1\xE5\xBA\xA6\xE6\x84\x9F\xE7\x9F\xA5\xEF\xBC\x89\xE8\xAA\xBF\xE8\xA9\xA6"},
{"\xE9\xAB\x98\xE7\xBA\xA7\x20\x44\x41\xEF\xBC\x88\xE6\xB7\xB1\xE5\xBA\xA6\xE6\x84\x9F\xE7\x9F\xA5\xEF\xBC\x89\xE5\x8F\x82\xE6\x95\xB0", "\xE9\xAB\x98\xE7\xB4\x9A\x20\x44\x41\xEF\xBC\x88\xE6\xB7\xB1\xE5\xBA\xA6\xE6\x84\x9F\xE7\x9F\xA5\xEF\xBC\x89\xE5\x8F\x83\xE6\x95\xB8"},
{"\xE8\xBE\x93\xE5\x87\xBA\xE9\x99\x90\xE5\xB9\x85", "\xE8\xBC\xB8\xE5\x87\xBA\xE9\x99\x90\xE5\xB9\x85"},
{"\xE6\xB7\xB1\xE5\xBA\xA6\xE5\x81\x8F\xE7\xBD\xAE", "\xE6\xB7\xB1\xE5\xBA\xA6\xE5\x81\x8F\xE7\xBD\xAE"},
{"\xE6\xB7\xB1\xE5\xBA\xA6\xE7\xBC\xA9\xE6\x94\xBE", "\xE6\xB7\xB1\xE5\xBA\xA6\xE7\xB8\xAE\xE6\x94\xBE"},
{"\xE9\x87\x8D\xE7\xBD\xAE\xE6\xB7\xB1\xE5\xBA\xA6\xE5\x80\xBC", "\xE9\x87\x8D\xE7\xBD\xAE\xE6\xB7\xB1\xE5\xBA\xA6\xE5\x80\xBC"},
{"\xE5\x90\xAF\xE7\x94\xA8\xE5\xAF\xB9\xE6\xAF\x94\xE5\xBA\xA6", "\xE5\x95\x93\xE7\x94\xA8\xE5\xB0\x8D\xE6\xAF\x94\xE5\xBA\xA6"},
{"\xE5\xAF\xB9\xE6\xAF\x94\xE5\xBA\xA6", "\xE5\xB0\x8D\xE6\xAF\x94\xE5\xBA\xA6"},
{"\xE8\xBF\x90\xE5\x8A\xA8\xE8\x87\xAA\xE9\x80\x82\xE5\xBA\x94\xE9\x94\x90\xE5\x8C\x96", "\xE9\x81\x8B\xE5\x8B\x95\xE8\x87\xAA\xE9\x81\xA9\xE6\x87\x89\xE9\x8A\xB3\xE5\x8C\x96"},
{"\x4D\x41\x53\xEF\xBC\x88\xE8\xBF\x90\xE5\x8A\xA8\xE8\x87\xAA\xE9\x80\x82\xE5\xBA\x94\xE9\x94\x90\xE5\x8C\x96\xEF\xBC\x89\xE8\xB0\x83\xE8\xAF\x95", "\x4D\x41\x53\xEF\xBC\x88\xE9\x81\x8B\xE5\x8B\x95\xE8\x87\xAA\xE9\x81\xA9\xE6\x87\x89\xE9\x8A\xB3\xE5\x8C\x96\xEF\xBC\x89\xE8\xAA\xBF\xE8\xA9\xA6"},
{"\xE8\xBF\x90\xE5\x8A\xA8\xE9\x94\x90\xE5\x8C\x96", "\xE9\x81\x8B\xE5\x8B\x95\xE9\x8A\xB3\xE5\x8C\x96"},
{"\xE8\xBF\x90\xE5\x8A\xA8\xE9\x98\x88\xE5\x80\xBC", "\xE9\x81\x8B\xE5\x8B\x95\xE9\x96\xBE\xE5\x80\xBC"},
{"\xE8\xBF\x90\xE5\x8A\xA8\xE8\x8C\x83\xE5\x9B\xB4", "\xE9\x81\x8B\xE5\x8B\x95\xE7\xAF\x84\xE5\x9C\x8D"},
{"\xE8\xB6\x85\xE5\x88\x86\xE8\xBE\xA8\xE7\x8E\x87\xE6\xAF\x94\xE7\x8E\x87\xE8\xA6\x86\xE7\x9B\x96", "\xE8\xB6\x85\xE5\x88\x86\xE8\xBE\xA8\xE7\x8E\x87\xE6\xAF\x94\xE7\x8E\x87\xE8\xA6\x86\xE8\x93\x8B"},
{"\xE8\xA6\x86\xE7\x9B\x96\xE5\x85\xA8\xE9\x83\xA8", "\xE8\xA6\x86\xE8\x93\x8B\xE5\x85\xA8\xE9\x83\xA8"},
{"\xE6\x8C\x89\xE8\xB4\xA8\xE9\x87\x8F\xE9\xA2\x84\xE8\xAE\xBE\xE8\xA6\x86\xE7\x9B\x96", "\xE6\x8C\x89\xE8\xB3\xAA\xE9\x87\x8F\xE9\xA0\x90\xE8\xA8\xAD\xE8\xA6\x86\xE8\x93\x8B"},
{"\xE5\x85\xA8\xE9\x83\xA8\xE6\xAF\x94\xE7\x8E\x87", "\xE5\x85\xA8\xE9\x83\xA8\xE6\xAF\x94\xE7\x8E\x87"},
{"\x44\x4C\x41\x41\xEF\xBC\x88\x44\x4C\x53\x53\xE6\x8A\x97\xE9\x94\xAF\xE9\xBD\xBF\xEF\xBC\x89", "\x44\x4C\x41\x41\xEF\xBC\x88\x44\x4C\x53\x53\xE6\x8A\x97\xE9\x8B\xB8\xE9\xBD\x92\xEF\xBC\x89"},
{"\xE8\xB6\x85\xE9\xAB\x98\xE8\xB4\xA8\xE9\x87\x8F", "\xE8\xB6\x85\xE9\xAB\x98\xE8\xB3\xAA\xE9\x87\x8F"},
{"\xE9\xAB\x98\xE8\xB4\xA8\xE9\x87\x8F", "\xE9\xAB\x98\xE8\xB3\xAA\xE9\x87\x8F"},
{"\xE5\x9D\x87\xE8\xA1\xA1", "\xE5\x9D\x87\xE8\xA1\xA1"},
{"\xE6\x80\xA7\xE8\x83\xBD", "\xE6\x80\xA7\xE8\x83\xBD"},
{"\xE8\xB6\x85\xE6\x80\xA7\xE8\x83\xBD", "\xE8\xB6\x85\xE6\x80\xA7\xE8\x83\xBD"},
{"\xE8\xBE\x93\xE5\x87\xBA\xE7\xBC\xA9\xE6\x94\xBE", "\xE8\xBC\xB8\xE5\x87\xBA\xE7\xB8\xAE\xE6\x94\xBE"},
{"\xE9\x99\x8D\xE9\x87\x87\xE6\xA0\xB7\xE5\x99\xA8", "\xE9\x99\x8D\xE6\x8E\xA1\xE6\xA8\xA3\xE5\x99\xA8"},
{"\xE5\xBA\x94\xE7\x94\xA8\xE6\x9B\xB4\xE6\x94\xB9", "\xE6\x87\x89\xE7\x94\xA8\xE6\x9B\xB4\xE6\x94\xB9"},
{"\xE6\xAF\x94\xE7\x8E\x87", "\xE6\xAF\x94\xE7\x8E\x87"},
{"\xE5\x88\x9D\xE5\xA7\x8B\xE5\x8C\x96\xE6\xA0\x87\xE5\xBF\x97", "\xE5\x88\x9D\xE5\xA7\x8B\xE5\x8C\x96\xE6\xA8\x99\xE8\xAA\x8C"},
{"\xE8\x87\xAA\xE5\x8A\xA8\xE6\x9B\x9D\xE5\x85\x89", "\xE8\x87\xAA\xE5\x8B\x95\xE6\x9B\x9D\xE5\x85\x89"},
{"\xE7\xA6\x81\xE7\x94\xA8\xE5\x8F\x8D\xE5\xBA\x94\xE6\x8E\xA9\xE8\x86\x9C", "\xE7\xA6\x81\xE7\x94\xA8\xE5\x8F\x8D\xE6\x87\x89\xE6\x8E\xA9\xE8\x86\x9C"},
{"\xE9\xAB\x98\xE7\xBA\xA7\xE5\x88\x9D\xE5\xA7\x8B\xE5\x8C\x96\xE6\xA0\x87\xE5\xBF\x97", "\xE9\xAB\x98\xE7\xB4\x9A\xE5\x88\x9D\xE5\xA7\x8B\xE5\x8C\x96\xE6\xA8\x99\xE8\xAA\x8C"},
{"\xE6\xB7\xB1\xE5\xBA\xA6\xE5\x8F\x8D\xE8\xBD\xAC", "\xE6\xB7\xB1\xE5\xBA\xA6\xE5\x8F\x8D\xE8\xBD\x89"},
{"\x48\x44\x52\xEF\xBC\x88\xE9\xAB\x98\xE5\x8A\xA8\xE6\x80\x81\xE8\x8C\x83\xE5\x9B\xB4\xEF\xBC\x89", "\x48\x44\x52\xEF\xBC\x88\xE9\xAB\x98\xE5\x8B\x95\xE6\x85\x8B\xE7\xAF\x84\xE5\x9C\x8D\xEF\xBC\x89"},
{"\xE6\x98\xBE\xE7\xA4\xBA\xE5\x88\x86\xE8\xBE\xA8\xE7\x8E\x87\x20\x4D\x56\xEF\xBC\x88\xE8\xBF\x90\xE5\x8A\xA8\xE5\x90\x91\xE9\x87\x8F\xEF\xBC\x89", "\xE9\xA1\xAF\xE7\xA4\xBA\xE5\x88\x86\xE8\xBE\xA8\xE7\x8E\x87\x20\x4D\x56\xEF\xBC\x88\xE9\x81\x8B\xE5\x8B\x95\xE5\x90\x91\xE9\x87\x8F\xEF\xBC\x89"},
{"\xE6\x8A\x96\xE5\x8A\xA8\xE6\xB6\x88\xE9\x99\xA4", "\xE6\x8A\x96\xE5\x8B\x95\xE6\xB6\x88\xE9\x99\xA4"},
{"\xE5\x8F\x8D\xE5\xBA\x94\xE6\x8E\xA9\xE8\x86\x9C\xE5\x81\x8F\xE7\xBD\xAE", "\xE5\x8F\x8D\xE6\x87\x89\xE6\x8E\xA9\xE8\x86\x9C\xE5\x81\x8F\xE7\xBD\xAE"},
{"\xE4\xBD\xBF\xE7\x94\xA8\xE4\xBA\x8C\xE5\x80\xBC\xE5\x8F\x8D\xE5\xBA\x94\xE6\x8E\xA9\xE8\x86\x9C", "\xE4\xBD\xBF\xE7\x94\xA8\xE4\xBA\x8C\xE5\x80\xBC\xE5\x8F\x8D\xE6\x87\x89\xE6\x8E\xA9\xE8\x86\x9C"},
{"\xE9\xAB\x98\xE7\xBA\xA7\xE8\xAE\xBE\xE7\xBD\xAE", "\xE9\xAB\x98\xE7\xB4\x9A\xE8\xA8\xAD\xE7\xBD\xAE"},
{"\xE5\x90\xAF\xE7\x94\xA8\xE6\x89\xA9\xE5\xB1\x95\xE9\x99\x90\xE5\x88\xB6", "\xE5\x95\x93\xE7\x94\xA8\xE6\x93\xB4\xE5\xB1\x95\xE9\x99\x90\xE5\x88\xB6"},
{"\xE4\xBD\xBF\xE7\x94\xA8\xE9\xA2\x84\xE7\xBC\x96\xE8\xAF\x91\xE8\x89\xB2\xE5\x99\xA8", "\xE4\xBD\xBF\xE7\x94\xA8\xE9\xA0\x90\xE7\xB7\xA8\xE8\xAD\xAF\xE8\x89\xB2\xE5\x99\xA8"},
{"\xE8\xA6\x86\xE7\x9B\x96\xE6\x9C\x80\xE5\xB0\x8F\xE5\x80\xBC", "\xE8\xA6\x86\xE8\x93\x8B\xE6\x9C\x80\xE5\xB0\x8F\xE5\x80\xBC"},
{"\xE8\xA6\x86\xE7\x9B\x96\xE6\x9C\x80\xE5\xA4\xA7\xE5\x80\xBC", "\xE8\xA6\x86\xE8\x93\x8B\xE6\x9C\x80\xE5\xA4\xA7\xE5\x80\xBC"},
{"\xE8\xB5\x84\xE6\xBA\x90\xE5\xB1\x8F\xE9\x9A\x9C", "\xE8\xB3\x87\xE6\xBA\x90\xE5\xB1\x8F\xE9\x9A\x9C"},
{"\xE6\xA0\xB9\xE7\xAD\xBE\xE5\x90\x8D", "\xE6\xA0\xB9\xE7\xB0\xBD\xE5\x90\x8D"},
{"\xE9\xA2\x9C\xE8\x89\xB2", "\xE9\xA1\x8F\xE8\x89\xB2"},
{"\xE6\xB7\xB1\xE5\xBA\xA6", "\xE6\xB7\xB1\xE5\xBA\xA6"},
{"\xE8\xBF\x90\xE5\x8A\xA8", "\xE9\x81\x8B\xE5\x8B\x95"},
{"\xE6\x9B\x9D\xE5\x85\x89", "\xE6\x9B\x9D\xE5\x85\x89"},
{"\xE6\x8E\xA9\xE8\x86\x9C", "\xE6\x8E\xA9\xE8\x86\x9C"},
{"\xE8\xBE\x93\xE5\x87\xBA", "\xE8\xBC\xB8\xE5\x87\xBA"},
{"\xE6\x97\xA5\xE5\xBF\x97", "\xE6\x97\xA5\xE8\xAA\x8C"},
{"\xE5\x86\x99\xE5\x85\xA5\xE6\x96\x87\xE4\xBB\xB6", "\xE5\xAF\xAB\xE5\x85\xA5\xE6\x96\x87\xE4\xBB\xB6"},
{"\xE5\x86\x99\xE5\x85\xA5\xE6\x8E\xA7\xE5\x88\xB6\xE5\x8F\xB0", "\xE5\xAF\xAB\xE5\x85\xA5\xE6\x8E\xA7\xE5\x88\xB6\xE6\xAA\xAF"},
{"\xE6\x97\xA5\xE5\xBF\x97\xE7\xBA\xA7\xE5\x88\xAB", "\xE6\x97\xA5\xE8\xAA\x8C\xE7\xB4\x9A\xE5\x88\xA5"},
{"\xE8\xBF\xBD\xE8\xB8\xAA", "\xE8\xBF\xBD\xE8\xB9\xA4"},
{"\xE8\xB0\x83\xE8\xAF\x95", "\xE8\xAA\xBF\xE8\xA9\xA6"},
{"\xE4\xBF\xA1\xE6\x81\xAF", "\xE4\xBF\xA1\xE6\x81\xAF"},
{"\xE8\xAD\xA6\xE5\x91\x8A", "\xE8\xAD\xA6\xE5\x91\x8A"},
{"\xE9\x94\x99\xE8\xAF\xAF", "\xE9\x8C\xAF\xE8\xAA\xA4"},
{"\xE8\x8F\x9C\xE5\x8D\x95\xE4\xB8\xBB\xE9\xA2\x98\xE5\x92\x8C\xE9\xA2\x9C\xE8\x89\xB2", "\xE8\x8F\x9C\xE5\x96\xAE\xE4\xB8\xBB\xE9\xA1\x8C\xE5\x92\x8C\xE9\xA1\x8F\xE8\x89\xB2"},
{"\xE6\xB5\x85\xE8\x89\xB2\xE4\xB8\xBB\xE9\xA2\x98", "\xE6\xB7\xBA\xE8\x89\xB2\xE4\xB8\xBB\xE9\xA1\x8C"},
{"\xE9\xA2\x84\xE8\xAE\xBE\x3A", "\xE9\xA0\x90\xE8\xA8\xAD\x3A"},
{"\xE8\x87\xAA\xE5\xAE\x9A\xE4\xB9\x89\xE5\xBC\xBA\xE8\xB0\x83\xE8\x89\xB2", "\xE8\x87\xAA\xE5\xAE\x9A\xE7\xBE\xA9\xE5\xBC\xB7\xE8\xAA\xBF\xE8\x89\xB2"},
{"\xE9\x87\x8D\xE7\xBD\xAE\xE5\xBC\xBA\xE8\xB0\x83\xE8\x89\xB2", "\xE9\x87\x8D\xE7\xBD\xAE\xE5\xBC\xB7\xE8\xAA\xBF\xE8\x89\xB2"},
{"\xE8\x87\xAA\xE5\xAE\x9A\xE4\xB9\x89\xE8\x83\x8C\xE6\x99\xAF\xE8\x89\xB2", "\xE8\x87\xAA\xE5\xAE\x9A\xE7\xBE\xA9\xE8\x83\x8C\xE6\x99\xAF\xE8\x89\xB2"},
{"\xE8\x83\x8C\xE6\x99\xAF\xE9\x80\x8F\xE6\x98\x8E\xE5\xBA\xA6", "\xE8\x83\x8C\xE6\x99\xAF\xE9\x80\x8F\xE6\x98\x8E\xE5\xBA\xA6"},
{"\xE9\x87\x8D\xE7\xBD\xAE\xE8\x83\x8C\xE6\x99\xAF\xE8\x89\xB2", "\xE9\x87\x8D\xE7\xBD\xAE\xE8\x83\x8C\xE6\x99\xAF\xE8\x89\xB2"},
{"\x46\x50\x53\x20\xE8\xA6\x86\xE5\xB1\x82\xE5\x90\xAF\xE7\x94\xA8", "\x46\x50\x53\x20\xE8\xA6\x86\xE5\xB1\xA4\xE5\x95\x93\xE7\x94\xA8"},
{"\xE6\xB0\xB4\xE5\xB9\xB3", "\xE6\xB0\xB4\xE5\xB9\xB3"},
{"\xE8\xA6\x86\xE5\xB1\x82\xE4\xBD\x8D\xE7\xBD\xAE", "\xE8\xA6\x86\xE5\xB1\xA4\xE4\xBD\x8D\xE7\xBD\xAE"},
{"\xE5\xB7\xA6\xE4\xB8\x8A", "\xE5\xB7\xA6\xE4\xB8\x8A"},
{"\xE5\x8F\xB3\xE4\xB8\x8A", "\xE5\x8F\xB3\xE4\xB8\x8A"},
{"\xE5\xB7\xA6\xE4\xB8\x8B", "\xE5\xB7\xA6\xE4\xB8\x8B"},
{"\xE5\x8F\xB3\xE4\xB8\x8B", "\xE5\x8F\xB3\xE4\xB8\x8B"},
{"\xE8\xA6\x86\xE5\xB1\x82\xE7\xB1\xBB\xE5\x9E\x8B", "\xE8\xA6\x86\xE5\xB1\xA4\xE9\xA1\x9E\xE5\x9E\x8B"},
{"\xE4\xBB\x85\x20\x46\x50\x53", "\xE5\x83\x85\x20\x46\x50\x53"},
{"\xE7\xAE\x80\xE5\x8D\x95", "\xE7\xB0\xA1\xE5\x96\xAE"},
{"\xE8\xAF\xA6\xE7\xBB\x86", "\xE8\xA9\xB3\xE7\xB4\xB0"},
{"\xE8\xAF\xA6\xE7\xBB\x86\x20\x2B\x20\xE5\x9B\xBE\xE8\xA1\xA8", "\xE8\xA9\xB3\xE7\xB4\xB0\x20\x2B\x20\xE5\x9C\x96\xE8\xA1\xA8"},
{"\xE5\xAE\x8C\xE6\x95\xB4", "\xE5\xAE\x8C\xE6\x95\xB4"},
{"\xE5\xAE\x8C\xE6\x95\xB4\x20\x2B\x20\xE5\x9B\xBE\xE8\xA1\xA8", "\xE5\xAE\x8C\xE6\x95\xB4\x20\x2B\x20\xE5\x9C\x96\xE8\xA1\xA8"},
{"\x52\x65\x66\x6C\x65\x78\xEF\xBC\x88\x4E\x56\x49\x44\x49\x41\xE4\xBD\x8E\xE5\xBB\xB6\xE8\xBF\x9F\xE6\x8A\x80\xE6\x9C\xAF\xEF\xBC\x89\xE6\x97\xB6\xE9\x97\xB4", "\x52\x65\x66\x6C\x65\x78\xEF\xBC\x88\x4E\x56\x49\x44\x49\x41\xE4\xBD\x8E\xE5\xBB\xB6\xE9\x81\xB2\xE6\x8A\x80\xE8\xA1\x93\xEF\xBC\x89\xE6\x99\x82\xE9\x96\x93"},
{"\xE4\xB8\x8E\xE8\x8F\x9C\xE5\x8D\x95\xE7\x9B\xB8\xE5\x90\x8C", "\xE8\x88\x87\xE8\x8F\x9C\xE5\x96\xAE\xE7\x9B\xB8\xE5\x90\x8C"},
{"\xE7\xBC\xA9\xE6\x94\xBE", "\xE7\xB8\xAE\xE6\x94\xBE"},
{"\xE8\xB6\x85\xE5\x88\x86\xE8\xBE\xA8\xE7\x8E\x87\xE8\xBE\x93\xE5\x85\xA5", "\xE8\xB6\x85\xE5\x88\x86\xE8\xBE\xA8\xE7\x8E\x87\xE8\xBC\xB8\xE5\x85\xA5"},
{"\xE4\xBD\xBF\xE7\x94\xA8\x20\x46\x53\x52\x32\x20\xE8\xBE\x93\xE5\x85\xA5", "\xE4\xBD\xBF\xE7\x94\xA8\x20\x46\x53\x52\x32\x20\xE8\xBC\xB8\xE5\x85\xA5"},
{"\xE4\xBD\xBF\xE7\x94\xA8\x20\x46\x53\x52\x32\x20\xE6\xA8\xA1\xE5\xBC\x8F\xE5\x8C\xB9\xE9\x85\x8D", "\xE4\xBD\xBF\xE7\x94\xA8\x20\x46\x53\x52\x32\x20\xE6\xA8\xA1\xE5\xBC\x8F\xE5\x8C\xB9\xE9\x85\x8D"},
{"\xE4\xBD\xBF\xE7\x94\xA8\x20\x46\x53\x52\x33\x20\xE8\xBE\x93\xE5\x85\xA5", "\xE4\xBD\xBF\xE7\x94\xA8\x20\x46\x53\x52\x33\x20\xE8\xBC\xB8\xE5\x85\xA5"},
{"\xE4\xBD\xBF\xE7\x94\xA8\x20\x46\x53\x52\x33\x20\xE6\xA8\xA1\xE5\xBC\x8F\xE5\x8C\xB9\xE9\x85\x8D", "\xE4\xBD\xBF\xE7\x94\xA8\x20\x46\x53\x52\x33\x20\xE6\xA8\xA1\xE5\xBC\x8F\xE5\x8C\xB9\xE9\x85\x8D"},
{"\xE4\xBD\xBF\xE7\x94\xA8\x20\x46\x46\x58\x20\xE8\xBE\x93\xE5\x85\xA5", "\xE4\xBD\xBF\xE7\x94\xA8\x20\x46\x46\x58\x20\xE8\xBC\xB8\xE5\x85\xA5"},
{"\x56\x2D\x53\x79\x6E\x63\xEF\xBC\x88\xE5\x9E\x82\xE7\x9B\xB4\xE5\x90\x8C\xE6\xAD\xA5\xEF\xBC\x89\xE8\xAE\xBE\xE7\xBD\xAE", "\x56\x2D\x53\x79\x6E\x63\xEF\xBC\x88\xE5\x9E\x82\xE7\x9B\xB4\xE5\x90\x8C\xE6\xAD\xA5\xEF\xBC\x89\xE8\xA8\xAD\xE7\xBD\xAE"},
{"\x56\x2D\x53\x79\x6E\x63\xEF\xBC\x88\xE5\x9E\x82\xE7\x9B\xB4\xE5\x90\x8C\xE6\xAD\xA5\xEF\xBC\x89\xE5\xBC\x80", "\x56\x2D\x53\x79\x6E\x63\xEF\xBC\x88\xE5\x9E\x82\xE7\x9B\xB4\xE5\x90\x8C\xE6\xAD\xA5\xEF\xBC\x89\xE9\x96\x8B"},
{"\x56\x2D\x53\x79\x6E\x63\xEF\xBC\x88\xE5\x9E\x82\xE7\x9B\xB4\xE5\x90\x8C\xE6\xAD\xA5\xEF\xBC\x89\xE5\x85\xB3", "\x56\x2D\x53\x79\x6E\x63\xEF\xBC\x88\xE5\x9E\x82\xE7\x9B\xB4\xE5\x90\x8C\xE6\xAD\xA5\xEF\xBC\x89\xE9\x97\x9C"},
{"\xE5\x90\x8C\xE6\xAD\xA5\xE9\x97\xB4\xE9\x9A\x94", "\xE5\x90\x8C\xE6\xAD\xA5\xE9\x96\x93\xE9\x9A\x94"},
{"\xE9\x87\x8D\xE7\xBD\xAE", "\xE9\x87\x8D\xE7\xBD\xAE"},
{"\x4D\x69\x70\x6D\x61\x70\xEF\xBC\x88\xE7\xBA\xB9\xE7\x90\x86\xE5\xB1\x82\xE7\xBA\xA7\xEF\xBC\x89\xE5\x81\x8F\xE7\xBD\xAE", "\x4D\x69\x70\x6D\x61\x70\xEF\xBC\x88\xE7\xB4\x8B\xE7\x90\x86\xE5\xB1\xA4\xE7\xB4\x9A\xEF\xBC\x89\xE5\x81\x8F\xE7\xBD\xAE"},
{"\x4D\x42\x20\xE5\x9B\xBA\xE5\xAE\x9A\xE8\xA6\x86\xE7\x9B\x96", "\x4D\x42\x20\xE5\x9B\xBA\xE5\xAE\x9A\xE8\xA6\x86\xE8\x93\x8B"},
{"\x4D\x42\x20\xE7\xBC\xA9\xE6\x94\xBE\xE8\xA6\x86\xE7\x9B\x96", "\x4D\x42\x20\xE7\xB8\xAE\xE6\x94\xBE\xE8\xA6\x86\xE8\x93\x8B"},
{"\x4D\x42\x20\xE8\xA6\x86\xE7\x9B\x96\xE6\x89\x80\xE6\x9C\x89\xE7\xBA\xB9\xE7\x90\x86", "\x4D\x42\x20\xE8\xA6\x86\xE8\x93\x8B\xE6\x89\x80\xE6\x9C\x89\xE7\xB4\x8B\xE7\x90\x86"},
{"\xE8\xAE\xBE\xE7\xBD\xAE", "\xE8\xA8\xAD\xE7\xBD\xAE"},
{"\xE8\xAE\xA1\xE7\xAE\x97\x20\x4D\x69\x70\x6D\x61\x70\xEF\xBC\x88\xE7\xBA\xB9\xE7\x90\x86\xE5\xB1\x82\xE7\xBA\xA7\xEF\xBC\x89\xE5\x81\x8F\xE7\xBD\xAE", "\xE8\xA8\x88\xE7\xAE\x97\x20\x4D\x69\x70\x6D\x61\x70\xEF\xBC\x88\xE7\xB4\x8B\xE7\x90\x86\xE5\xB1\xA4\xE7\xB4\x9A\xEF\xBC\x89\xE5\x81\x8F\xE7\xBD\xAE"},
{"\xE5\x90\x84\xE5\x90\x91\xE5\xBC\x82\xE6\x80\xA7\xE8\xBF\x87\xE6\xBB\xA4", "\xE5\x90\x84\xE5\x90\x91\xE7\x95\xB0\xE6\x80\xA7\xE9\x81\x8E\xE6\xBF\xBE"},
{"\xE5\xBC\xBA\xE5\x88\xB6\xE5\x90\x84\xE5\x90\x91\xE5\xBC\x82\xE6\x80\xA7\xE8\xBF\x87\xE6\xBB\xA4", "\xE5\xBC\xB7\xE5\x88\xB6\xE5\x90\x84\xE5\x90\x91\xE7\x95\xB0\xE6\x80\xA7\xE9\x81\x8E\xE6\xBF\xBE"},
{"\xE4\xBF\xAE\xE6\x94\xB9\xE6\xAF\x94\xE8\xBE\x83", "\xE4\xBF\xAE\xE6\x94\xB9\xE6\xAF\x94\xE8\xBC\x83"},
{"\xE4\xBF\xAE\xE6\x94\xB9\xE6\x9C\x80\xE5\xB0\x8F\x2F\xE6\x9C\x80\xE5\xA4\xA7", "\xE4\xBF\xAE\xE6\x94\xB9\xE6\x9C\x80\xE5\xB0\x8F\x2F\xE6\x9C\x80\xE5\xA4\xA7"},
{"\xE8\xB7\xB3\xE8\xBF\x87\xE7\x82\xB9\xE8\xBF\x87\xE6\xBB\xA4", "\xE8\xB7\xB3\xE9\x81\x8E\xE9\xBB\x9E\xE9\x81\x8E\xE6\xBF\xBE"},
{"\xE5\xBF\xAB\xE6\x8D\xB7\xE9\x94\xAE", "\xE5\xBF\xAB\xE6\x8D\xB7\xE9\x8D\xB5"},
{"\xE8\x8F\x9C\xE5\x8D\x95", "\xE8\x8F\x9C\xE5\x96\xAE"},
{"\x46\x50\x53\x20\xE8\xA6\x86\xE5\xB1\x82", "\x46\x50\x53\x20\xE8\xA6\x86\xE5\xB1\xA4"},
{"\x46\x50\x53\x20\xE8\xA6\x86\xE5\xB1\x82\xE5\xBE\xAA\xE7\x8E\xAF", "\x46\x50\x53\x20\xE8\xA6\x86\xE5\xB1\xA4\xE5\xBE\xAA\xE7\x92\xB0"},
{"\xE5\xB8\xA7\xE6\x97\xB6\xE9\x97\xB4", "\xE5\xB9\x80\xE6\x99\x82\xE9\x96\x93"},
{"\xE8\x8F\x9C\xE5\x8D\x95\xE7\xBC\xA9\xE6\x94\xBE", "\xE8\x8F\x9C\xE5\x96\xAE\xE7\xB8\xAE\xE6\x94\xBE"},
{"\xE4\xBF\x9D\xE5\xAD\x98\xE8\xAE\xBE\xE7\xBD\xAE", "\xE4\xBF\x9D\xE5\xAD\x98\xE8\xA8\xAD\xE7\xBD\xAE"},
{"\xE5\x85\xB3\xE9\x97\xAD", "\xE9\x97\x9C\xE9\x96\x89"},
{"\xE6\x89\x93\xE5\xBC\x80\x20\x57\x69\x6B\x69", "\xE6\x89\x93\xE9\x96\x8B\x20\x57\x69\x6B\x69"},
{"\xE5\xB8\xB8\xE8\xA7\x84\xE9\x80\x89\xE9\xA1\xB9", "\xE5\xB8\xB8\xE8\xA6\x8F\xE9\x81\xB8\xE9\xA0\x85"},
{"\xE6\x93\x8D\xE4\xBD\x9C", "\xE6\x93\x8D\xE4\xBD\x9C"},
{"\xE6\xBF\x80\xE6\xB4\xBB\xE7\x9A\x84\xE5\x85\xBC\xE5\xAE\xB9\xE4\xBF\xAE\xE6\xAD\xA3", "\xE6\xBF\x80\xE6\xB4\xBB\xE7\x9A\x84\xE5\x85\xBC\xE5\xAE\xB9\xE4\xBF\xAE\xE6\xAD\xA3"},
{"\xE6\x89\x93\xE5\xBC\x80\x20\x4F\x70\x74\x69\x53\x63\x61\x6C\x65\x72\x20\x57\x69\x6B\x69", "\xE6\x89\x93\xE9\x96\x8B\x20\x4F\x70\x74\x69\x53\x63\x61\x6C\x65\x72\x20\x57\x69\x6B\x69"},
{"\xE4\xBF\xAE\xE5\xA4\x8D\xE8\xB5\x9B\xE5\x8D\x9A\xE6\x9C\x8B\xE5\x85\x8B\xE4\xB8\xAD\x20\x44\x4C\x53\x53\x47\x20\xE7\x9A\x84\x20\x68\x75\x64\x6C\x65\x73\x73\x20\xE7\x8A\xB6\xE6\x80\x81", "\xE4\xBF\xAE\xE5\xBE\xA9\xE8\xB3\xBD\xE5\x8D\x9A\xE6\x9C\x8B\xE5\x85\x8B\xE4\xB8\xAD\x20\x44\x4C\x53\x53\x47\x20\xE7\x9A\x84\x20\x68\x75\x64\x6C\x65\x73\x73\x20\xE7\x8B\x80\xE6\x85\x8B"},
{"\xE4\xBF\xAE\xE5\xA4\x8D\x20\x46\x53\x52\x20\x46\x47\x20\x68\x75\x64\x6C\x65\x73\x73\x20\xE4\xB8\x8D\xE5\x8C\xB9\xE9\x85\x8D", "\xE4\xBF\xAE\xE5\xBE\xA9\x20\x46\x53\x52\x20\x46\x47\x20\x68\x75\x64\x6C\x65\x73\x73\x20\xE4\xB8\x8D\xE5\x8C\xB9\xE9\x85\x8D"},
{"\xE8\xB7\xB3\xE8\xBF\x87\xE9\xA6\x96\xE4\xB8\xAA\x20\x46\x53\x52\x20\x33\x20\xE6\x96\xB9\xE6\xB3\x95", "\xE8\xB7\xB3\xE9\x81\x8E\xE9\xA6\x96\xE5\x80\x8B\x20\x46\x53\x52\x20\x33\x20\xE6\x96\xB9\xE6\xB3\x95"},
{"\xE5\xBF\xAB\xE9\x80\x9F\xE9\x87\x8D\xE6\x96\xB0\xE5\x88\x9D\xE5\xA7\x8B\xE5\x8C\x96\xE8\xB6\x85\xE5\x88\x86\xE8\xBE\xA8\xE7\x8E\x87", "\xE5\xBF\xAB\xE9\x80\x9F\xE9\x87\x8D\xE6\x96\xB0\xE5\x88\x9D\xE5\xA7\x8B\xE5\x8C\x96\xE8\xB6\x85\xE5\x88\x86\xE8\xBE\xA8\xE7\x8E\x87"},
{"\xE6\x89\x8B\xE5\x8A\xA8\xE5\x8A\xA0\xE8\xBD\xBD\x20\x64\x33\x64\x31\x32\x2E\x64\x6C\x6C", "\xE6\x89\x8B\xE5\x8B\x95\xE5\x8A\xA0\xE8\xBC\x89\x20\x64\x33\x64\x31\x32\x2E\x64\x6C\x6C"},
{"\xE5\x90\xAF\xE7\x94\xA8\x20\x4B\x65\x72\x6E\x65\x6C\x42\x61\x73\x65\x20\xE9\x92\xA9\xE5\xAD\x90", "\xE5\x95\x93\xE7\x94\xA8\x20\x4B\x65\x72\x6E\x65\x6C\x42\x61\x73\x65\x20\xE9\x89\xA4\xE5\xAD\x90"},
{"\xE4\xBF\xAE\xE5\xA4\x8D\x20\x56\x75\x6C\x6B\x61\x6E\x20\xE4\xB8\x8A\x20\x44\x4C\x53\x53\x2F\x44\x4C\x53\x53\x47\x20\xE5\xB1\x8F\xE9\x9A\x9C", "\xE4\xBF\xAE\xE5\xBE\xA9\x20\x56\x75\x6C\x6B\x61\x6E\x20\xE4\xB8\x8A\x20\x44\x4C\x53\x53\x2F\x44\x4C\x53\x53\x47\x20\xE5\xB1\x8F\xE9\x9A\x9C"},
{"\xE5\xBC\xBA\xE5\x88\xB6\xE8\xAF\x86\xE5\x88\xAB\xE5\xBC\x95\xE6\x93\x8E\xE4\xB8\xBA\xE8\x99\x9A\xE5\xB9\xBB\xE5\xBC\x95\xE6\x93\x8E", "\xE5\xBC\xB7\xE5\x88\xB6\xE8\xAD\x98\xE5\x88\xA5\xE5\xBC\x95\xE6\x93\x8E\xE7\x88\xB2\xE8\x99\x9B\xE5\xB9\xBB\xE5\xBC\x95\xE6\x93\x8E"},
{"\xE5\x9B\xA0\xE5\xB7\xB2\xE7\x9F\xA5\xE9\x97\xAE\xE9\xA2\x98\xE7\xA6\x81\xE7\x94\xA8\x20\x48\x75\x64\x66\x69\x78", "\xE5\x9B\xA0\xE5\xB7\xB2\xE7\x9F\xA5\xE5\x95\x8F\xE9\xA1\x8C\xE7\xA6\x81\xE7\x94\xA8\x20\x48\x75\x64\x66\x69\x78"},
{"\xE5\x90\xAF\xE7\x94\xA8\xE8\x87\xAA\xE5\x8A\xA8\xE6\x9B\x9D\xE5\x85\x89", "\xE5\x95\x93\xE7\x94\xA8\xE8\x87\xAA\xE5\x8B\x95\xE6\x9B\x9D\xE5\x85\x89"},
{"\xE7\xA6\x81\xE7\x94\xA8\x20\x46\x46\x58\x20\xE8\xBE\x93\xE5\x85\xA5", "\xE7\xA6\x81\xE7\x94\xA8\x20\x46\x46\x58\x20\xE8\xBC\xB8\xE5\x85\xA5"},
{"\xE7\xA6\x81\xE7\x94\xA8\x20\x46\x53\x52\x20\x33\x2E\x30\x20\xE8\xBE\x93\xE5\x85\xA5", "\xE7\xA6\x81\xE7\x94\xA8\x20\x46\x53\x52\x20\x33\x2E\x30\x20\xE8\xBC\xB8\xE5\x85\xA5"},
{"\xE7\xA6\x81\xE7\x94\xA8\x20\x46\x53\x52\x20\x32\x2E\x58\x20\xE8\xBE\x93\xE5\x85\xA5", "\xE7\xA6\x81\xE7\x94\xA8\x20\x46\x53\x52\x20\x32\x2E\x58\x20\xE8\xBC\xB8\xE5\x85\xA5"},
{"\xE5\x9C\xA8\x20\x41\x4D\x44\x2F\x49\x6E\x74\x65\x6C\x20\xE4\xB8\x8A\xE5\x90\xAF\xE7\x94\xA8\xE6\x81\xA2\xE5\xA4\x8D\xE8\xAE\xA1\xE7\xAE\x97\xE7\xAD\xBE\xE5\x90\x8D", "\xE5\x9C\xA8\x20\x41\x4D\x44\x2F\x49\x6E\x74\x65\x6C\x20\xE4\xB8\x8A\xE5\x95\x93\xE7\x94\xA8\xE6\x81\xA2\xE5\xBE\xA9\xE8\xA8\x88\xE7\xAE\x97\xE7\xB0\xBD\xE5\x90\x8D"},
{"\xE5\x9C\xA8\x20\x4E\x76\x69\x64\x69\x61\x20\xE4\xB8\x8A\xE5\x90\xAF\xE7\x94\xA8\xE6\x81\xA2\xE5\xA4\x8D\xE8\xAE\xA1\xE7\xAE\x97\xE7\xAD\xBE\xE5\x90\x8D", "\xE5\x9C\xA8\x20\x4E\x76\x69\x64\x69\x61\x20\xE4\xB8\x8A\xE5\x95\x93\xE7\x94\xA8\xE6\x81\xA2\xE5\xBE\xA9\xE8\xA8\x88\xE7\xAE\x97\xE7\xB0\xBD\xE5\x90\x8D"},
{"\xE6\x89\xA9\xE5\xB1\x95\xE7\xAD\xBE\xE5\x90\x8D\xE6\x81\xA2\xE5\xA4\x8D", "\xE6\x93\xB4\xE5\xB1\x95\xE7\xB0\xBD\xE5\x90\x8D\xE6\x81\xA2\xE5\xBE\xA9"},
{"\xE9\xBB\x98\xE8\xAE\xA4\xE7\xA6\x81\xE7\x94\xA8\x20\x44\x78\x67\x69\x20\xE6\xAC\xBA\xE9\xAA\x97", "\xE9\xBB\x98\xE8\xAA\x8D\xE7\xA6\x81\xE7\x94\xA8\x20\x44\x78\x67\x69\x20\xE6\xAC\xBA\xE9\xA8\x99"},
{"\xE7\xA6\x81\xE7\x94\xA8\xE4\xBD\xBF\xE7\x94\xA8\x20\x46\x53\x52\x20\xE8\xBE\x93\xE5\x85\xA5\xE5\x80\xBC", "\xE7\xA6\x81\xE7\x94\xA8\xE4\xBD\xBF\xE7\x94\xA8\x20\x46\x53\x52\x20\xE8\xBC\xB8\xE5\x85\xA5\xE5\x80\xBC"},
{"\xE7\xA6\x81\xE7\x94\xA8\x20\x58\x65\x53\x53\x20\xE8\x87\xAA\xE5\xAE\x9A\xE4\xB9\x89\xE7\xAE\xA1\xE7\xBA\xBF\xE5\x88\x9B\xE5\xBB\xBA", "\xE7\xA6\x81\xE7\x94\xA8\x20\x58\x65\x53\x53\x20\xE8\x87\xAA\xE5\xAE\x9A\xE7\xBE\xA9\xE7\xAE\xA1\xE7\xB7\x9A\xE5\x89\xB5\xE5\xBB\xBA"},
{"\xE4\xB8\x8D\xE4\xBD\xBF\xE7\x94\xA8\x20\x4E\x54\x53\x68\x61\x72\x65\x64", "\xE4\xB8\x8D\xE4\xBD\xBF\xE7\x94\xA8\x20\x4E\x54\x53\x68\x61\x72\x65\x64"},
{"\xE4\xB8\x8D\xE5\xAF\xB9\xE8\x99\x9A\xE5\xB9\xBB\xE5\xBC\x95\xE6\x93\x8E\xE6\xB8\xB8\xE6\x88\x8F\xE4\xBD\xBF\xE7\x94\xA8\xE8\xB5\x84\xE6\xBA\x90\xE5\xB1\x8F\xE9\x9A\x9C\xE4\xBF\xAE\xE5\xA4\x8D", "\xE4\xB8\x8D\xE5\xB0\x8D\xE8\x99\x9B\xE5\xB9\xBB\xE5\xBC\x95\xE6\x93\x8E\xE9\x81\x8A\xE6\x88\xB2\xE4\xBD\xBF\xE7\x94\xA8\xE8\xB3\x87\xE6\xBA\x90\xE5\xB1\x8F\xE9\x9A\x9C\xE4\xBF\xAE\xE5\xBE\xA9"},
{"\xE8\xB7\xB3\xE8\xBF\x87\xE5\x89\x8D\x20\x31\x30\x20\xE5\xB8\xA7\xE7\x9A\x84\xE8\xB6\x85\xE5\x88\x86\xE8\xBE\xA8\xE7\x8E\x87", "\xE8\xB7\xB3\xE9\x81\x8E\xE5\x89\x8D\x20\x31\x30\x20\xE5\xB9\x80\xE7\x9A\x84\xE8\xB6\x85\xE5\x88\x86\xE8\xBE\xA8\xE7\x8E\x87"},
{"\xE8\xB7\xB3\xE8\xBF\x87\xE5\xB0\x86\xE9\xA6\x96\xE4\xB8\xAA\xE4\xBA\xA4\xE6\x8D\xA2\xE9\x93\xBE\xE8\xBD\xAC\xE4\xB8\xBA\x20\x46\x53\x52\x20\xE4\xBA\xA4\xE6\x8D\xA2\xE9\x93\xBE", "\xE8\xB7\xB3\xE9\x81\x8E\xE5\xB0\x87\xE9\xA6\x96\xE5\x80\x8B\xE4\xBA\xA4\xE6\x8F\x9B\xE9\x8F\x88\xE8\xBD\x89\xE7\x88\xB2\x20\x46\x53\x52\x20\xE4\xBA\xA4\xE6\x8F\x9B\xE9\x8F\x88"},
{"\xE4\xBF\xAE\xE6\xAD\xA3\xE6\xA8\xA1\xE6\x8B\x9F\xE5\xBC\x80\xE5\xA7\x8B\xE6\xA0\x87\xE8\xAE\xB0\xE7\x9A\x84\xE5\xB8\xA7\x20\x49\x44", "\xE4\xBF\xAE\xE6\xAD\xA3\xE6\xA8\xA1\xE6\x93\xAC\xE9\x96\x8B\xE5\xA7\x8B\xE6\xA8\x99\xE8\xA8\x98\xE7\x9A\x84\xE5\xB9\x80\x20\x49\x44"},
{"\xE4\xB8\x8D\xE4\xBD\xBF\xE7\x94\xA8\x20\x56\x2D\x53\x79\x6E\x63\x20\xE8\xA6\x86\xE7\x9B\x96", "\xE4\xB8\x8D\xE4\xBD\xBF\xE7\x94\xA8\x20\x56\x2D\x53\x79\x6E\x63\x20\xE8\xA6\x86\xE8\x93\x8B"},
{"\xE4\xBF\xAE\xE5\xA4\x8D\xE6\x9D\x80\xE6\x89\x8B\x20\x52\x65\x66\x6C\x65\x78\x20\xE9\x97\xAE\xE9\xA2\x98\xE7\x9A\x84\xE5\x8F\x98\xE9\x80\x9A\xE6\x96\xB9\xE6\xA1\x88", "\xE4\xBF\xAE\xE5\xBE\xA9\xE6\xAE\xBA\xE6\x89\x8B\x20\x52\x65\x66\x6C\x65\x78\x20\xE5\x95\x8F\xE9\xA1\x8C\xE7\x9A\x84\xE8\xAE\x8A\xE9\x80\x9A\xE6\x96\xB9\xE6\xA1\x88"},
{"\xE8\xB7\xB3\xE8\xBF\x87\x20\x44\x33\x44\x31\x31\x20\xE7\x89\xB9\xE6\x80\xA7\xE7\xBA\xA7\xE5\x88\xAB\xE6\x8F\x90\xE5\x8D\x87\xEF\xBC\x8C\xE5\x8E\x9F\xE7\x94\x9F\x20\x46\x53\x52\x20\x33\x2E\x31\x20\xE5\xB0\x86\xE8\xA2\xAB\xE7\xA6\x81\xE7\x94\xA8\xEF\xBC\x81", "\xE8\xB7\xB3\xE9\x81\x8E\x20\x44\x33\x44\x31\x31\x20\xE7\x89\xB9\xE6\x80\xA7\xE7\xB4\x9A\xE5\x88\xA5\xE6\x8F\x90\xE5\x8D\x87\xEF\xBC\x8C\xE5\x8E\x9F\xE7\x94\x9F\x20\x46\x53\x52\x20\x33\x2E\x31\x20\xE5\xB0\x87\xE8\xA2\xAB\xE7\xA6\x81\xE7\x94\xA8\xEF\xBC\x81"},
{"\xE4\xBD\xBF\xE7\x94\xA8\x20\x4B\x65\x72\x6E\x65\x6C\x20\xE9\x92\xA9\xE5\xAD\x90\xE6\x9B\xBF\xE4\xBB\xA3\x20\x4E\x54\x64\x6C\x6C\x20\xE9\x92\xA9\xE5\xAD\x90", "\xE4\xBD\xBF\xE7\x94\xA8\x20\x4B\x65\x72\x6E\x65\x6C\x20\xE9\x89\xA4\xE5\xAD\x90\xE6\x9B\xBF\xE4\xBB\xA3\x20\x4E\x54\x64\x6C\x6C\x20\xE9\x89\xA4\xE5\xAD\x90"},
{"\xE5\xA7\x8B\xE7\xBB\x88\xE6\x8D\x95\xE8\x8E\xB7\x20\x46\x53\x52\x2D\x46\x47\x20\xE4\xBA\xA4\xE6\x8D\xA2\xE9\x93\xBE", "\xE5\xA7\x8B\xE7\xB5\x82\xE6\x8D\x95\xE7\x8D\xB2\x20\x46\x53\x52\x2D\x46\x47\x20\xE4\xBA\xA4\xE6\x8F\x9B\xE9\x8F\x88"},
{"\xE5\x85\x81\xE8\xAE\xB8\xE6\x8F\x90\xE5\x89\x8D\xE5\xB8\xA7\xE6\x95\xB0\xEF\xBC\x9A\x20\x32", "\xE5\x85\x81\xE8\xA8\xB1\xE6\x8F\x90\xE5\x89\x8D\xE5\xB9\x80\xE6\x95\xB8\xEF\xBC\x9A\x20\x32"},
{"\xE8\xB7\xB3\xE8\xBF\x87\x20\x58\x65\x46\x47\x20\xE9\xA2\x84\xE5\x88\x9D\xE5\xA7\x8B\xE5\x8C\x96\xE6\xA3\x80\xE6\x9F\xA5", "\xE8\xB7\xB3\xE9\x81\x8E\x20\x58\x65\x46\x47\x20\xE9\xA0\x90\xE5\x88\x9D\xE5\xA7\x8B\xE5\x8C\x96\xE6\xAA\xA2\xE6\x9F\xA5"},
{"\xE5\x8A\xA0\xE8\xBD\xBD\x20\x52\x65\x73\x68\x61\x64\x65\x20\xE5\x89\x8D\xE4\xB8\xBA\x20\x4C\x75\x6D\x61\x20\xE5\x88\x9B\xE5\xBB\xBA\x20\x44\x33\x44\x31\x32\x20\xE8\xAE\xBE\xE5\xA4\x87", "\xE5\x8A\xA0\xE8\xBC\x89\x20\x52\x65\x73\x68\x61\x64\x65\x20\xE5\x89\x8D\xE7\x88\xB2\x20\x4C\x75\x6D\x61\x20\xE5\x89\xB5\xE5\xBB\xBA\x20\x44\x33\x44\x31\x32\x20\xE8\xA8\xAD\xE5\x82\x99"},
{"\xE6\x89\x8B\xE5\x8A\xA8\xE5\x8A\xA0\xE8\xBD\xBD\x20\x76\x75\x6C\x6B\x61\x6E\x2D\x31\x2E\x64\x6C\x6C", "\xE6\x89\x8B\xE5\x8B\x95\xE5\x8A\xA0\xE8\xBC\x89\x20\x76\x75\x6C\x6B\x61\x6E\x2D\x31\x2E\x64\x6C\x6C"},
{"\xE4\xBD\xBF\xE7\x94\xA8\x20\x46\x53\x52\x32\x20\x44\x58\x31\x31\x20\xE8\xBE\x93\xE5\x85\xA5", "\xE4\xBD\xBF\xE7\x94\xA8\x20\x46\x53\x52\x32\x20\x44\x58\x31\x31\x20\xE8\xBC\xB8\xE5\x85\xA5"},
{"\xE4\xBD\xBF\xE7\x94\xA8\x20\x46\x53\x52\x32\x20\x56\x75\x6C\x6B\x61\x6E\x20\xE8\xBE\x93\xE5\x85\xA5", "\xE4\xBD\xBF\xE7\x94\xA8\x20\x46\x53\x52\x32\x20\x56\x75\x6C\x6B\x61\x6E\x20\xE8\xBC\xB8\xE5\x85\xA5"},
{"\xE4\xBD\xBF\xE7\x94\xA8\x20\x58\x65\x46\x47\x20\xE6\x97\xB6\xE5\xBC\xBA\xE5\x88\xB6\xE6\x97\xA0\xE8\xBE\xB9\xE6\xA1\x86", "\xE4\xBD\xBF\xE7\x94\xA8\x20\x58\x65\x46\x47\x20\xE6\x99\x82\xE5\xBC\xB7\xE5\x88\xB6\xE7\x84\xA1\xE9\x82\x8A\xE6\xA1\x86"},
{"\xE4\xBD\xBF\xE7\x94\xA8\x20\x58\x65\x46\x47\x20\xE6\x97\xB6\xE8\xA6\x86\xE7\x9B\x96\x20\x56\x73\x79\x6E\x63", "\xE4\xBD\xBF\xE7\x94\xA8\x20\x58\x65\x46\x47\x20\xE6\x99\x82\xE8\xA6\x86\xE8\x93\x8B\x20\x56\x73\x79\x6E\x63"},
{"\xE4\xB8\xBA\x20\x44\x78\x31\x32\x20\xE5\xBC\xBA\xE5\x88\xB6\xE5\x88\x9B\xE5\xBB\xBA\x20\x44\x33\x44\x31\x32\x20\xE8\xAE\xBE\xE5\xA4\x87", "\xE7\x88\xB2\x20\x44\x78\x31\x32\x20\xE5\xBC\xB7\xE5\x88\xB6\xE5\x89\xB5\xE5\xBB\xBA\x20\x44\x33\x44\x31\x32\x20\xE8\xA8\xAD\xE5\x82\x99"},
{"\xE7\xA6\x81\xE7\x94\xA8\x20\x52\x65\x73\x69\x7A\x65\x20\x53\x6B\x69\x70", "\xE7\xA6\x81\xE7\x94\xA8\x20\x52\x65\x73\x69\x7A\x65\x20\x53\x6B\x69\x70"},
{"\xE6\xAC\xBA\xE9\xAA\x97\xE6\xB3\xA8\xE5\x86\x8C\xE8\xA1\xA8", "\xE6\xAC\xBA\xE9\xA8\x99\xE8\xA8\xBB\xE5\x86\x8A\xE8\xA1\xA8"},
{"\xE7\xA6\x81\xE7\x94\xA8\x20\x66\x61\x6B\x65\x6E\x76\x61\x70\x69", "\xE7\xA6\x81\xE7\x94\xA8\x20\x66\x61\x6B\x65\x6E\x76\x61\x70\x69"},
{"\xE5\xBC\xBA\xE5\x88\xB6\xE6\xB7\xB1\xE5\xBA\xA6\xE6\xA0\xBC\xE5\xBC\x8F\xE4\xB8\xBA\x20\x44\x33\x32\x53\x38", "\xE5\xBC\xB7\xE5\x88\xB6\xE6\xB7\xB1\xE5\xBA\xA6\xE6\xA0\xBC\xE5\xBC\x8F\xE7\x88\xB2\x20\x44\x33\x32\x53\x38"},
{"\xE4\xB8\x8D\xE4\xBF\x9D\xE7\x95\x99\x20\x46\x47\x20\xE4\xBA\xA4\xE6\x8D\xA2\xE9\x93\xBE", "\xE4\xB8\x8D\xE4\xBF\x9D\xE7\x95\x99\x20\x46\x47\x20\xE4\xBA\xA4\xE6\x8F\x9B\xE9\x8F\x88"},
{"\xE4\xBD\xBF\xE7\x94\xA8\xE6\x97\xA7\xE8\xA6\x86\xE7\x9B\x96\xE5\xB1\x82\xEF\xBC\x88\xE7\xBB\x98\xE5\x88\xB6\xE5\x9C\xA8\xE6\x94\xBE\xE5\xA4\xA7\xE5\x90\x8E\xE7\x9A\x84\xE5\x9B\xBE\xE5\x83\x8F\xE4\xB8\x8A\xEF\xBC\x89", "\xE4\xBD\xBF\xE7\x94\xA8\xE8\x88\x8A\xE8\xA6\x86\xE8\x93\x8B\xE5\xB1\xA4\xEF\xBC\x88\xE7\xB9\xAA\xE8\xA3\xBD\xE5\x9C\xA8\xE6\x94\xBE\xE5\xA4\xA7\xE5\xBE\x8C\xE7\x9A\x84\xE5\x9C\x96\xE5\x83\x8F\xE4\xB8\x8A\xEF\xBC\x89"},
{"\xE4\xBF\xAE\xE5\xA4\x8D\x20\x50\x72\x61\x67\x6D\x61\x74\x61\x20\xE4\xB8\xAD\x20\x44\x4C\x53\x53\x20\xE8\xB4\xA8\xE9\x87\x8F\xE9\x80\x89\xE6\x8B\xA9", "\xE4\xBF\xAE\xE5\xBE\xA9\x20\x50\x72\x61\x67\x6D\x61\x74\x61\x20\xE4\xB8\xAD\x20\x44\x4C\x53\x53\x20\xE8\xB3\xAA\xE9\x87\x8F\xE9\x81\xB8\xE6\x93\x87"},
{"\xE5\xBF\xBD\xE7\x95\xA5\x20\x46\x47\x20\xE7\x9A\x84\x20\x56\x61\x6C\x69\x64\x55\x6E\x74\x69\x6C\x45\x76\x61\x6C\x75\x61\x74\x65\x20\xE8\xB5\x84\xE6\xBA\x90", "\xE5\xBF\xBD\xE7\x95\xA5\x20\x46\x47\x20\xE7\x9A\x84\x20\x56\x61\x6C\x69\x64\x55\x6E\x74\x69\x6C\x45\x76\x61\x6C\x75\x61\x74\x65\x20\xE8\xB3\x87\xE6\xBA\x90"},
{"\xE6\x98\xBE\xE7\xA4\xBA\xE5\xAE\xBD\xE5\xBA\xA6", "\xE9\xA1\xAF\xE7\xA4\xBA\xE5\xAF\xAC\xE5\xBA\xA6"},
{"\xE8\xB6\x85\xE5\x88\x86\xE8\xBE\xA8\xE7\x8E\x87\xE8\xB4\xA8\xE9\x87\x8F", "\xE8\xB6\x85\xE5\x88\x86\xE8\xBE\xA8\xE7\x8E\x87\xE8\xB3\xAA\xE9\x87\x8F"},
{"\xE8\xB6\x85\xE5\x88\x86\xE8\xBE\xA8\xE7\x8E\x87\xE6\xAF\x94\xE7\x8E\x87", "\xE8\xB6\x85\xE5\x88\x86\xE8\xBE\xA8\xE7\x8E\x87\xE6\xAF\x94\xE7\x8E\x87"},
{"\xE6\xB8\xB2\xE6\x9F\x93\xE5\xAE\xBD\xE5\xBA\xA6", "\xE6\xB8\xB2\xE6\x9F\x93\xE5\xAF\xAC\xE5\xBA\xA6"},
{"\xE4\xBD\xBF\xE7\x94\xA8\xE6\xAD\xA4\xE5\x80\xBC", "\xE4\xBD\xBF\xE7\x94\xA8\xE6\xAD\xA4\xE5\x80\xBC"},
{"\x48\x75\x64\x6C\x65\x73\x73\xEF\xBC\x88\xE6\x97\xA0\x48\x55\x44\xEF\xBC\x89\xE8\xB5\x84\xE6\xBA\x90", "\x48\x75\x64\x6C\x65\x73\x73\xEF\xBC\x88\xE7\x84\xA1\x48\x55\x44\xEF\xBC\x89\xE8\xB3\x87\xE6\xBA\x90"},
{"\x66\x61\x6B\x65\x6E\x76\x61\x70\x69\xEF\xBC\x88\xE6\xA8\xA1\xE6\x8B\x9F\x4E\x56\x49\x44\x49\x41\x20\x41\x50\x49\xEF\xBC\x89", "\x66\x61\x6B\x65\x6E\x76\x61\x70\x69\xEF\xBC\x88\xE6\xA8\xA1\xE6\x93\xAC\x4E\x56\x49\x44\x49\x41\x20\x41\x50\x49\xEF\xBC\x89"},
{"\xE5\x90\xAF\xE7\x94\xA8\xE5\x86\x99\xE5\x85\xA5\xE6\x97\xA5\xE5\xBF\x97\xE6\x96\x87\xE4\xBB\xB6", "\xE5\x95\x93\xE7\x94\xA8\xE5\xAF\xAB\xE5\x85\xA5\xE6\x97\xA5\xE8\xAA\x8C\xE6\x96\x87\xE4\xBB\xB6"},
{"\xE5\x90\xAF\xE7\x94\xA8\xE8\xB7\x9F\xE8\xB8\xAA\xE6\x97\xA5\xE5\xBF\x97", "\xE5\x95\x93\xE7\x94\xA8\xE8\xB7\x9F\xE8\xB9\xA4\xE6\x97\xA5\xE8\xAA\x8C"},
{"\xE5\xBC\xBA\xE5\x88\xB6\x20\x4C\x61\x74\x65\x6E\x63\x79\x46\x6C\x65\x78\xEF\xBC\x88\xE5\xBB\xB6\xE8\xBF\x9F\xE5\xBC\xB9\xE6\x80\xA7\xEF\xBC\x89", "\xE5\xBC\xB7\xE5\x88\xB6\x20\x4C\x61\x74\x65\x6E\x63\x79\x46\x6C\x65\x78\xEF\xBC\x88\xE5\xBB\xB6\xE9\x81\xB2\xE5\xBD\x88\xE6\x80\xA7\xEF\xBC\x89"},
{"\x4C\x61\x74\x65\x6E\x63\x79\x46\x6C\x65\x78\xEF\xBC\x88\xE5\xBB\xB6\xE8\xBF\x9F\xE5\xBC\xB9\xE6\x80\xA7\xEF\xBC\x89\xE6\xA8\xA1\xE5\xBC\x8F", "\x4C\x61\x74\x65\x6E\x63\x79\x46\x6C\x65\x78\xEF\xBC\x88\xE5\xBB\xB6\xE9\x81\xB2\xE5\xBD\x88\xE6\x80\xA7\xEF\xBC\x89\xE6\xA8\xA1\xE5\xBC\x8F"},
{"\xE5\xBC\xBA\xE5\x88\xB6\x20\x52\x65\x66\x6C\x65\x78\xEF\xBC\x88\x4E\x56\x49\x44\x49\x41\xE4\xBD\x8E\xE5\xBB\xB6\xE8\xBF\x9F\xE6\x8A\x80\xE6\x9C\xAF\xEF\xBC\x89", "\xE5\xBC\xB7\xE5\x88\xB6\x20\x52\x65\x66\x6C\x65\x78\xEF\xBC\x88\x4E\x56\x49\x44\x49\x41\xE4\xBD\x8E\xE5\xBB\xB6\xE9\x81\xB2\xE6\x8A\x80\xE8\xA1\x93\xEF\xBC\x89"},
{"\xE8\xB7\x9F\xE9\x9A\x8F\xE6\xB8\xB8\xE6\x88\x8F", "\xE8\xB7\x9F\xE9\x9A\xA8\xE9\x81\x8A\xE6\x88\xB2"},
{"\xE5\xBC\xBA\xE5\x88\xB6\xE7\xA6\x81\xE7\x94\xA8", "\xE5\xBC\xB7\xE5\x88\xB6\xE7\xA6\x81\xE7\x94\xA8"},
{"\xE5\xBC\xBA\xE5\x88\xB6\xE5\x90\xAF\xE7\x94\xA8", "\xE5\xBC\xB7\xE5\x88\xB6\xE5\x95\x93\xE7\x94\xA8"},
{"\xE5\xBA\x94\xE7\x94\xA8", "\xE6\x87\x89\xE7\x94\xA8"},
{"\x46\x53\x52\x20\x33\xEF\xBC\x88\x41\x4D\x44\xE8\xB6\x85\xE5\x88\x86\xE8\xBE\xA8\xE7\x8E\x87\xEF\xBC\x89\xE8\xB6\x85\xE5\x88\x86\xE8\xBE\xA8\xE7\x8E\x87\xE5\xBE\xAE\xE8\xB0\x83", "\x46\x53\x52\x20\x33\xEF\xBC\x88\x41\x4D\x44\xE8\xB6\x85\xE5\x88\x86\xE8\xBE\xA8\xE7\x8E\x87\xEF\xBC\x89\xE8\xB6\x85\xE5\x88\x86\xE8\xBE\xA8\xE7\x8E\x87\xE5\xBE\xAE\xE8\xAA\xBF"},
{"\xE5\xB8\xA7\xE7\x94\x9F\xE6\x88\x90\x20\x28\x46\x53\x52\x33\x2D\x46\x47\x20\x76\x69\x61\x20\x4E\x75\x6B\x65\x6D\x27\x73\x20\x44\x4C\x53\x53\x47\x29", "\xE5\xB9\x80\xE7\x94\x9F\xE6\x88\x90\x20\x28\x46\x53\x52\x33\x2D\x46\x47\x20\x76\x69\x61\x20\x4E\x75\x6B\x65\x6D\x27\x73\x20\x44\x4C\x53\x53\x47\x29"},
{"\xE4\xBF\xAE\xE5\xA4\x8D\xE7\xA0\xB4\xE6\x8D\x9F\xE7\x94\xBB\xE9\x9D\xA2", "\xE4\xBF\xAE\xE5\xBE\xA9\xE7\xA0\xB4\xE6\x90\x8D\xE7\x95\xAB\xE9\x9D\xA2"},
{"\xE5\x90\xAF\xE7\x94\xA8\xE8\xB0\x83\xE8\xAF\x95\xE8\xA7\x86\xE5\x9B\xBE", "\xE5\x95\x93\xE7\x94\xA8\xE8\xAA\xBF\xE8\xA9\xA6\xE8\xA6\x96\xE5\x9C\x96"},
{"\xE4\xBB\x85\xE6\x8F\x92\xE5\x80\xBC\xE5\xB8\xA7", "\xE5\x83\x85\xE6\x8F\x92\xE5\x80\xBC\xE5\xB9\x80"},
{"\xE5\xB8\xA7\xE7\x94\x9F\xE6\x88\x90\x20\x28\x46\x53\x52\x2D\x46\x47\xEF\xBC\x88\x41\x4D\x44\xE5\xB8\xA7\xE7\x94\x9F\xE6\x88\x90\xEF\xBC\x89\xE8\xBE\x93\xE5\x85\xA5\x29", "\xE5\xB9\x80\xE7\x94\x9F\xE6\x88\x90\x20\x28\x46\x53\x52\x2D\x46\x47\xEF\xBC\x88\x41\x4D\x44\xE5\xB9\x80\xE7\x94\x9F\xE6\x88\x90\xEF\xBC\x89\xE8\xBC\xB8\xE5\x85\xA5\x29"},
{"\xE5\xB8\xA7\xE7\x94\x9F\xE6\x88\x90\x20\x28\x53\x74\x72\x65\x61\x6D\x6C\x69\x6E\x65\x20\x46\x47\xEF\xBC\x88\xE6\xB5\x81\xE5\xBC\x8F\xE5\xB8\xA7\xE7\x94\x9F\xE6\x88\x90\xEF\xBC\x89\xE8\xBE\x93\xE5\x85\xA5\x29", "\xE5\xB9\x80\xE7\x94\x9F\xE6\x88\x90\x20\x28\x53\x74\x72\x65\x61\x6D\x6C\x69\x6E\x65\x20\x46\x47\xEF\xBC\x88\xE6\xB5\x81\xE5\xBC\x8F\xE5\xB9\x80\xE7\x94\x9F\xE6\x88\x90\xEF\xBC\x89\xE8\xBC\xB8\xE5\x85\xA5\x29"},
{"\x44\x78\x31\x31\x20\xE4\xB8\x8E\x20\x44\x78\x31\x32\x20\xE8\xAE\xBE\xE7\xBD\xAE", "\x44\x78\x31\x31\x20\xE8\x88\x87\x20\x44\x78\x31\x32\x20\xE8\xA8\xAD\xE7\xBD\xAE"},
{"\x56\x75\x6C\x6B\x61\x6E\x20\xE4\xB8\x8E\x20\x44\x78\x31\x32\x20\xE8\xAE\xBE\xE7\xBD\xAE", "\x56\x75\x6C\x6B\x61\x6E\x20\xE8\x88\x87\x20\x44\x78\x31\x32\x20\xE8\xA8\xAD\xE7\xBD\xAE"},
{"\xE8\xAF\xAD\xE8\xA8\x80", "\xE8\xAA\x9E\xE8\xA8\x80"},
{"\xE8\x93\x9D\xE8\x89\xB2", "\xE8\x97\x8D\xE8\x89\xB2"},
{"\xE9\x9D\x92\xE8\x93\x9D\xE8\x89\xB2", "\xE9\x9D\x92\xE8\x97\x8D\xE8\x89\xB2"},
{"\xE7\x81\xB0\xE8\x89\xB2", "\xE7\x81\xB0\xE8\x89\xB2"},
{"\xE9\xBB\x84\xE8\x89\xB2", "\xE9\xBB\x83\xE8\x89\xB2"},
{"\xE7\xBB\xBF\xE8\x89\xB2", "\xE7\xB6\xA0\xE8\x89\xB2"},
{"\xE7\xBA\xA2\xE8\x89\xB2", "\xE7\xB4\x85\xE8\x89\xB2"},
{"\xE6\xA9\x99\xE8\x89\xB2", "\xE6\xA9\x99\xE8\x89\xB2"},
{"\xE7\xB4\xAB\xE8\x89\xB2", "\xE7\xB4\xAB\xE8\x89\xB2"},
{"\xE8\xB7\xB3\xE8\xBF\x87\x20\x48\x75\x64\x6C\x65\x73\x73\x20\xE9\x85\x8D\xE7\xBD\xAE", "\xE8\xB7\xB3\xE9\x81\x8E\x20\x48\x75\x64\x6C\x65\x73\x73\x20\xE9\x85\x8D\xE7\xBD\xAE"},
{"\xE8\xB7\xB3\xE8\xBF\x87\x20\x48\x75\x64\x6C\x65\x73\x73\x20\xE5\x88\x86\xE5\x8F\x91", "\xE8\xB7\xB3\xE9\x81\x8E\x20\x48\x75\x64\x6C\x65\x73\x73\x20\xE5\x88\x86\xE7\x99\xBC"},
{"\x52\x65\x66\x6C\x65\x78\xEF\xBC\x88\x4E\x56\x49\x44\x49\x41\xE4\xBD\x8E\xE5\xBB\xB6\xE8\xBF\x9F\xE6\x8A\x80\xE6\x9C\xAF\xEF\xBC\x89\xE6\x9C\xAA\x20\x48\x6F\x6F\x6B", "\x52\x65\x66\x6C\x65\x78\xEF\xBC\x88\x4E\x56\x49\x44\x49\x41\xE4\xBD\x8E\xE5\xBB\xB6\xE9\x81\xB2\xE6\x8A\x80\xE8\xA1\x93\xEF\xBC\x89\xE6\x9C\xAA\x20\x48\x6F\x6F\x6B"},
{"\xE5\xA6\x82\xE6\x9E\x9C\xE4\xBD\xBF\xE7\x94\xA8\x20\x41\x4D\x44\x2F\x49\x6E\x74\x65\x6C\x20\x47\x50\x55\xEF\xBC\x8C\xE8\xAF\xB7\xE7\xA1\xAE\xE4\xBF\x9D\xE5\xAE\x89\xE8\xA3\x85\x20\x66\x61\x6B\x65\x6E\x76\x61\x70\x69", "\xE5\xA6\x82\xE6\x9E\x9C\xE4\xBD\xBF\xE7\x94\xA8\x20\x41\x4D\x44\x2F\x49\x6E\x74\x65\x6C\x20\x47\x50\x55\xEF\xBC\x8C\xE8\xAB\x8B\xE7\xA2\xBA\xE4\xBF\x9D\xE5\xAE\x89\xE8\xA3\x9D\x20\x66\x61\x6B\x65\x6E\x76\x61\x70\x69"},
{"\xE5\xBD\x93\xE5\x89\x8D\x20\x44\x4C\x53\x53\x47\xEF\xBC\x88\x44\x4C\x53\x53\xE5\xB8\xA7\xE7\x94\x9F\xE6\x88\x90\xEF\xBC\x89\xE7\x8A\xB6\xE6\x80\x81\x3A", "\xE7\x95\xB6\xE5\x89\x8D\x20\x44\x4C\x53\x53\x47\xEF\xBC\x88\x44\x4C\x53\x53\xE5\xB9\x80\xE7\x94\x9F\xE6\x88\x90\xEF\xBC\x89\xE7\x8B\x80\xE6\x85\x8B\x3A"},
{"\xE5\xBD\x93\xE5\x89\x8D\x20\x53\x74\x72\x65\x61\x6D\x6C\x69\x6E\x65\x20\x46\x47\xEF\xBC\x88\xE6\xB5\x81\xE5\xBC\x8F\xE5\xB8\xA7\xE7\x94\x9F\xE6\x88\x90\xEF\xBC\x89\xE7\x8A\xB6\xE6\x80\x81\x3A", "\xE7\x95\xB6\xE5\x89\x8D\x20\x53\x74\x72\x65\x61\x6D\x6C\x69\x6E\x65\x20\x46\x47\xEF\xBC\x88\xE6\xB5\x81\xE5\xBC\x8F\xE5\xB9\x80\xE7\x94\x9F\xE6\x88\x90\xEF\xBC\x89\xE7\x8B\x80\xE6\x85\x8B\x3A"},
{"\xE8\xAF\xB7\xE5\x9C\xA8\xE6\xB8\xB8\xE6\x88\x8F\xE9\x80\x89\xE9\xA1\xB9\xE4\xB8\xAD\xE9\x80\x89\xE6\x8B\xA9\x20\x44\x4C\x53\x53\x20\xE5\xB8\xA7\xE7\x94\x9F\xE6\x88\x90\x0A\xE5\x8F\xAF\xE8\x83\xBD\xE9\x9C\x80\xE8\xA6\x81\xE5\x85\x88\xE9\x80\x89\xE6\x8B\xA9\x20\x44\x4C\x53\x53", "\xE8\xAB\x8B\xE5\x9C\xA8\xE9\x81\x8A\xE6\x88\xB2\xE9\x81\xB8\xE9\xA0\x85\xE4\xB8\xAD\xE9\x81\xB8\xE6\x93\x87\x20\x44\x4C\x53\x53\x20\xE5\xB9\x80\xE7\x94\x9F\xE6\x88\x90\x0A\xE5\x8F\xAF\xE8\x83\xBD\xE9\x9C\x80\xE8\xA6\x81\xE5\x85\x88\xE9\x81\xB8\xE6\x93\x87\x20\x44\x4C\x53\x53"},
{"\xE8\xAF\xB7\xE5\x9C\xA8\xE6\xB8\xB8\xE6\x88\x8F\xE9\x80\x89\xE9\xA1\xB9\xE4\xB8\xAD\xE9\x80\x89\xE6\x8B\xA9\x20\x46\x53\x52\x20\xE5\xB8\xA7\xE7\x94\x9F\xE6\x88\x90\x0A\xE5\x8F\xAF\xE8\x83\xBD\xE9\x9C\x80\xE8\xA6\x81\xE5\x85\x88\xE9\x80\x89\xE6\x8B\xA9\x20\x46\x53\x52", "\xE8\xAB\x8B\xE5\x9C\xA8\xE9\x81\x8A\xE6\x88\xB2\xE9\x81\xB8\xE9\xA0\x85\xE4\xB8\xAD\xE9\x81\xB8\xE6\x93\x87\x20\x46\x53\x52\x20\xE5\xB9\x80\xE7\x94\x9F\xE6\x88\x90\x0A\xE5\x8F\xAF\xE8\x83\xBD\xE9\x9C\x80\xE8\xA6\x81\xE5\x85\x88\xE9\x81\xB8\xE6\x93\x87\x20\x46\x53\x52"},
{"\xE5\xB0\x86\xE5\x9C\xA8\xE5\x88\x86\xE8\xBE\xA8\xE7\x8E\x87\x2F\xE9\xA2\x84\xE8\xAE\xBE\xE5\x8F\x98\xE6\x9B\xB4\xE5\x90\x8E\xE7\x94\x9F\xE6\x95\x88\x21\x21\x21", "\xE5\xB0\x87\xE5\x9C\xA8\xE5\x88\x86\xE8\xBE\xA8\xE7\x8E\x87\x2F\xE9\xA0\x90\xE8\xA8\xAD\xE8\xAE\x8A\xE6\x9B\xB4\xE5\xBE\x8C\xE7\x94\x9F\xE6\x95\x88\x21\x21\x21"},
{"\xE5\x8F\xAF\xE8\x83\xBD\xE5\x9C\xA8\xE5\x88\x86\xE8\xBE\xA8\xE7\x8E\x87\x2F\xE9\xA2\x84\xE8\xAE\xBE\xE5\x8F\x98\xE6\x9B\xB4\xE5\x90\x8E\xE7\x94\x9F\xE6\x95\x88\x21\x21\x21", "\xE5\x8F\xAF\xE8\x83\xBD\xE5\x9C\xA8\xE5\x88\x86\xE8\xBE\xA8\xE7\x8E\x87\x2F\xE9\xA0\x90\xE8\xA8\xAD\xE8\xAE\x8A\xE6\x9B\xB4\xE5\xBE\x8C\xE7\x94\x9F\xE6\x95\x88\x21\x21\x21"},
{"\xE5\xBD\x93\xE5\x89\x8D\xE4\xB8\x8D\xE6\x94\xAF\xE6\x8C\x81\xE7\xBB\x84\xE5\x90\x88\xE9\x94\xAE\x21", "\xE7\x95\xB6\xE5\x89\x8D\xE4\xB8\x8D\xE6\x94\xAF\xE6\x8C\x81\xE7\xB5\x84\xE5\x90\x88\xE9\x8D\xB5\x21"},
{"\x45\x73\x63\x20\xE5\x8F\x96\xE6\xB6\x88\xEF\xBC\x8C\x42\x61\x63\x6B\x73\x70\x61\x63\x65\x20\xE8\xA7\xA3\xE9\x99\xA4\xE7\xBB\x91\xE5\xAE\x9A", "\x45\x73\x63\x20\xE5\x8F\x96\xE6\xB6\x88\xEF\xBC\x8C\x42\x61\x63\x6B\x73\x70\x61\x63\x65\x20\xE8\xA7\xA3\xE9\x99\xA4\xE7\xB6\x81\xE5\xAE\x9A"},
{"\x44\x52\x53\x20\x28\xE5\x8A\xA8\xE6\x80\x81\xE5\x88\x86\xE8\xBE\xA8\xE7\x8E\x87\xE7\xBC\xA9\xE6\x94\xBE\x29", "\x44\x52\x53\x20\x28\xE5\x8B\x95\xE6\x85\x8B\xE5\x88\x86\xE8\xBE\xA8\xE7\x8E\x87\xE7\xB8\xAE\xE6\x94\xBE\x29"},
{"\xE6\x81\xA2\xE5\xA4\x8D\xE8\xAE\xA1\xE7\xAE\x97\xE6\xA0\xB9\xE7\xAD\xBE\xE5\x90\x8D", "\xE6\x81\xA2\xE5\xBE\xA9\xE8\xA8\x88\xE7\xAE\x97\xE6\xA0\xB9\xE7\xB0\xBD\xE5\x90\x8D"},
{"\xE6\x81\xA2\xE5\xA4\x8D\xE5\x9B\xBE\xE5\xBD\xA2\xE6\xA0\xB9\xE7\xAD\xBE\xE5\x90\x8D", "\xE6\x81\xA2\xE5\xBE\xA9\xE5\x9C\x96\xE5\xBD\xA2\xE6\xA0\xB9\xE7\xB0\xBD\xE5\x90\x8D"},
{"\xE8\xBE\x93\xE5\x87\xBA\xE7\xBC\xA9\xE6\x94\xBE\x20\x25\x73\x2C\x20\xE7\x9B\xAE\xE6\xA0\x87\xE5\x88\x86\xE8\xBE\xA8\xE7\x8E\x87\x3A\x20\x25\x64\x78\x25\x64\x20\x28\x25\x2E\x32\x66\x29\x0A\xE6\x8A\x96\xE5\x8A\xA8\xE8\xAE\xA1\xE6\x95\xB0\x3A\x20\x25\x64", "\xE8\xBC\xB8\xE5\x87\xBA\xE7\xB8\xAE\xE6\x94\xBE\x20\x25\x73\x2C\x20\xE7\x9B\xAE\xE6\xA8\x99\xE5\x88\x86\xE8\xBE\xA8\xE7\x8E\x87\x3A\x20\x25\x64\x78\x25\x64\x20\x28\x25\x2E\x32\x66\x29\x0A\xE6\x8A\x96\xE5\x8B\x95\xE8\xA8\x88\xE6\x95\xB8\x3A\x20\x25\x64"},
{"\xE5\xB7\xB2\xE5\x90\xAF\xE7\x94\xA8", "\xE5\xB7\xB2\xE5\x95\x93\xE7\x94\xA8"},
{"\xE5\xB7\xB2\xE7\xA6\x81\xE7\x94\xA8", "\xE5\xB7\xB2\xE7\xA6\x81\xE7\x94\xA8"},
{"\xE5\x90\xAF\xE7\x94\xA8\x20\x46\x47", "\xE5\x95\x93\xE7\x94\xA8\x20\x46\x47"},
{"\xE5\xA4\x87\xE7\x94\xA8", "\xE5\x82\x99\xE7\x94\xA8"},
{"\xE5\xBC\xBA\xE8\xB0\x83\xE8\x89\xB2", "\xE5\xBC\xB7\xE8\xAA\xBF\xE8\x89\xB2"},
{"\xE8\x83\x8C\xE6\x99\xAF\xE8\x89\xB2", "\xE8\x83\x8C\xE6\x99\xAF\xE8\x89\xB2"},
{"\xE8\xAF\xB7\xE5\xB0\x86\x20\x64\x6C\x73\x73\x67\x5F\x74\x6F\x5F\x66\x73\x72\x33\x5F\x61\x6D\x64\x5F\x69\x73\x5F\x62\x65\x74\x74\x65\x72\x2E\x64\x6C\x6C\x20\xE6\x94\xBE\xE5\x9C\xA8\x20\x4F\x70\x74\x69\x53\x63\x61\x6C\x65\x72\x20\xE6\x97\x81\xE8\xBE\xB9", "\xE8\xAB\x8B\xE5\xB0\x87\x20\x64\x6C\x73\x73\x67\x5F\x74\x6F\x5F\x66\x73\x72\x33\x5F\x61\x6D\x64\x5F\x69\x73\x5F\x62\x65\x74\x74\x65\x72\x2E\x64\x6C\x6C\x20\xE6\x94\xBE\xE5\x9C\xA8\x20\x4F\x70\x74\x69\x53\x63\x61\x6C\x65\x72\x20\xE6\x97\x81\xE9\x82\x8A"},
{"\x46\x47\x20\xE5\xA4\x8D\xE5\x88\xB6\xE8\xBF\x90\xE5\x8A\xA8\xE5\x90\x91\xE9\x87\x8F", "\x46\x47\x20\xE8\xA4\x87\xE8\xA3\xBD\xE9\x81\x8B\xE5\x8B\x95\xE5\x90\x91\xE9\x87\x8F"},
{"\x46\x47\x20\xE5\xA4\x8D\xE5\x88\xB6\xE6\xB7\xB1\xE5\xBA\xA6", "\x46\x47\x20\xE8\xA4\x87\xE8\xA3\xBD\xE6\xB7\xB1\xE5\xBA\xA6"},
{"\x46\x47\x20\xE6\xB7\xB1\xE5\xBA\xA6\xE7\xBC\xA9\xE6\x94\xBE\xE6\x9C\x80\xE5\xA4\xA7\xE5\x80\xBC", "\x46\x47\x20\xE6\xB7\xB1\xE5\xBA\xA6\xE7\xB8\xAE\xE6\x94\xBE\xE6\x9C\x80\xE5\xA4\xA7\xE5\x80\xBC"},
{"\x46\x47\x20\xE4\xBD\xBF\xE7\x94\xA8\xE4\xBA\x92\xE6\x96\xA5\xE9\x94\x81\xE5\x91\x88\xE7\x8E\xB0", "\x46\x47\x20\xE4\xBD\xBF\xE7\x94\xA8\xE4\xBA\x92\xE6\x96\xA5\xE9\x8E\x96\xE5\x91\x88\xE7\x8F\xBE"},
{"\xE5\x90\x8C\xE6\xAD\xA5\xE8\xAE\xBE\xE7\xBD\xAE", "\xE5\x90\x8C\xE6\xAD\xA5\xE8\xA8\xAD\xE7\xBD\xAE"},
{"\xE6\x9C\x89\xE5\x8F\xAF\xE7\x94\xA8\xE6\x9B\xB4\xE6\x96\xB0\x3A\x20\x25\x73\x20\x28\xE5\xBD\x93\xE5\x89\x8D\x20\x25\x73\x29", "\xE6\x9C\x89\xE5\x8F\xAF\xE7\x94\xA8\xE6\x9B\xB4\xE6\x96\xB0\x3A\x20\x25\x73\x20\x28\xE7\x95\xB6\xE5\x89\x8D\x20\x25\x73\x29"},
{"\xE6\x89\x93\xE5\xBC\x80\xE5\x8F\x91\xE5\xB8\x83\xE9\xA1\xB5", "\xE6\x89\x93\xE9\x96\x8B\xE7\x99\xBC\xE5\xB8\x83\xE9\xA0\x81"},
{"\xE5\xAD\x98\xE5\x9C\xA8", "\xE5\xAD\x98\xE5\x9C\xA8"},
{"\xE4\xB8\x8D\xE5\xAD\x98\xE5\x9C\xA8", "\xE4\xB8\x8D\xE5\xAD\x98\xE5\x9C\xA8"},
{"\x6E\x76\x6E\x67\x78\x2E\x64\x6C\x6C\x3A\x20\x25\x73", "\x6E\x76\x6E\x67\x78\x2E\x64\x6C\x6C\x3A\x20\x25\x73"},
{"\x6E\x76\x6E\x67\x78\x5F\x64\x6C\x73\x73\x20\x3A\x20\x25\x73", "\x6E\x76\x6E\x67\x78\x5F\x64\x6C\x73\x73\x20\x3A\x20\x25\x73"},
{"\x6E\x76\x6E\x67\x78\x5F\x64\x6C\x73\x73\x64\x20\x3A\x20\x25\x73", "\x6E\x76\x6E\x67\x78\x5F\x64\x6C\x73\x73\x64\x20\x3A\x20\x25\x73"},
{"\x6E\x76\x6E\x67\x78\x20\xE6\x9B\xBF\xE4\xBB\xA3\x3A\x20\x25\x73", "\x6E\x76\x6E\x67\x78\x20\xE6\x9B\xBF\xE4\xBB\xA3\x3A\x20\x25\x73"},
{"\x6C\x69\x62\x78\x65\x73\x73\x3A\x20\x25\x73", "\x6C\x69\x62\x78\x65\x73\x73\x3A\x20\x25\x73"},
{"\x46\x53\x52\x20\xE9\x92\xA9\xE5\xAD\x90\x3A\x20\x25\x73", "\x46\x53\x52\x20\xE9\x89\xA4\xE5\xAD\x90\x3A\x20\x25\x73"},
{"\x46\x53\x52\x20\x33\x2E\x31\x3A\x20\x25\x73", "\x46\x53\x52\x20\x33\x2E\x31\x3A\x20\x25\x73"},
{"\x46\x53\x52\x20\x33\x2E\x31\x20\x53\x52\x3A\x20\x25\x73", "\x46\x53\x52\x20\x33\x2E\x31\x20\x53\x52\x3A\x20\x25\x73"},
{"\x46\x53\x52\x20\x33\x2E\x31\x20\x46\x47\x3A\x20\x25\x73", "\x46\x53\x52\x20\x33\x2E\x31\x20\x46\x47\x3A\x20\x25\x73"},
{"\xE5\xBC\x80", "\xE9\x96\x8B"},
{"\xE5\x85\xB3", "\xE9\x97\x9C"},
{"\x7C\x20\xE6\xAC\xBA\xE9\xAA\x97\xEF\xBC\x9A\x25\x73", "\x7C\x20\xE6\xAC\xBA\xE9\xA8\x99\xEF\xBC\x9A\x25\x73"},
{"\xE6\x89\xBE\xE4\xB8\x8D\xE5\x88\xB0\x20\x6E\x76\x6E\x67\x78\x5F\x64\x6C\x73\x73\x2E\x64\x6C\x6C\xEF\xBC\x8C\x44\x4C\x53\x53\x20\xE5\xB7\xB2\xE7\xA6\x81\xE7\x94\xA8\xEF\xBC\x81", "\xE6\x89\xBE\xE4\xB8\x8D\xE5\x88\xB0\x20\x6E\x76\x6E\x67\x78\x5F\x64\x6C\x73\x73\x2E\x64\x6C\x6C\xEF\xBC\x8C\x44\x4C\x53\x53\x20\xE5\xB7\xB2\xE7\xA6\x81\xE7\x94\xA8\xEF\xBC\x81"},
{"\xE4\xBD\xBF\xE7\x94\xA8\x20\x43\x6F\x70\x79\x52\x65\x73\x6F\x75\x72\x63\x65\x20\xE5\xA4\x84\xE7\x90\x86\xE8\xBE\x93\xE5\x85\xA5", "\xE4\xBD\xBF\xE7\x94\xA8\x20\x43\x6F\x70\x79\x52\x65\x73\x6F\x75\x72\x63\x65\x20\xE8\x99\x95\xE7\x90\x86\xE8\xBC\xB8\xE5\x85\xA5"},
{"\xE4\xBD\xBF\xE7\x94\xA8\x20\x43\x6F\x70\x79\x52\x65\x73\x6F\x75\x72\x63\x65\x20\xE5\xA4\x84\xE7\x90\x86\xE8\xBE\x93\xE5\x87\xBA", "\xE4\xBD\xBF\xE7\x94\xA8\x20\x43\x6F\x70\x79\x52\x65\x73\x6F\x75\x72\x63\x65\x20\xE8\x99\x95\xE7\x90\x86\xE8\xBC\xB8\xE5\x87\xBA"},
{"\xE7\xBD\x91\xE7\xBB\x9C\xE6\xA8\xA1\xE5\x9E\x8B", "\xE7\xB6\xB2\xE7\xB5\xA1\xE6\xA8\xA1\xE5\x9E\x8B"},
{"\xE8\xB0\x83\xE8\xAF\x95\xE8\xBD\xAC\xE5\x82\xA8\x20\x28\x53\x68\x69\x66\x74\x2B\x44\x65\x6C\x29", "\xE8\xAA\xBF\xE8\xA9\xA6\xE8\xBD\x89\xE5\x84\xB2\x20\x28\x53\x68\x69\x66\x74\x2B\x44\x65\x6C\x29"},
{"\xE5\xB8\xA7\xE6\x95\xB0", "\xE5\xB9\x80\xE6\x95\xB8"},
{"\xE6\x9B\xB4\xE6\x8D\xA2\xE8\xB6\x85\xE5\x88\x86\xE8\xBE\xA8\xE7\x8E\x87", "\xE6\x9B\xB4\xE6\x8F\x9B\xE8\xB6\x85\xE5\x88\x86\xE8\xBE\xA8\xE7\x8E\x87"},
{"\xE9\x9D\x9E\xE7\xBA\xBF\xE6\x80\xA7\xE8\x89\xB2\xE5\xBD\xA9\xE7\xA9\xBA\xE9\x97\xB4", "\xE9\x9D\x9E\xE7\xB7\x9A\xE6\x80\xA7\xE8\x89\xB2\xE5\xBD\xA9\xE7\xA9\xBA\xE9\x96\x93"},
{"\xE5\xBC\x80\x20\x2B\x20\xE6\x89\xA9\xE5\xB1\x95", "\xE9\x96\x8B\x20\x2B\x20\xE6\x93\xB4\xE5\xB1\x95"},
{"\xE4\xBB\x85\xE6\x89\xA9\xE5\xB1\x95", "\xE5\x83\x85\xE6\x93\xB4\xE5\xB1\x95"},
{"\xE5\x8F\xAF\xE8\x83\xBD\xE6\xB2\xA1\xE6\x9C\x89\xE5\xA4\xAA\xE5\xA4\xA7\xE6\x95\x88\xE6\x9E\x9C", "\xE5\x8F\xAF\xE8\x83\xBD\xE6\xB2\x92\xE6\x9C\x89\xE5\xA4\xAA\xE5\xA4\xA7\xE6\x95\x88\xE6\x9E\x9C"},
{"\xE9\x9D\x9E\xE7\xBA\xBF\xE6\x80\xA7\x20\x73\x52\x47\x42\x20\xE8\xBE\x93\xE5\x85\xA5", "\xE9\x9D\x9E\xE7\xB7\x9A\xE6\x80\xA7\x20\x73\x52\x47\x42\x20\xE8\xBC\xB8\xE5\x85\xA5"},
{"\xE9\x9D\x9E\xE7\xBA\xBF\xE6\x80\xA7\x20\x50\x51\x20\xE8\xBE\x93\xE5\x85\xA5", "\xE9\x9D\x9E\xE7\xB7\x9A\xE6\x80\xA7\x20\x50\x51\x20\xE8\xBC\xB8\xE5\x85\xA5"},
{"\xE6\xA8\xA1\xE5\x9E\x8B", "\xE6\xA8\xA1\xE5\x9E\x8B"},
{"\xE5\xBD\x93\xE5\x89\x8D\xE6\xA8\xA1\xE5\x9E\x8B\x3A\x20\x25\x64", "\xE7\x95\xB6\xE5\x89\x8D\xE6\xA8\xA1\xE5\x9E\x8B\x3A\x20\x25\x64"},
{"\x48\x6F\x6F\x6B\xE5\xA4\xB1\xE8\xB4\xA5", "\x48\x6F\x6F\x6B\xE5\xA4\xB1\xE6\x95\x97"},
{"\xE8\xB6\x85\xE5\x88\x86\xE8\xBE\xA8\xE7\x8E\x87\xE8\xB0\x83\xE8\xAF\x95\xE8\xA7\x86\xE5\x9B\xBE", "\xE8\xB6\x85\xE5\x88\x86\xE8\xBE\xA8\xE7\x8E\x87\xE8\xAA\xBF\xE8\xA9\xA6\xE8\xA6\x96\xE5\x9C\x96"},
{"\xE8\xB6\x85\xE5\x88\x86\xE8\xBE\xA8\xE7\x8E\x87\xE6\xB0\xB4\xE5\x8D\xB0", "\xE8\xB6\x85\xE5\x88\x86\xE8\xBE\xA8\xE7\x8E\x87\xE6\xB0\xB4\xE5\x8D\xB0"},
{"\x46\x53\x52\x34\x20\xE5\x8A\xA0\xE8\xBD\xBD\xE8\xB7\xAF\xE5\xBE\x84", "\x46\x53\x52\x34\x20\xE5\x8A\xA0\xE8\xBC\x89\xE8\xB7\xAF\xE5\xBE\x91"},
{"\x53\x44\x4B\x20\x28\x61\x6D\x64\x5F\x66\x69\x64\x65\x6C\x69\x74\x79\x66\x78\x5F\x75\x70\x73\x63\x61\x6C\x65\x72\x5F\x64\x78\x31\x32\x2E\x64\x6C\x6C\x29", "\x53\x44\x4B\x20\x28\x61\x6D\x64\x5F\x66\x69\x64\x65\x6C\x69\x74\x79\x66\x78\x5F\x75\x70\x73\x63\x61\x6C\x65\x72\x5F\x64\x78\x31\x32\x2E\x64\x6C\x6C\x29"},
{"\x44\x72\x69\x76\x65\x72\x20\x28\x61\x6D\x64\x78\x63\x66\x66\x78\x36\x34\x2E\x64\x6C\x6C\x29", "\x44\x72\x69\x76\x65\x72\x20\x28\x61\x6D\x64\x78\x63\x66\x66\x78\x36\x34\x2E\x64\x6C\x6C\x29"},
{"\xE9\x80\x9F\xE5\xBA\xA6\xE5\x9B\xA0\xE5\xAD\x90", "\xE9\x80\x9F\xE5\xBA\xA6\xE5\x9B\xA0\xE5\xAD\x90"},
{"\xE5\x8F\x8D\xE5\xBA\x94\xE9\x87\x8F\xE7\xBC\xA9\xE6\x94\xBE", "\xE5\x8F\x8D\xE6\x87\x89\xE9\x87\x8F\xE7\xB8\xAE\xE6\x94\xBE"},
{"\xE7\x9D\x80\xE8\x89\xB2\xE9\x87\x8F\xE7\xBC\xA9\xE6\x94\xBE", "\xE7\x9D\x80\xE8\x89\xB2\xE9\x87\x8F\xE7\xB8\xAE\xE6\x94\xBE"},
{"\xE6\xAF\x8F\xE5\xB8\xA7\xE7\xB4\xAF\xE7\xA7\xAF\xE6\xB7\xBB\xE5\x8A\xA0\xE9\x87\x8F", "\xE6\xAF\x8F\xE5\xB9\x80\xE7\xB4\xAF\xE7\xA9\x8D\xE6\xB7\xBB\xE5\x8A\xA0\xE9\x87\x8F"},
{"\xE6\x9C\x80\xE5\xB0\x8F\xE5\x8E\xBB\xE9\x81\xAE\xE6\x8C\xA1\xE7\xB4\xAF\xE7\xA7\xAF\xE9\x87\x8F", "\xE6\x9C\x80\xE5\xB0\x8F\xE5\x8E\xBB\xE9\x81\xAE\xE6\x93\x8B\xE7\xB4\xAF\xE7\xA9\x8D\xE9\x87\x8F"},
{"\xE6\xB8\xB2\xE6\x9F\x93\xE9\xA2\x84\xE8\xAE\xBE\xE5\xBC\xBA\xE5\x88\xB6\xE8\xA6\x86\xE7\x9B\x96", "\xE6\xB8\xB2\xE6\x9F\x93\xE9\xA0\x90\xE8\xA8\xAD\xE5\xBC\xB7\xE5\x88\xB6\xE8\xA6\x86\xE8\x93\x8B"},
{"\xE8\xA6\x86\xE7\x9B\x96\xE9\xA2\x84\xE8\xAE\xBE", "\xE8\xA6\x86\xE8\x93\x8B\xE9\xA0\x90\xE8\xA8\xAD"},
{"\xE9\xAB\x98\xE7\xBA\xA7\x20\x44\x4C\x53\x53\x44\x20\xE8\xAE\xBE\xE7\xBD\xAE", "\xE9\xAB\x98\xE7\xB4\x9A\x20\x44\x4C\x53\x53\x44\x20\xE8\xA8\xAD\xE7\xBD\xAE"},
{"\xE9\xAB\x98\xE7\xBA\xA7\x20\x44\x4C\x53\x53\x20\xE8\xAE\xBE\xE7\xBD\xAE", "\xE9\xAB\x98\xE7\xB4\x9A\x20\x44\x4C\x53\x53\x20\xE8\xA8\xAD\xE7\xBD\xAE"},
{"\xE4\xBD\xBF\xE7\x94\xA8\xE9\x80\x9A\xE7\x94\xA8\x20\x41\x70\x70\x49\x64\x20\xE4\xB8\x8E\x20\x44\x4C\x53\x53", "\xE4\xBD\xBF\xE7\x94\xA8\xE9\x80\x9A\xE7\x94\xA8\x20\x41\x70\x70\x49\x64\x20\xE8\x88\x87\x20\x44\x4C\x53\x53"},
{"\x44\x4C\x41\x41\x20\xE9\xA2\x84\xE8\xAE\xBE", "\x44\x4C\x41\x41\x20\xE9\xA0\x90\xE8\xA8\xAD"},
{"\x55\x6C\x74\x72\x61\x51\x20\xE9\xA2\x84\xE8\xAE\xBE", "\x55\x6C\x74\x72\x61\x51\x20\xE9\xA0\x90\xE8\xA8\xAD"},
{"\x51\x75\x61\x6C\x69\x74\x79\x20\xE9\xA2\x84\xE8\xAE\xBE", "\x51\x75\x61\x6C\x69\x74\x79\x20\xE9\xA0\x90\xE8\xA8\xAD"},
{"\x42\x61\x6C\x61\x6E\x63\x65\x64\x20\xE9\xA2\x84\xE8\xAE\xBE", "\x42\x61\x6C\x61\x6E\x63\x65\x64\x20\xE9\xA0\x90\xE8\xA8\xAD"},
{"\x50\x65\x72\x66\x20\xE9\xA2\x84\xE8\xAE\xBE", "\x50\x65\x72\x66\x20\xE9\xA0\x90\xE8\xA8\xAD"},
{"\x55\x6C\x74\x72\x61\x50\x20\xE9\xA2\x84\xE8\xAE\xBE", "\x55\x6C\x74\x72\x61\x50\x20\xE9\xA0\x90\xE8\xA8\xAD"},
{"\xE4\xBF\x9D\xE5\xAD\x98\xE8\xAE\xBE\xE7\xBD\xAE\xE5\xB9\xB6\xE9\x87\x8D\xE6\x96\xB0\xE5\x90\xAF\xE5\x8A\xA8\xE4\xBB\xA5\xE5\xBA\x94\xE7\x94\xA8\xE6\x9B\xB4\xE6\x94\xB9", "\xE4\xBF\x9D\xE5\xAD\x98\xE8\xA8\xAD\xE7\xBD\xAE\xE4\xB8\xA6\xE9\x87\x8D\xE6\x96\xB0\xE5\x95\x93\xE5\x8B\x95\xE4\xBB\xA5\xE6\x87\x89\xE7\x94\xA8\xE6\x9B\xB4\xE6\x94\xB9"},
{"\xE6\x98\xBE\xE7\xA4\xBA\xE6\xA3\x80\xE6\xB5\x8B\xE5\x88\xB0\xE7\x9A\x84\x20\x55\x49", "\xE9\xA1\xAF\xE7\xA4\xBA\xE6\xAA\xA2\xE6\xB8\xAC\xE5\x88\xB0\xE7\x9A\x84\x20\x55\x49"},
{"\xE7\xBB\x98\xE5\x88\xB6\x20\x55\x49\x20\xE4\xB8\x8A\xE5\xB1\x82", "\xE7\xB9\xAA\xE8\xA3\xBD\x20\x55\x49\x20\xE4\xB8\x8A\xE5\xB1\xA4"},
{"\x55\x49\x20\xE9\xA2\x84\xE4\xB9\x98\x20\x41\x6C\x70\x68\x61", "\x55\x49\x20\xE9\xA0\x90\xE4\xB9\x98\x20\x41\x6C\x70\x68\x61"},
{"\xE5\xA6\x82\xE6\x9E\x9C\x20\x55\x49\x20\xE5\xA4\xAA\xE6\xB7\xA1\xEF\xBC\x8C\xE8\xAF\xB7\xE5\x85\xB3\xE9\x97\xAD\xE6\xAD\xA4\xE9\x80\x89\xE9\xA1\xB9", "\xE5\xA6\x82\xE6\x9E\x9C\x20\x55\x49\x20\xE5\xA4\xAA\xE6\xB7\xA1\xEF\xBC\x8C\xE8\xAB\x8B\xE9\x97\x9C\xE9\x96\x89\xE6\xAD\xA4\xE9\x81\xB8\xE9\xA0\x85"},
{"\xE9\xAB\x98\xE7\xBA\xA7\x20\x46\x47\x20\xE8\xAE\xBE\xE7\xBD\xAE", "\xE9\xAB\x98\xE7\xB4\x9A\x20\x46\x47\x20\xE8\xA8\xAD\xE7\xBD\xAE"},
{"\xE7\xA6\x81\xE7\x94\xA8\x20\x55\x49\x20\xE7\xBA\xB9\xE7\x90\x86", "\xE7\xA6\x81\xE7\x94\xA8\x20\x55\x49\x20\xE7\xB4\x8B\xE7\x90\x86"},
{"\xE7\xA6\x81\xE7\x94\xA8\x20\x48\x55\x44\x6C\x65\x73\x73", "\xE7\xA6\x81\xE7\x94\xA8\x20\x48\x55\x44\x6C\x65\x73\x73"},
{"\xE6\xB7\xB1\xE5\xBA\xA6\xE4\xBD\x9C\xE4\xB8\xBA\x20\x56\x61\x6C\x69\x64\x4E\x6F\x77", "\xE6\xB7\xB1\xE5\xBA\xA6\xE4\xBD\x9C\xE7\x88\xB2\x20\x56\x61\x6C\x69\x64\x4E\x6F\x77"},
{"\xE9\x80\x9F\xE5\xBA\xA6\xE4\xBD\x9C\xE4\xB8\xBA\x20\x56\x61\x6C\x69\x64\x4E\x6F\x77", "\xE9\x80\x9F\xE5\xBA\xA6\xE4\xBD\x9C\xE7\x88\xB2\x20\x56\x61\x6C\x69\x64\x4E\x6F\x77"},
{"\x48\x55\x44\x6C\x65\x73\x73\x20\xE4\xBD\x9C\xE4\xB8\xBA\x20\x56\x61\x6C\x69\x64\x4E\x6F\x77", "\x48\x55\x44\x6C\x65\x73\x73\x20\xE4\xBD\x9C\xE7\x88\xB2\x20\x56\x61\x6C\x69\x64\x4E\x6F\x77"},
{"\xE4\xBC\x9A\xE4\xBD\xBF\xE7\x94\xA8\xE6\x9B\xB4\xE5\xA4\x9A\x20\x56\x52\x41\x4D\xEF\xBC\x8C\xE4\xBD\x86\xE6\x9F\x90\xE4\xBA\x9B\xE6\xB8\xB8\xE6\x88\x8F\xE5\x8F\xAF\xE8\x83\xBD\xE9\x9C\x80\xE8\xA6\x81", "\xE6\x9C\x83\xE4\xBD\xBF\xE7\x94\xA8\xE6\x9B\xB4\xE5\xA4\x9A\x20\x56\x52\x41\x4D\xEF\xBC\x8C\xE4\xBD\x86\xE6\x9F\x90\xE4\xBA\x9B\xE9\x81\x8A\xE6\x88\xB2\xE5\x8F\xAF\xE8\x83\xBD\xE9\x9C\x80\xE8\xA6\x81"},
{"\xE6\x8E\xA5\xE5\x8F\x97\xE7\xAC\xAC\xE4\xB8\x80\xE4\xB8\xAA\x20\x48\x55\x44\x6C\x65\x73\x73", "\xE6\x8E\xA5\xE5\x8F\x97\xE7\xAC\xAC\xE4\xB8\x80\xE5\x80\x8B\x20\x48\x55\x44\x6C\x65\x73\x73"},
{"\xE8\xB7\xB3\xE8\xBF\x87\xE9\x87\x8D\xE7\xBD\xAE", "\xE8\xB7\xB3\xE9\x81\x8E\xE9\x87\x8D\xE7\xBD\xAE"},
{"\xE4\xB8\x8D\xE4\xBD\xBF\xE7\x94\xA8\xE6\x9D\xA5\xE8\x87\xAA\x20\x46\x47\x20\xE8\xBE\x93\xE5\x85\xA5\xE7\x9A\x84\xE9\x87\x8D\xE7\xBD\xAE\xE4\xBF\xA1\xE5\x8F\xB7", "\xE4\xB8\x8D\xE4\xBD\xBF\xE7\x94\xA8\xE4\xBE\x86\xE8\x87\xAA\x20\x46\x47\x20\xE8\xBC\xB8\xE5\x85\xA5\xE7\x9A\x84\xE9\x87\x8D\xE7\xBD\xAE\xE4\xBF\xA1\xE8\x99\x9F"},
{"\xE5\xB8\xA7\xE5\x89\x8D\xE9\x87\x8F", "\xE5\xB9\x80\xE5\x89\x8D\xE9\x87\x8F"},
{"\x46\x54\x20\xE8\xBE\x93\xE5\x85\xA5", "\x46\x54\x20\xE8\xBC\xB8\xE5\x85\xA5"},
{"\xE4\xBD\xBF\xE7\x94\xA8\x20\x44\x4C\x53\x53\x47\x20\xE6\x88\x96\x20\x46\x53\x52\x2D\x46\x47\x0A\xE6\x8F\x90\xE4\xBE\x9B\xE7\x9A\x84\xE5\xB8\xA7\xE6\x97\xB6\xE9\x97\xB4", "\xE4\xBD\xBF\xE7\x94\xA8\x20\x44\x4C\x53\x53\x47\x20\xE6\x88\x96\x20\x46\x53\x52\x2D\x46\x47\x0A\xE6\x8F\x90\xE4\xBE\x9B\xE7\x9A\x84\xE5\xB9\x80\xE6\x99\x82\xE9\x96\x93"},
{"\xE4\xBD\xBF\xE7\x94\xA8\x20\x4F\x70\x74\x69\x20\xE8\xAE\xA1\xE7\xAE\x97\xE7\x9A\x84\xE5\xB8\xA7\xE6\x97\xB6\xE9\x97\xB4", "\xE4\xBD\xBF\xE7\x94\xA8\x20\x4F\x70\x74\x69\x20\xE8\xA8\x88\xE7\xAE\x97\xE7\x9A\x84\xE5\xB9\x80\xE6\x99\x82\xE9\x96\x93"},
{"\xE8\xAE\xA9\x20\x58\x65\x46\x47\x20\xE5\xA4\x84\xE7\x90\x86\xE5\xB8\xA7\xE6\x97\xB6\xE9\x97\xB4", "\xE8\xAE\x93\x20\x58\x65\x46\x47\x20\xE8\x99\x95\xE7\x90\x86\xE5\xB9\x80\xE6\x99\x82\xE9\x96\x93"},
{"\xE9\x9B\xB6", "\xE9\x9B\xB6"},
{"\xE9\x87\x8D\xE6\x96\xB0\xE5\x90\xAF\xE5\x8A\xA8\xE6\xB8\xB8\xE6\x88\x8F\xE4\xBB\xA5\xE5\xBA\x94\xE7\x94\xA8\xE6\xAD\xA3\xE7\xA1\xAE\xE7\x9A\x84\x20\x58\x65\x46\x47\x20\xE8\xAE\xBE\xE7\xBD\xAE\xEF\xBC\x81", "\xE9\x87\x8D\xE6\x96\xB0\xE5\x95\x93\xE5\x8B\x95\xE9\x81\x8A\xE6\x88\xB2\xE4\xBB\xA5\xE6\x87\x89\xE7\x94\xA8\xE6\xAD\xA3\xE7\xA2\xBA\xE7\x9A\x84\x20\x58\x65\x46\x47\x20\xE8\xA8\xAD\xE7\xBD\xAE\xEF\xBC\x81"},
{"\xE9\x9C\x80\xE8\xA6\x81\xE7\xA6\x81\xE7\x94\xA8\xE6\x89\xA9\xE5\xBC\xA0\xE8\xBF\x90\xE5\x8A\xA8\xE5\x90\x91\xE9\x87\x8F", "\xE9\x9C\x80\xE8\xA6\x81\xE7\xA6\x81\xE7\x94\xA8\xE6\x93\xB4\xE5\xBC\xB5\xE9\x81\x8B\xE5\x8B\x95\xE5\x90\x91\xE9\x87\x8F"},
{"\xE9\x9C\x80\xE8\xA6\x81\xE6\x97\xA0\xE8\xBE\xB9\xE6\xA1\x86\xE6\x98\xBE\xE7\xA4\xBA\xE6\xA8\xA1\xE5\xBC\x8F\xEF\xBC\x81", "\xE9\x9C\x80\xE8\xA6\x81\xE7\x84\xA1\xE9\x82\x8A\xE6\xA1\x86\xE9\xA1\xAF\xE7\xA4\xBA\xE6\xA8\xA1\xE5\xBC\x8F\xEF\xBC\x81"},
{"\x58\x65\x46\x47\x20\xE4\xBB\x85\xE6\x94\xAF\xE6\x8C\x81\x20\x48\x44\x52\x31\x30", "\x58\x65\x46\x47\x20\xE5\x83\x85\xE6\x94\xAF\xE6\x8C\x81\x20\x48\x44\x52\x31\x30"},
{"\x61\x6D\x64\x5F\x66\x69\x64\x65\x6C\x69\x74\x79\x66\x78\x5F\x64\x78\x31\x32\x2E\x64\x6C\x6C\x20\xE4\xB8\x8D\xE5\xAD\x98\xE5\x9C\xA8\xEF\xBC\x81", "\x61\x6D\x64\x5F\x66\x69\x64\x65\x6C\x69\x74\x79\x66\x78\x5F\x64\x78\x31\x32\x2E\x64\x6C\x6C\x20\xE4\xB8\x8D\xE5\xAD\x98\xE5\x9C\xA8\xEF\xBC\x81"},
{"\x61\x6D\x64\x5F\x66\x69\x64\x65\x6C\x69\x74\x79\x66\x78\x5F\x64\x78\x31\x32\x2E\x64\x6C\x6C\x20\xE4\xB8\x8D\xE5\xAD\x98\xE5\x9C\xA8", "\x61\x6D\x64\x5F\x66\x69\x64\x65\x6C\x69\x74\x79\x66\x78\x5F\x64\x78\x31\x32\x2E\x64\x6C\x6C\x20\xE4\xB8\x8D\xE5\xAD\x98\xE5\x9C\xA8"},
{"\x6C\x69\x62\x78\x65\x73\x73\x5F\x66\x67\x2E\x64\x6C\x6C\x20\xE4\xB8\x8D\xE5\xAD\x98\xE5\x9C\xA8\xEF\xBC\x81", "\x6C\x69\x62\x78\x65\x73\x73\x5F\x66\x67\x2E\x64\x6C\x6C\x20\xE4\xB8\x8D\xE5\xAD\x98\xE5\x9C\xA8\xEF\xBC\x81"},
{"\x6C\x69\x62\x78\x65\x73\x73\x5F\x66\x67\x2E\x64\x6C\x6C\x20\xE4\xB8\x8D\xE5\xAD\x98\xE5\x9C\xA8", "\x6C\x69\x62\x78\x65\x73\x73\x5F\x66\x67\x2E\x64\x6C\x6C\x20\xE4\xB8\x8D\xE5\xAD\x98\xE5\x9C\xA8"},
{"\xE6\x89\x93\xE5\xBC\x80\xE6\xAD\xA4\xE8\x8F\x9C\xE5\x8D\x95\xE6\x97\xB6\x20\x44\x4C\x53\x53\x47\xEF\xBC\x88\x44\x4C\x53\x53\xE5\xB8\xA7\xE7\x94\x9F\xE6\x88\x90\xEF\xBC\x89\xE5\xB0\x86\xE8\xA2\xAB\xE6\x95\x85\xE6\x84\x8F\xE7\xA6\x81\xE7\x94\xA8", "\xE6\x89\x93\xE9\x96\x8B\xE6\xAD\xA4\xE8\x8F\x9C\xE5\x96\xAE\xE6\x99\x82\x20\x44\x4C\x53\x53\x47\xEF\xBC\x88\x44\x4C\x53\x53\xE5\xB9\x80\xE7\x94\x9F\xE6\x88\x90\xEF\xBC\x89\xE5\xB0\x87\xE8\xA2\xAB\xE6\x95\x85\xE6\x84\x8F\xE7\xA6\x81\xE7\x94\xA8"},
{"\xE4\xBD\xBF\xE7\x94\xA8\x20\x52\x54\x53\x53\x20\x52\x65\x66\x6C\x65\x78\x20\xE6\xB3\xA8\xE5\x85\xA5\xE3\x80\x81\x41\x6E\x74\x69\x4C\x61\x67\x20\x32\x20\xE5\x92\x8C\x20\x46\x53\x52\x20\x46\x47\x20\xE5\x8F\xAF\xE8\x83\xBD\xE5\xBC\x95\xE8\xB5\xB7\xE9\x97\xAE\xE9\xA2\x98", "\xE4\xBD\xBF\xE7\x94\xA8\x20\x52\x54\x53\x53\x20\x52\x65\x66\x6C\x65\x78\x20\xE6\xB3\xA8\xE5\x85\xA5\xE3\x80\x81\x41\x6E\x74\x69\x4C\x61\x67\x20\x32\x20\xE5\x92\x8C\x20\x46\x53\x52\x20\x46\x47\x20\xE5\x8F\xAF\xE8\x83\xBD\xE5\xBC\x95\xE8\xB5\xB7\xE5\x95\x8F\xE9\xA1\x8C"},
{"\xE5\x9C\xA8\x20\x4F\x70\x74\x69\x46\x47\x20\xE4\xB8\x8B\xE4\xBD\xBF\xE7\x94\xA8\x20\x52\x65\x66\x6C\x65\x78\x20\xE9\x99\x90\xE5\x88\xB6\xE4\xBC\x9A\xE4\xBA\xA7\xE7\x94\x9F\xE6\x80\xA7\xE8\x83\xBD\xE5\xBC\x80\xE9\x94\x80", "\xE5\x9C\xA8\x20\x4F\x70\x74\x69\x46\x47\x20\xE4\xB8\x8B\xE4\xBD\xBF\xE7\x94\xA8\x20\x52\x65\x66\x6C\x65\x78\x20\xE9\x99\x90\xE5\x88\xB6\xE6\x9C\x83\xE7\x94\xA2\xE7\x94\x9F\xE6\x80\xA7\xE8\x83\xBD\xE9\x96\x8B\xE9\x8A\xB7"},
{"\xE6\xA3\x80\xE6\xB5\x8B\xE5\x88\xB0\x20\x6E\x76\x6E\x67\x78\x2E\x69\x6E\x69\xEF\xBC\x8C\xE8\xAF\xB7\xE8\xBF\x81\xE7\xA7\xBB\xE5\x88\xB0\x20\x4F\x70\x74\x69\x53\x63\x61\x6C\x65\x72\x2E\x69\x6E\x69\x20\xE5\xB9\xB6\xE5\x88\xA0\xE9\x99\xA4\xE6\x97\xA7\xE7\x9A\x84\xE9\x85\x8D\xE7\xBD\xAE\xE6\x96\x87\xE4\xBB\xB6", "\xE6\xAA\xA2\xE6\xB8\xAC\xE5\x88\xB0\x20\x6E\x76\x6E\x67\x78\x2E\x69\x6E\x69\xEF\xBC\x8C\xE8\xAB\x8B\xE9\x81\xB7\xE7\xA7\xBB\xE5\x88\xB0\x20\x4F\x70\x74\x69\x53\x63\x61\x6C\x65\x72\x2E\x69\x6E\x69\x20\xE4\xB8\xA6\xE5\x88\xAA\xE9\x99\xA4\xE8\x88\x8A\xE7\x9A\x84\xE9\x85\x8D\xE7\xBD\xAE\xE6\x96\x87\xE4\xBB\xB6"},
{"\xE6\xBF\x80\xE6\xB4\xBB", "\xE6\xBF\x80\xE6\xB4\xBB"},
{"\xE8\xA2\xAB\xE5\x8A\xA8", "\xE8\xA2\xAB\xE5\x8B\x95"},
{"\xE7\xA6\x81\xE7\x94\xA8\x23\x23\x25\x64", "\xE7\xA6\x81\xE7\x94\xA8\x23\x23\x25\x64"},
{"\xE5\x90\xAF\xE7\x94\xA8\x23\x23\x25\x64", "\xE5\x95\x93\xE7\x94\xA8\x23\x23\x25\x64"},
{"\xE4\xBD\xBF\xE7\x94\xA8\xE8\xB6\x85\xE5\x88\x86\xE8\xBE\xA8\xE7\x8E\x87\xE6\x95\xB0\xE6\x8D\xAE\xE8\xBF\x9B\xE8\xA1\x8C\xE5\xB8\xA7\xE7\x94\x9F\xE6\x88\x90", "\xE4\xBD\xBF\xE7\x94\xA8\xE8\xB6\x85\xE5\x88\x86\xE8\xBE\xA8\xE7\x8E\x87\xE6\x95\xB8\xE6\x93\x9A\xE9\x80\xB2\xE8\xA1\x8C\xE5\xB9\x80\xE7\x94\x9F\xE6\x88\x90"},
{"\xE9\x9C\x80\xE8\xA6\x81\x20\x4E\x75\x6B\x65\x6D\x20\xE7\x9A\x84\x20\x64\x6C\x73\x73\x67\x5F\x74\x6F\x5F\x66\x73\x72\x33\x20\x64\x6C\x6C\x0A\xE5\x9C\xA8\xE6\xB8\xB8\xE6\x88\x8F\xE4\xB8\xAD\xE9\x80\x89\xE6\x8B\xA9\x20\x44\x4C\x53\x53\x2D\x46\x47", "\xE9\x9C\x80\xE8\xA6\x81\x20\x4E\x75\x6B\x65\x6D\x20\xE7\x9A\x84\x20\x64\x6C\x73\x73\x67\x5F\x74\x6F\x5F\x66\x73\x72\x33\x20\x64\x6C\x6C\x0A\xE5\x9C\xA8\xE9\x81\x8A\xE6\x88\xB2\xE4\xB8\xAD\xE9\x81\xB8\xE6\x93\x87\x20\x44\x4C\x53\x53\x2D\x46\x47"},
{"\xE5\x9C\xA8\xE6\xB8\xB8\xE6\x88\x8F\xE4\xB8\xAD\xE9\x80\x89\xE6\x8B\xA9\x20\x46\x53\x52\x2D\x46\x47\xEF\xBC\x88\x41\x4D\x44\xE5\xB8\xA7\xE7\x94\x9F\xE6\x88\x90\xEF\xBC\x89", "\xE5\x9C\xA8\xE9\x81\x8A\xE6\x88\xB2\xE4\xB8\xAD\xE9\x81\xB8\xE6\x93\x87\x20\x46\x53\x52\x2D\x46\x47\xEF\xBC\x88\x41\x4D\x44\xE5\xB9\x80\xE7\x94\x9F\xE6\x88\x90\xEF\xBC\x89"},
{"\xE5\x9C\xA8\xE6\xB8\xB8\xE6\x88\x8F\xE4\xB8\xAD\xE9\x80\x89\xE6\x8B\xA9\x20\x44\x4C\x53\x53\x2D\x46\x47\xEF\xBC\x88\x4E\x56\x49\x44\x49\x41\xE5\xB8\xA7\xE7\x94\x9F\xE6\x88\x90\xEF\xBC\x89", "\xE5\x9C\xA8\xE9\x81\x8A\xE6\x88\xB2\xE4\xB8\xAD\xE9\x81\xB8\xE6\x93\x87\x20\x44\x4C\x53\x53\x2D\x46\x47\xEF\xBC\x88\x4E\x56\x49\x44\x49\x41\xE5\xB9\x80\xE7\x94\x9F\xE6\x88\x90\xEF\xBC\x89"},
{"\xE5\xBD\xB1\xE5\x93\x8D\x20\x46\x53\x52\x2D\x46\x47\xEF\xBC\x88\x41\x4D\x44\xE5\xB8\xA7\xE7\x94\x9F\xE6\x88\x90\xEF\xBC\x89\xE5\x92\x8C\xE8\xB6\x85\xE5\x88\x86\xE8\xBE\xA8\xE7\x8E\x87", "\xE5\xBD\xB1\xE9\x9F\xBF\x20\x46\x53\x52\x2D\x46\x47\xEF\xBC\x88\x41\x4D\x44\xE5\xB9\x80\xE7\x94\x9F\xE6\x88\x90\xEF\xBC\x89\xE5\x92\x8C\xE8\xB6\x85\xE5\x88\x86\xE8\xBE\xA8\xE7\x8E\x87"},
{"\xE4\xBC\x98\xE5\x85\x88\xE4\xBD\xBF\xE7\x94\xA8\x20\x52\x65\x66\x6C\x65\x78\xEF\xBC\x88\x4E\x56\x49\x44\x49\x41\xE4\xBD\x8E\xE5\xBB\xB6\xE8\xBF\x9F\xE6\x8A\x80\xE6\x9C\xAF\xEF\xBC\x89\x0A\xE5\x9C\xA8\x20\x41\x4D\x44\x2F\x49\x6E\x74\x65\x6C\x20\xE5\x8D\xA1\xE4\xB8\x8A\xEF\xBC\x8C\xE5\x8F\xAF\xE4\xBD\xBF\xE7\x94\xA8\x20\x46\x61\x6B\x65\x6E\x76\x61\x70\x69\x20\xE4\xBB\xA3\xE6\x9B\xBF\x20\x52\x65\x66\x6C\x65\x78", "\xE5\x84\xAA\xE5\x85\x88\xE4\xBD\xBF\xE7\x94\xA8\x20\x52\x65\x66\x6C\x65\x78\xEF\xBC\x88\x4E\x56\x49\x44\x49\x41\xE4\xBD\x8E\xE5\xBB\xB6\xE9\x81\xB2\xE6\x8A\x80\xE8\xA1\x93\xEF\xBC\x89\x0A\xE5\x9C\xA8\x20\x41\x4D\x44\x2F\x49\x6E\x74\x65\x6C\x20\xE5\x8D\xA1\xE4\xB8\x8A\xEF\xBC\x8C\xE5\x8F\xAF\xE4\xBD\xBF\xE7\x94\xA8\x20\x46\x61\x6B\x65\x6E\x76\x61\x70\x69\x20\xE4\xBB\xA3\xE6\x9B\xBF\x20\x52\x65\x66\x6C\x65\x78"},
{"\x58\x65\x53\x53\xEF\xBC\x88\x49\x6E\x74\x65\x6C\xE8\xB6\x85\xE5\x88\x86\xE8\xBE\xA8\xE7\x8E\x87\xEF\xBC\x89", "\x58\x65\x53\x53\xEF\xBC\x88\x49\x6E\x74\x65\x6C\xE8\xB6\x85\xE5\x88\x86\xE8\xBE\xA8\xE7\x8E\x87\xEF\xBC\x89"},
{"\x58\x65\x53\x53\x20\x77\x2F\x44\x78\x31\x32\xEF\xBC\x88\x49\x6E\x74\x65\x6C\xE8\xB6\x85\xE5\x88\x86\xE8\xBE\xA8\xE7\x8E\x87\xE9\x80\x9A\xE8\xBF\x87\x20\x44\x78\x31\x32\xEF\xBC\x89", "\x58\x65\x53\x53\x20\x77\x2F\x44\x78\x31\x32\xEF\xBC\x88\x49\x6E\x74\x65\x6C\xE8\xB6\x85\xE5\x88\x86\xE8\xBE\xA8\xE7\x8E\x87\xE9\x80\x9A\xE9\x81\x8E\x20\x44\x78\x31\x32\xEF\xBC\x89"},
{"\x46\x53\x52\x20\x32\x2E\x31\x2E\x32", "\x46\x53\x52\x20\x32\x2E\x31\x2E\x32"},
{"\x46\x53\x52\x20\x32\x2E\x32\x2E\x31", "\x46\x53\x52\x20\x32\x2E\x32\x2E\x31"},
{"\x46\x53\x52\x20\x32\x2E\x31\x2E\x32\x20\x77\x2F\x44\x78\x31\x32", "\x46\x53\x52\x20\x32\x2E\x31\x2E\x32\x20\x77\x2F\x44\x78\x31\x32"},
{"\x46\x53\x52\x20\x32\x2E\x32\x2E\x31\x20\x77\x2F\x44\x78\x31\x32", "\x46\x53\x52\x20\x32\x2E\x32\x2E\x31\x20\x77\x2F\x44\x78\x31\x32"},
{"\x46\x53\x52\x20\x33\x2E\x58", "\x46\x53\x52\x20\x33\x2E\x58"},
{"\x46\x53\x52\x20\x33\x2E\x58\x20\x77\x2F\x44\x78\x31\x32", "\x46\x53\x52\x20\x33\x2E\x58\x20\x77\x2F\x44\x78\x31\x32"},
{"\x46\x53\x52\x20\x33\x2E\x58\x2F\x34", "\x46\x53\x52\x20\x33\x2E\x58\x2F\x34"},
{"\x46\x53\x52\x20\x33\x2E\x58\x2F\x34\x20\x77\x2F\x44\x78\x31\x32", "\x46\x53\x52\x20\x33\x2E\x58\x2F\x34\x20\x77\x2F\x44\x78\x31\x32"},
{"\x44\x4C\x53\x53\xEF\xBC\x88\xE6\xB7\xB1\xE5\xBA\xA6\xE5\xAD\xA6\xE4\xB9\xA0\xE8\xB6\x85\xE7\xBA\xA7\xE9\x87\x87\xE6\xA0\xB7\xEF\xBC\x89", "\x44\x4C\x53\x53\xEF\xBC\x88\xE6\xB7\xB1\xE5\xBA\xA6\xE5\xAD\xB8\xE7\xBF\x92\xE8\xB6\x85\xE7\xB4\x9A\xE6\x8E\xA1\xE6\xA8\xA3\xEF\xBC\x89"},
{"\xE9\xBB\x98\xE8\xAE\xA4", "\xE9\xBB\x98\xE8\xAA\x8D"},
{"\xE9\xA2\x84\xE8\xAE\xBE\x20\x41", "\xE9\xA0\x90\xE8\xA8\xAD\x20\x41"},
{"\xE9\xA2\x84\xE8\xAE\xBE\x20\x42", "\xE9\xA0\x90\xE8\xA8\xAD\x20\x42"},
{"\xE9\xA2\x84\xE8\xAE\xBE\x20\x43", "\xE9\xA0\x90\xE8\xA8\xAD\x20\x43"},
{"\xE9\xA2\x84\xE8\xAE\xBE\x20\x44", "\xE9\xA0\x90\xE8\xA8\xAD\x20\x44"},
{"\xE9\xA2\x84\xE8\xAE\xBE\x20\x45", "\xE9\xA0\x90\xE8\xA8\xAD\x20\x45"},
{"\xE9\xA2\x84\xE8\xAE\xBE\x20\x46", "\xE9\xA0\x90\xE8\xA8\xAD\x20\x46"},
{"\xE9\xA2\x84\xE8\xAE\xBE\x20\x47", "\xE9\xA0\x90\xE8\xA8\xAD\x20\x47"},
{"\xE9\xA2\x84\xE8\xAE\xBE\x20\x48", "\xE9\xA0\x90\xE8\xA8\xAD\x20\x48"},
{"\xE9\xA2\x84\xE8\xAE\xBE\x20\x49", "\xE9\xA0\x90\xE8\xA8\xAD\x20\x49"},
{"\xE9\xA2\x84\xE8\xAE\xBE\x20\x4A", "\xE9\xA0\x90\xE8\xA8\xAD\x20\x4A"},
{"\xE9\xA2\x84\xE8\xAE\xBE\x20\x4B", "\xE9\xA0\x90\xE8\xA8\xAD\x20\x4B"},
{"\xE9\xA2\x84\xE8\xAE\xBE\x20\x4C", "\xE9\xA0\x90\xE8\xA8\xAD\x20\x4C"},
{"\xE9\xA2\x84\xE8\xAE\xBE\x20\x4D", "\xE9\xA0\x90\xE8\xA8\xAD\x20\x4D"},
{"\xE9\xA2\x84\xE8\xAE\xBE\x20\x4E", "\xE9\xA0\x90\xE8\xA8\xAD\x20\x4E"},
{"\xE9\xA2\x84\xE8\xAE\xBE\x20\x4F", "\xE9\xA0\x90\xE8\xA8\xAD\x20\x4F"},
{"\xE6\x9C\x80\xE6\x96\xB0", "\xE6\x9C\x80\xE6\x96\xB0"},
{"\xE4\xBD\xBF\xE7\x94\xA8\xE6\xB8\xB8\xE6\x88\x8F\xE8\x87\xAA\xE5\xB8\xA6\xE7\x9A\x84\xE9\xA2\x84\xE8\xAE\xBE", "\xE4\xBD\xBF\xE7\x94\xA8\xE9\x81\x8A\xE6\x88\xB2\xE8\x87\xAA\xE5\xB8\xB6\xE7\x9A\x84\xE9\xA0\x90\xE8\xA8\xAD"},
{"\xE6\x9C\xAA\xE4\xBD\xBF\xE7\x94\xA8", "\xE6\x9C\xAA\xE4\xBD\xBF\xE7\x94\xA8"},
{"\x44\x4C\x4C\x20\xE6\x94\xAF\xE6\x8C\x81\xE7\x9A\x84\xE6\x9C\x80\xE6\x96\xB0\xE7\x89\x88\xE6\x9C\xAC", "\x44\x4C\x4C\x20\xE6\x94\xAF\xE6\x8C\x81\xE7\x9A\x84\xE6\x9C\x80\xE6\x96\xB0\xE7\x89\x88\xE6\x9C\xAC"},
{"\xE9\xBB\x98\xE8\xAE\xA4\xE6\xA8\xA1\xE5\x9E\x8B\xEF\xBC\x8C\x54\x72\x61\x6E\x73\x66\x6F\x72\x6D\x65\x72", "\xE9\xBB\x98\xE8\xAA\x8D\xE6\xA8\xA1\xE5\x9E\x8B\xEF\xBC\x8C\x54\x72\x61\x6E\x73\x66\x6F\x72\x6D\x65\x72"},
{"\xE6\x9C\x80\xE6\x96\xB0\x20\x54\x72\x61\x6E\x73\x66\x6F\x72\x6D\x65\x72\x20\xE6\xA8\xA1\xE5\x9E\x8B\x0A\xE5\xA6\x82\xE9\x9C\x80\xE8\xA6\x81\x20\x44\x6F\x46\x20\xE6\x8C\x87\xE5\xBC\x95\xE5\xBF\x85\xE9\xA1\xBB\xE4\xBD\xBF\xE7\x94\xA8", "\xE6\x9C\x80\xE6\x96\xB0\x20\x54\x72\x61\x6E\x73\x66\x6F\x72\x6D\x65\x72\x20\xE6\xA8\xA1\xE5\x9E\x8B\x0A\xE5\xA6\x82\xE9\x9C\x80\xE8\xA6\x81\x20\x44\x6F\x46\x20\xE6\x8C\x87\xE5\xBC\x95\xE5\xBF\x85\xE9\xA0\x88\xE4\xBD\xBF\xE7\x94\xA8"},
{"\xE6\x97\xA0\xE5\xB8\xA7\xE7\x94\x9F\xE6\x88\x90", "\xE7\x84\xA1\xE5\xB9\x80\xE7\x94\x9F\xE6\x88\x90"},
{"\x4E\x75\x6B\x65\x6D\x27\x73\x20\x44\x4C\x53\x53\x47", "\x4E\x75\x6B\x65\x6D\x27\x73\x20\x44\x4C\x53\x53\x47"},
{"\x46\x53\x52\x20\x33\x2E\x31\x20\x46\x47\xEF\xBC\x88\x41\x4D\x44\xE5\xB8\xA7\xE7\x94\x9F\xE6\x88\x90\xEF\xBC\x89", "\x46\x53\x52\x20\x33\x2E\x31\x20\x46\x47\xEF\xBC\x88\x41\x4D\x44\xE5\xB9\x80\xE7\x94\x9F\xE6\x88\x90\xEF\xBC\x89"},
{"\x44\x4C\x53\x53\x47\x20\x76\x69\x61\x20\x53\x74\x72\x65\x61\x6D\x6C\x69\x6E\x65\xEF\xBC\x88\x44\x4C\x53\x53\xE5\xB8\xA7\xE7\x94\x9F\xE6\x88\x90\xE9\x80\x9A\xE8\xBF\x87\x20\x53\x74\x72\x65\x61\x6D\x6C\x69\x6E\x65\xEF\xBC\x89", "\x44\x4C\x53\x53\x47\x20\x76\x69\x61\x20\x53\x74\x72\x65\x61\x6D\x6C\x69\x6E\x65\xEF\xBC\x88\x44\x4C\x53\x53\xE5\xB9\x80\xE7\x94\x9F\xE6\x88\x90\xE9\x80\x9A\xE9\x81\x8E\x20\x53\x74\x72\x65\x61\x6D\x6C\x69\x6E\x65\xEF\xBC\x89"},
{"\x58\x65\x46\x47\xEF\xBC\x88\x49\x6E\x74\x65\x6C\xE5\xB8\xA7\xE7\x94\x9F\xE6\x88\x90\xEF\xBC\x89", "\x58\x65\x46\x47\xEF\xBC\x88\x49\x6E\x74\x65\x6C\xE5\xB9\x80\xE7\x94\x9F\xE6\x88\x90\xEF\xBC\x89"},
{"\x4F\x70\x74\x69\x46\x47\x20\x28\x55\x70\x73\x63\x61\x6C\x65\x72\x29\xEF\xBC\x88\x4F\x70\x74\x69\x53\x63\x61\x6C\x65\x72\xE5\xB8\xA7\xE7\x94\x9F\xE6\x88\x90\xEF\xBC\x89", "\x4F\x70\x74\x69\x46\x47\x20\x28\x55\x70\x73\x63\x61\x6C\x65\x72\x29\xEF\xBC\x88\x4F\x70\x74\x69\x53\x63\x61\x6C\x65\x72\xE5\xB9\x80\xE7\x94\x9F\xE6\x88\x90\xEF\xBC\x89"},
{"\x46\x53\x52\x20\x33\x2E\x30\x20\x46\x47\xEF\xBC\x88\x41\x4D\x44\xE5\xB8\xA7\xE7\x94\x9F\xE6\x88\x90\xEF\xBC\x89", "\x46\x53\x52\x20\x33\x2E\x30\x20\x46\x47\xEF\xBC\x88\x41\x4D\x44\xE5\xB9\x80\xE7\x94\x9F\xE6\x88\x90\xEF\xBC\x89"},
{"\x46\x53\x52\x33\x2D\x46\x47\x20\x76\x69\x61\x20\x4E\x75\x6B\x65\x6D\x27\x73\xEF\xBC\x88\x4E\x75\x6B\x65\x6D\x20\xE7\x9A\x84\x20\x46\x53\x52\x33\x20\xE5\xB8\xA7\xE7\x94\x9F\xE6\x88\x90\xEF\xBC\x89", "\x46\x53\x52\x33\x2D\x46\x47\x20\x76\x69\x61\x20\x4E\x75\x6B\x65\x6D\x27\x73\xEF\xBC\x88\x4E\x75\x6B\x65\x6D\x20\xE7\x9A\x84\x20\x46\x53\x52\x33\x20\xE5\xB9\x80\xE7\x94\x9F\xE6\x88\x90\xEF\xBC\x89"},
{"\x46\x53\x52\x20\x46\x47\xEF\xBC\x88\x41\x4D\x44\xE5\xB8\xA7\xE7\x94\x9F\xE6\x88\x90\xEF\xBC\x89", "\x46\x53\x52\x20\x46\x47\xEF\xBC\x88\x41\x4D\x44\xE5\xB9\x80\xE7\x94\x9F\xE6\x88\x90\xEF\xBC\x89"},
{"\x44\x4C\x53\x53\x47\xEF\xBC\x88\x44\x4C\x53\x53\xE5\xB8\xA7\xE7\x94\x9F\xE6\x88\x90\xEF\xBC\x89", "\x44\x4C\x53\x53\x47\xEF\xBC\x88\x44\x4C\x53\x53\xE5\xB9\x80\xE7\x94\x9F\xE6\x88\x90\xEF\xBC\x89"},
{"\xE4\xBF\x9D\xE5\xAE\x88", "\xE4\xBF\x9D\xE5\xAE\x88"},
{"\xE6\xBF\x80\xE8\xBF\x9B", "\xE6\xBF\x80\xE9\x80\xB2"},
{"\x52\x65\x66\x6C\x65\x78\x20\x49\x44", "\x52\x65\x66\x6C\x65\x78\x20\x49\x44"},
{"\x46\x53\x52\x31", "\x46\x53\x52\x31"},
{"\xE5\x8F\x8C\xE4\xB8\x89\xE6\xAC\xA1", "\xE9\x9B\x99\xE4\xB8\x89\xE6\xAC\xA1"},
{"\x43\x61\x74\x6D\x75\x6C\x6C\x2D\x52\x6F\x6D", "\x43\x61\x74\x6D\x75\x6C\x6C\x2D\x52\x6F\x6D"},
{"\x4C\x61\x6E\x63\x7A\x6F\x73\x32", "\x4C\x61\x6E\x63\x7A\x6F\x73\x32"},
{"\x4C\x61\x6E\x63\x7A\x6F\x73\x33", "\x4C\x61\x6E\x63\x7A\x6F\x73\x33"},
{"\x4B\x61\x69\x73\x65\x72\x32", "\x4B\x61\x69\x73\x65\x72\x32"},
{"\x4B\x61\x69\x73\x65\x72\x33", "\x4B\x61\x69\x73\x65\x72\x33"},
{"\x4D\x41\x47\x49\x43", "\x4D\x41\x47\x49\x43"},
{"\xE9\x99\x90\xE4\xBA\x8E\x20\x46\x53\x52\x33\x2D\x46\x47\x0A\x0A\xE5\x8E\x9F\xE7\x94\x9F\xE6\x94\xAF\xE6\x8C\x81\x20\x48\x75\x64\x6C\x65\x73\x73\x0A\x0A\xE4\xBD\xBF\xE7\x94\xA8\x20\x53\x74\x72\x65\x61\x6D\x6C\x69\x6E\x65\x20\xE4\xBA\xA4\xE6\x8D\xA2\xE9\x93\xBE\xE8\xBF\x9B\xE8\xA1\x8C\xE9\x80\x9F\xE7\x8E\x87\xE6\x8E\xA7\xE5\x88\xB6", "\xE9\x99\x90\xE6\x96\xBC\x20\x46\x53\x52\x33\x2D\x46\x47\x0A\x0A\xE5\x8E\x9F\xE7\x94\x9F\xE6\x94\xAF\xE6\x8C\x81\x20\x48\x75\x64\x6C\x65\x73\x73\x0A\x0A\xE4\xBD\xBF\xE7\x94\xA8\x20\x53\x74\x72\x65\x61\x6D\x6C\x69\x6E\x65\x20\xE4\xBA\xA4\xE6\x8F\x9B\xE9\x8F\x88\xE9\x80\xB2\xE8\xA1\x8C\xE9\x80\x9F\xE7\x8E\x87\xE6\x8E\xA7\xE5\x88\xB6"},
{"\xE5\x8F\xAF\xE4\xB8\x8E\xE4\xBB\xBB\xE4\xBD\x95\x20\x46\x47\x20\xE8\xBE\x93\xE5\x87\xBA\xE4\xB8\x80\xE8\xB5\xB7\xE4\xBD\xBF\xE7\x94\xA8\x0A\x0A\xE5\x8E\x9F\xE7\x94\x9F\xE6\x94\xAF\xE6\x8C\x81\x20\x48\x75\x64\x6C\x65\x73\x73", "\xE5\x8F\xAF\xE8\x88\x87\xE4\xBB\xBB\xE4\xBD\x95\x20\x46\x47\x20\xE8\xBC\xB8\xE5\x87\xBA\xE4\xB8\x80\xE8\xB5\xB7\xE4\xBD\xBF\xE7\x94\xA8\x0A\x0A\xE5\x8E\x9F\xE7\x94\x9F\xE6\x94\xAF\xE6\x8C\x81\x20\x48\x75\x64\x6C\x65\x73\x73"},
{"\xE5\x8F\xAF\xE4\xB8\x8E\xE4\xBB\xBB\xE4\xBD\x95\x20\x46\x47\x20\xE8\xBE\x93\xE5\x87\xBA\xE4\xB8\x80\xE8\xB5\xB7\xE4\xBD\xBF\xE7\x94\xA8\x0A\x0A\xE5\x8E\x9F\xE7\x94\x9F\xE6\x94\xAF\xE6\x8C\x81\x20\x48\x75\x64\x6C\x65\x73\x73\x0A\x0A\xE4\xBB\x85\xE9\x99\x90\xE4\xBA\x8E\xE4\xBD\xBF\xE7\x94\xA8\x20\x53\x74\x72\x65\x61\x6D\x6C\x69\x6E\x65\x20\x76\x32\x20\xE7\x9A\x84\xE6\xB8\xB8\xE6\x88\x8F", "\xE5\x8F\xAF\xE8\x88\x87\xE4\xBB\xBB\xE4\xBD\x95\x20\x46\x47\x20\xE8\xBC\xB8\xE5\x87\xBA\xE4\xB8\x80\xE8\xB5\xB7\xE4\xBD\xBF\xE7\x94\xA8\x0A\x0A\xE5\x8E\x9F\xE7\x94\x9F\xE6\x94\xAF\xE6\x8C\x81\x20\x48\x75\x64\x6C\x65\x73\x73\x0A\x0A\xE5\x83\x85\xE9\x99\x90\xE6\x96\xBC\xE4\xBD\xBF\xE7\x94\xA8\x20\x53\x74\x72\x65\x61\x6D\x6C\x69\x6E\x65\x20\x76\x32\x20\xE7\x9A\x84\xE9\x81\x8A\xE6\x88\xB2"},
{"\xE9\x9C\x80\xE8\xA6\x81\xE5\x90\xAF\xE7\x94\xA8\xE8\xB6\x85\xE5\x88\x86\xE8\xBE\xA8\xE7\x8E\x87\x0A\x0A\xE5\x8F\xAF\xE4\xB8\x8E\xE4\xBB\xBB\xE4\xBD\x95\x20\x46\x47\x20\xE8\xBE\x93\xE5\x87\xBA\xE4\xB8\x80\xE8\xB5\xB7\xE4\xBD\xBF\xE7\x94\xA8\xEF\xBC\x8C\xE4\xBD\x86\xE9\x83\xA8\xE5\x88\x86\xE5\x8F\xAF\xE8\x83\xBD\xE4\xB8\x8D\xE5\xAE\x8C\xE7\xBE\x8E\x0A\x0A\xE4\xB8\xBA\xE9\x98\xB2\xE6\xAD\xA2\x20\x55\x49\x20\xE5\xB4\xA9\xE6\xBA\x83\xEF\xBC\x8C\xE9\x9C\x80\xE8\xA6\x81\x20\x48\x55\x44\x66\x69\x78", "\xE9\x9C\x80\xE8\xA6\x81\xE5\x95\x93\xE7\x94\xA8\xE8\xB6\x85\xE5\x88\x86\xE8\xBE\xA8\xE7\x8E\x87\x0A\x0A\xE5\x8F\xAF\xE8\x88\x87\xE4\xBB\xBB\xE4\xBD\x95\x20\x46\x47\x20\xE8\xBC\xB8\xE5\x87\xBA\xE4\xB8\x80\xE8\xB5\xB7\xE4\xBD\xBF\xE7\x94\xA8\xEF\xBC\x8C\xE4\xBD\x86\xE9\x83\xA8\xE5\x88\x86\xE5\x8F\xAF\xE8\x83\xBD\xE4\xB8\x8D\xE5\xAE\x8C\xE7\xBE\x8E\x0A\x0A\xE7\x88\xB2\xE9\x98\xB2\xE6\xAD\xA2\x20\x55\x49\x20\xE5\xB4\xA9\xE6\xBD\xB0\xEF\xBC\x8C\xE9\x9C\x80\xE8\xA6\x81\x20\x48\x55\x44\x66\x69\x78"},
{"\x46\x53\x52\x33\x2F\x34\x20\x46\x47\xEF\xBC\x88\x41\x4D\x44\xE5\xB8\xA7\xE7\x94\x9F\xE6\x88\x90\xEF\xBC\x89", "\x46\x53\x52\x33\x2F\x34\x20\x46\x47\xEF\xBC\x88\x41\x4D\x44\xE5\xB9\x80\xE7\x94\x9F\xE6\x88\x90\xEF\xBC\x89"},
{"\xE5\xB0\x9A\xE6\x9C\xAA\xE5\xAE\x9E\xE7\x8E\xB0", "\xE5\xB0\x9A\xE6\x9C\xAA\xE5\xAF\xA6\xE7\x8F\xBE"},
{"\xE4\xB8\x8D\xE6\x94\xAF\xE6\x8C\x81\xE7\x9A\x84\x20\x41\x50\x49", "\xE4\xB8\x8D\xE6\x94\xAF\xE6\x8C\x81\xE7\x9A\x84\x20\x41\x50\x49"},
{"\x46\x53\x52\x33\x2D\x46\x47\x20\x4E\x75\x6B\x65\x6D\x2F\x45\x6E\x61\x62\x6C\x65\x72", "\x46\x53\x52\x33\x2D\x46\x47\x20\x4E\x75\x6B\x65\x6D\x2F\x45\x6E\x61\x62\x6C\x65\x72"},
{"\x4E\x75\x6B\x65\x6D\x2F\x41\x72\x74\x75\x72\x20\xE7\x9A\x84\x20\x44\x4C\x53\x53\x47", "\x4E\x75\x6B\x65\x6D\x2F\x41\x72\x74\x75\x72\x20\xE7\x9A\x84\x20\x44\x4C\x53\x53\x47"},
{"\x41\x72\x74\x75\x72\x20\xE7\x9A\x84\x20\x44\x4C\x53\x53\x47", "\x41\x72\x74\x75\x72\x20\xE7\x9A\x84\x20\x44\x4C\x53\x53\x47"},
{"\xE5\xB8\xA6\x20\x4E\x76\x6E\x67\x78\x20\x46\x47\x20\xE7\x9A\x84\x20\x44\x4C\x53\x53\x47", "\xE5\xB8\xB6\x20\x4E\x76\x6E\x67\x78\x20\x46\x47\x20\xE7\x9A\x84\x20\x44\x4C\x53\x53\x47"},
{"\xE9\x80\x82\xE7\x94\xA8\xE4\xBA\x8E\x20\x52\x54\x58\x20\x34\x30\x20\xE7\xB3\xBB\xE5\x88\x97\xE5\x8F\x8A\xE4\xBB\xA5\xE4\xB8\x8A", "\xE9\x81\xA9\xE7\x94\xA8\xE6\x96\xBC\x20\x52\x54\x58\x20\x34\x30\x20\xE7\xB3\xBB\xE5\x88\x97\xE5\x8F\x8A\xE4\xBB\xA5\xE4\xB8\x8A"},
{"\x53\x74\x72\x65\x61\x6D\x6C\x69\x6E\x65\x20\x2B\x20\x4E\x76\x6E\x67\x78\x46\x47", "\x53\x74\x72\x65\x61\x6D\x6C\x69\x6E\x65\x20\x2B\x20\x4E\x76\x6E\x67\x78\x46\x47"},
{"\xE7\xBC\xBA\xE5\xB0\x91\x20\x64\x6C\x73\x73\x67\x5F\x74\x6F\x5F\x66\x73\x72\x33\x5F\x61\x6D\x64\x5F\x69\x73\x5F\x62\x65\x74\x74\x65\x72\x2E\x64\x6C\x6C\x0A\xE6\x88\x96\x20\x64\x6C\x73\x73\x2D\x65\x6E\x61\x62\x6C\x65\x72\x2D\x68\x65\x61\x64\x6C\x65\x73\x73\x2E\x64\x6C\x6C", "\xE7\xBC\xBA\xE5\xB0\x91\x20\x64\x6C\x73\x73\x67\x5F\x74\x6F\x5F\x66\x73\x72\x33\x5F\x61\x6D\x64\x5F\x69\x73\x5F\x62\x65\x74\x74\x65\x72\x2E\x64\x6C\x6C\x0A\xE6\x88\x96\x20\x64\x6C\x73\x73\x2D\x65\x6E\x61\x62\x6C\x65\x72\x2D\x68\x65\x61\x64\x6C\x65\x73\x73\x2E\x64\x6C\x6C"},
{"\xE7\xBC\xBA\xE5\xB0\x91\x20\x64\x6C\x73\x73\x67\x5F\x74\x6F\x5F\x66\x73\x72\x33\x5F\x61\x6D\x64\x5F\x69\x73\x5F\x62\x65\x74\x74\x65\x72\x2E\x64\x6C\x6C\x20\xE6\x96\x87\xE4\xBB\xB6", "\xE7\xBC\xBA\xE5\xB0\x91\x20\x64\x6C\x73\x73\x67\x5F\x74\x6F\x5F\x66\x73\x72\x33\x5F\x61\x6D\x64\x5F\x69\x73\x5F\x62\x65\x74\x74\x65\x72\x2E\x64\x6C\x6C\x20\xE6\x96\x87\xE4\xBB\xB6"},
{"\xE4\xB8\x8D\xE6\x94\xAF\xE6\x8C\x81\xE7\x9A\x84\x20\x4F\x70\x74\x69\x20\xE5\xB7\xA5\xE4\xBD\x9C\xE6\xA8\xA1\xE5\xBC\x8F", "\xE4\xB8\x8D\xE6\x94\xAF\xE6\x8C\x81\xE7\x9A\x84\x20\x4F\x70\x74\x69\x20\xE5\xB7\xA5\xE4\xBD\x9C\xE6\xA8\xA1\xE5\xBC\x8F"},
{"\xE6\x9C\x80\xE5\xAE\x89\xE5\x85\xA8\xEF\xBC\x8C\xE4\xBD\x86\xE5\x8F\xAF\xE8\x83\xBD\xE9\x99\x8D\xE4\xBD\x8E\xE5\xBB\xB6\xE8\xBF\x9F\xE6\x95\x88\xE6\x9E\x9C\xE4\xB8\x8D\xE4\xBD\xB3", "\xE6\x9C\x80\xE5\xAE\x89\xE5\x85\xA8\xEF\xBC\x8C\xE4\xBD\x86\xE5\x8F\xAF\xE8\x83\xBD\xE9\x99\x8D\xE4\xBD\x8E\xE5\xBB\xB6\xE9\x81\xB2\xE6\x95\x88\xE6\x9E\x9C\xE4\xB8\x8D\xE4\xBD\xB3"},
{"\xE6\x94\xB9\xE5\x96\x84\xE5\xBB\xB6\xE8\xBF\x9F\xEF\xBC\x8C\xE4\xBD\x86\xE6\x9F\x90\xE4\xBA\x9B\xE6\x83\x85\xE5\x86\xB5\xE4\xB8\x8B\xE9\x99\x8D\x20\x46\x50\x53\x20\xE8\xB6\x85\xE8\xBF\x87\xE9\xA2\x84\xE6\x9C\x9F", "\xE6\x94\xB9\xE5\x96\x84\xE5\xBB\xB6\xE9\x81\xB2\xEF\xBC\x8C\xE4\xBD\x86\xE6\x9F\x90\xE4\xBA\x9B\xE6\x83\x85\xE6\xB3\x81\xE4\xB8\x8B\xE9\x99\x8D\x20\x46\x50\x53\x20\xE8\xB6\x85\xE9\x81\x8E\xE9\xA0\x90\xE6\x9C\x9F"},
{"\xE5\x8F\xAF\xE7\x94\xA8\xE6\x97\xB6\xE6\x95\x88\xE6\x9E\x9C\xE6\x9C\x80\xE4\xBD\xB3\xEF\xBC\x8C\xE9\x83\xA8\xE5\x88\x86\xE6\xB8\xB8\xE6\x88\x8F\xE4\xB8\x8D\xE5\x85\xBC\xE5\xAE\xB9\xEF\xBC\x88\xE5\xA6\x82\x20\x43\x79\x62\x65\x72\x70\x75\x6E\x6B\xEF\xBC\x89\x0A\xE5\xB0\x86\xE9\x80\x80\xE5\x9B\x9E\xE5\x88\xB0\xE6\xBF\x80\xE8\xBF\x9B\xE6\xA8\xA1\xE5\xBC\x8F", "\xE5\x8F\xAF\xE7\x94\xA8\xE6\x99\x82\xE6\x95\x88\xE6\x9E\x9C\xE6\x9C\x80\xE4\xBD\xB3\xEF\xBC\x8C\xE9\x83\xA8\xE5\x88\x86\xE9\x81\x8A\xE6\x88\xB2\xE4\xB8\x8D\xE5\x85\xBC\xE5\xAE\xB9\xEF\xBC\x88\xE5\xA6\x82\x20\x43\x79\x62\x65\x72\x70\x75\x6E\x6B\xEF\xBC\x89\x0A\xE5\xB0\x87\xE9\x80\x80\xE5\x9B\x9E\xE5\x88\xB0\xE6\xBF\x80\xE9\x80\xB2\xE6\xA8\xA1\xE5\xBC\x8F"},
{"\xE9\x80\x82\xE7\x94\xA8\xE4\xBA\x8E\xE6\x80\xA7\xE8\x83\xBD\x2F\xE5\x9D\x87\xE8\xA1\xA1\x2F\xE8\xB4\xA8\xE9\x87\x8F\xE6\xA8\xA1\xE5\xBC\x8F\xE3\x80\x82\x0A\xE8\xBE\x83\xE6\x97\xA9\xE7\x9A\x84\xE5\x8F\x98\xE4\xBD\x93\xEF\xBC\x8C\xE6\x9C\x80\xE9\x80\x82\xE5\x90\x88\xE5\xBA\x94\xE5\xAF\xB9\xE5\xB9\xBB\xE5\xBD\xB1\x2E\x2E\x2E\x0A\xE5\x9C\xA8\xE6\x96\xB0\xE7\x89\x88\xE4\xB8\xAD\xE5\xB7\xB2\xE7\xA7\xBB\xE9\x99\xA4\xEF\xBC\x81", "\xE9\x81\xA9\xE7\x94\xA8\xE6\x96\xBC\xE6\x80\xA7\xE8\x83\xBD\x2F\xE5\x9D\x87\xE8\xA1\xA1\x2F\xE8\xB3\xAA\xE9\x87\x8F\xE6\xA8\xA1\xE5\xBC\x8F\xE3\x80\x82\x0A\xE8\xBC\x83\xE6\x97\xA9\xE7\x9A\x84\xE8\xAE\x8A\xE9\xAB\x94\xEF\xBC\x8C\xE6\x9C\x80\xE9\x81\xA9\xE5\x90\x88\xE6\x87\x89\xE5\xB0\x8D\xE5\xB9\xBB\xE5\xBD\xB1\x2E\x2E\x2E\x0A\xE5\x9C\xA8\xE6\x96\xB0\xE7\x89\x88\xE4\xB8\xAD\xE5\xB7\xB2\xE7\xA7\xBB\xE9\x99\xA4\xEF\xBC\x81"},
{"\xE9\x80\x82\xE7\x94\xA8\xE4\xBA\x8E\xE8\xB6\x85\xE9\xAB\x98\xE6\x80\xA7\xE8\x83\xBD\xE6\xA8\xA1\xE5\xBC\x8F\xE3\x80\x82\x0A\xE4\xB8\x8E\xE9\xA2\x84\xE8\xAE\xBE\x20\x41\x20\xE7\xB1\xBB\xE4\xBC\xBC\x2E\x2E\x2E\x0A\xE5\x9C\xA8\xE6\x96\xB0\xE7\x89\x88\xE4\xB8\xAD\xE5\xB7\xB2\xE7\xA7\xBB\xE9\x99\xA4\xEF\xBC\x81", "\xE9\x81\xA9\xE7\x94\xA8\xE6\x96\xBC\xE8\xB6\x85\xE9\xAB\x98\xE6\x80\xA7\xE8\x83\xBD\xE6\xA8\xA1\xE5\xBC\x8F\xE3\x80\x82\x0A\xE8\x88\x87\xE9\xA0\x90\xE8\xA8\xAD\x20\x41\x20\xE9\xA1\x9E\xE4\xBC\xBC\x2E\x2E\x2E\x0A\xE5\x9C\xA8\xE6\x96\xB0\xE7\x89\x88\xE4\xB8\xAD\xE5\xB7\xB2\xE7\xA7\xBB\xE9\x99\xA4\xEF\xBC\x81"},
{"\xE9\x80\x82\xE7\x94\xA8\xE4\xBA\x8E\xE6\x80\xA7\xE8\x83\xBD\x2F\xE5\x9D\x87\xE8\xA1\xA1\x2F\xE8\xB4\xA8\xE9\x87\x8F\xE6\xA8\xA1\xE5\xBC\x8F\xE3\x80\x82\x0A\xE4\xB8\x80\xE8\x88\xAC\xE5\x81\x8F\xE5\x90\x91\xE5\xBD\x93\xE5\x89\x8D\xE5\xB8\xA7\xE4\xBF\xA1\xE6\x81\xAF\x2E\x2E\x2E\x0A\xE5\x9C\xA8\xE6\x96\xB0\xE7\x89\x88\xE4\xB8\xAD\xE5\xB7\xB2\xE7\xA7\xBB\xE9\x99\xA4\xEF\xBC\x81", "\xE9\x81\xA9\xE7\x94\xA8\xE6\x96\xBC\xE6\x80\xA7\xE8\x83\xBD\x2F\xE5\x9D\x87\xE8\xA1\xA1\x2F\xE8\xB3\xAA\xE9\x87\x8F\xE6\xA8\xA1\xE5\xBC\x8F\xE3\x80\x82\x0A\xE4\xB8\x80\xE8\x88\xAC\xE5\x81\x8F\xE5\x90\x91\xE7\x95\xB6\xE5\x89\x8D\xE5\xB9\x80\xE4\xBF\xA1\xE6\x81\xAF\x2E\x2E\x2E\x0A\xE5\x9C\xA8\xE6\x96\xB0\xE7\x89\x88\xE4\xB8\xAD\xE5\xB7\xB2\xE7\xA7\xBB\xE9\x99\xA4\xEF\xBC\x81"},
{"\xE6\x80\xA7\xE8\x83\xBD\x2F\xE5\x9D\x87\xE8\xA1\xA1\x2F\xE8\xB4\xA8\xE9\x87\x8F\xE6\xA8\xA1\xE5\xBC\x8F\xE7\x9A\x84\xE9\xBB\x98\xE8\xAE\xA4\xE9\xA2\x84\xE8\xAE\xBE\xEF\xBC\x9B\x0A\xE4\xB8\x80\xE8\x88\xAC\xE5\x81\x8F\xE5\x90\x91\xE5\x9B\xBE\xE5\x83\x8F\xE7\xA8\xB3\xE5\xAE\x9A\xE6\x80\xA7\xE3\x80\x82\x0A\xE5\x9C\xA8\xE6\x96\xB0\xE7\x89\x88\xE4\xB8\xAD\xE5\xB7\xB2\xE7\xA7\xBB\xE9\x99\xA4\xEF\xBC\x81", "\xE6\x80\xA7\xE8\x83\xBD\x2F\xE5\x9D\x87\xE8\xA1\xA1\x2F\xE8\xB3\xAA\xE9\x87\x8F\xE6\xA8\xA1\xE5\xBC\x8F\xE7\x9A\x84\xE9\xBB\x98\xE8\xAA\x8D\xE9\xA0\x90\xE8\xA8\xAD\xEF\xBC\x9B\x0A\xE4\xB8\x80\xE8\x88\xAC\xE5\x81\x8F\xE5\x90\x91\xE5\x9C\x96\xE5\x83\x8F\xE7\xA9\xA9\xE5\xAE\x9A\xE6\x80\xA7\xE3\x80\x82\x0A\xE5\x9C\xA8\xE6\x96\xB0\xE7\x89\x88\xE4\xB8\xAD\xE5\xB7\xB2\xE7\xA7\xBB\xE9\x99\xA4\xEF\xBC\x81"},
{"\x44\x4C\x53\x53\x20\x33\x2E\x37\x2B\xEF\xBC\x8C\xE6\x9B\xB4\xE5\xA5\xBD\xE7\x9A\x84\x20\x44\x20\xE9\xA2\x84\xE8\xAE\xBE\x0A\xE5\x9C\xA8\xE6\x96\xB0\xE7\x89\x88\xE4\xB8\xAD\xE5\xB7\xB2\xE7\xA7\xBB\xE9\x99\xA4\xEF\xBC\x81", "\x44\x4C\x53\x53\x20\x33\x2E\x37\x2B\xEF\xBC\x8C\xE6\x9B\xB4\xE5\xA5\xBD\xE7\x9A\x84\x20\x44\x20\xE9\xA0\x90\xE8\xA8\xAD\x0A\xE5\x9C\xA8\xE6\x96\xB0\xE7\x89\x88\xE4\xB8\xAD\xE5\xB7\xB2\xE7\xA7\xBB\xE9\x99\xA4\xEF\xBC\x81"},
{"\xE8\xB6\x85\xE9\xAB\x98\xE6\x80\xA7\xE8\x83\xBD\xE5\x92\x8C\x20\x44\x4C\x41\x41\x20\xE6\xA8\xA1\xE5\xBC\x8F\xE7\x9A\x84\xE9\xBB\x98\xE8\xAE\xA4\xE9\xA2\x84\xE8\xAE\xBE\x0A\xE5\x9C\xA8\xE6\x96\xB0\xE7\x89\x88\xE4\xB8\xAD\xE5\xB7\xB2\xE7\xA7\xBB\xE9\x99\xA4\xEF\xBC\x81", "\xE8\xB6\x85\xE9\xAB\x98\xE6\x80\xA7\xE8\x83\xBD\xE5\x92\x8C\x20\x44\x4C\x41\x41\x20\xE6\xA8\xA1\xE5\xBC\x8F\xE7\x9A\x84\xE9\xBB\x98\xE8\xAA\x8D\xE9\xA0\x90\xE8\xA8\xAD\x0A\xE5\x9C\xA8\xE6\x96\xB0\xE7\x89\x88\xE4\xB8\xAD\xE5\xB7\xB2\xE7\xA7\xBB\xE9\x99\xA4\xEF\xBC\x81"},
{"\xE4\xB8\x8E\xE9\xA2\x84\xE8\xAE\xBE\x20\x4B\x20\xE7\xB1\xBB\xE4\xBC\xBC\xE3\x80\x82\xE9\xA2\x84\xE8\xAE\xBE\x20\x4A\x20\xE5\x8F\xAF\xE8\x83\xBD\xE7\xA8\x8D\xE5\xBE\xAE\x0A\xE6\x9B\xB4\xE5\xB0\x91\xE5\xB9\xBB\xE5\xBD\xB1\x2E\x2E\x2E\x0A\xE7\xAC\xAC\xE4\xB8\x80\xE4\xBB\xA3\x20\x54\x72\x61\x6E\x73\x66\x6F\x72\x6D\x65\x72", "\xE8\x88\x87\xE9\xA0\x90\xE8\xA8\xAD\x20\x4B\x20\xE9\xA1\x9E\xE4\xBC\xBC\xE3\x80\x82\xE9\xA0\x90\xE8\xA8\xAD\x20\x4A\x20\xE5\x8F\xAF\xE8\x83\xBD\xE7\xA8\x8D\xE5\xBE\xAE\x0A\xE6\x9B\xB4\xE5\xB0\x91\xE5\xB9\xBB\xE5\xBD\xB1\x2E\x2E\x2E\x0A\xE7\xAC\xAC\xE4\xB8\x80\xE4\xBB\xA3\x20\x54\x72\x61\x6E\x73\x66\x6F\x72\x6D\x65\x72"},
{"\x44\x4C\x41\x41\x2F\xE5\x9D\x87\xE8\xA1\xA1\x2F\xE8\xB4\xA8\xE9\x87\x8F\xE6\xA8\xA1\xE5\xBC\x8F\xE7\x9A\x84\xE9\xBB\x98\xE8\xAE\xA4\xE9\xA2\x84\xE8\xAE\xBE\x2E\x2E\x2E\x0A\xE7\xAC\xAC\xE4\xB8\x80\xE4\xBB\xA3\x20\x54\x72\x61\x6E\x73\x66\x6F\x72\x6D\x65\x72", "\x44\x4C\x41\x41\x2F\xE5\x9D\x87\xE8\xA1\xA1\x2F\xE8\xB3\xAA\xE9\x87\x8F\xE6\xA8\xA1\xE5\xBC\x8F\xE7\x9A\x84\xE9\xBB\x98\xE8\xAA\x8D\xE9\xA0\x90\xE8\xA8\xAD\x2E\x2E\x2E\x0A\xE7\xAC\xAC\xE4\xB8\x80\xE4\xBB\xA3\x20\x54\x72\x61\x6E\x73\x66\x6F\x72\x6D\x65\x72"},
{"\xE8\xB6\x85\xE9\xAB\x98\xE6\x80\xA7\xE8\x83\xBD\xE6\xA8\xA1\xE5\xBC\x8F\xE7\x9A\x84\xE9\xBB\x98\xE8\xAE\xA4\xE9\xA2\x84\xE8\xAE\xBE\x0A\xE7\xAC\xAC\xE4\xBA\x8C\xE4\xBB\xA3\x20\x54\x72\x61\x6E\x73\x66\x6F\x72\x6D\x65\x72\x73", "\xE8\xB6\x85\xE9\xAB\x98\xE6\x80\xA7\xE8\x83\xBD\xE6\xA8\xA1\xE5\xBC\x8F\xE7\x9A\x84\xE9\xBB\x98\xE8\xAA\x8D\xE9\xA0\x90\xE8\xA8\xAD\x0A\xE7\xAC\xAC\xE4\xBA\x8C\xE4\xBB\xA3\x20\x54\x72\x61\x6E\x73\x66\x6F\x72\x6D\x65\x72\x73"},
{"\xE6\x80\xA7\xE8\x83\xBD\xE6\xA8\xA1\xE5\xBC\x8F\xE7\x9A\x84\xE9\xBB\x98\xE8\xAE\xA4\xE9\xA2\x84\xE8\xAE\xBE\x0A\xE7\xAC\xAC\xE4\xBA\x8C\xE4\xBB\xA3\x20\x54\x72\x61\x6E\x73\x66\x6F\x72\x6D\x65\x72", "\xE6\x80\xA7\xE8\x83\xBD\xE6\xA8\xA1\xE5\xBC\x8F\xE7\x9A\x84\xE9\xBB\x98\xE8\xAA\x8D\xE9\xA0\x90\xE8\xA8\xAD\x0A\xE7\xAC\xAC\xE4\xBA\x8C\xE4\xBB\xA3\x20\x54\x72\x61\x6E\x73\x66\x6F\x72\x6D\x65\x72"},
{"\xE9\xA2\x84\xE8\xAE\xBE\x20\x41\x0A\xE5\x9C\xA8\xE6\x96\xB0\xE7\x89\x88\xE4\xB8\xAD\xE5\xB7\xB2\xE7\xA7\xBB\xE9\x99\xA4\xEF\xBC\x81", "\xE9\xA0\x90\xE8\xA8\xAD\x20\x41\x0A\xE5\x9C\xA8\xE6\x96\xB0\xE7\x89\x88\xE4\xB8\xAD\xE5\xB7\xB2\xE7\xA7\xBB\xE9\x99\xA4\xEF\xBC\x81"},
{"\xE9\xA2\x84\xE8\xAE\xBE\x20\x42\x0A\xE5\x9C\xA8\xE6\x96\xB0\xE7\x89\x88\xE4\xB8\xAD\xE5\xB7\xB2\xE7\xA7\xBB\xE9\x99\xA4\xEF\xBC\x81", "\xE9\xA0\x90\xE8\xA8\xAD\x20\x42\x0A\xE5\x9C\xA8\xE6\x96\xB0\xE7\x89\x88\xE4\xB8\xAD\xE5\xB7\xB2\xE7\xA7\xBB\xE9\x99\xA4\xEF\xBC\x81"},
{"\xE9\xA2\x84\xE8\xAE\xBE\x20\x43\x0A\xE5\x9C\xA8\xE6\x96\xB0\xE7\x89\x88\xE4\xB8\xAD\xE5\xB7\xB2\xE7\xA7\xBB\xE9\x99\xA4\xEF\xBC\x81", "\xE9\xA0\x90\xE8\xA8\xAD\x20\x43\x0A\xE5\x9C\xA8\xE6\x96\xB0\xE7\x89\x88\xE4\xB8\xAD\xE5\xB7\xB2\xE7\xA7\xBB\xE9\x99\xA4\xEF\xBC\x81"},
{"\xE9\xBB\x98\xE8\xAE\xA4\xE9\x80\x89\xE9\xA1\xB9\xE3\x80\x82\x0A\xE5\x9B\xBE\xE5\x83\x8F\xE8\xB4\xA8\xE9\x87\x8F\xE8\xB6\xB3\xE5\xA4\x9F\xE5\xA5\xBD\xE4\xB8\x94\xE9\x80\x9F\xE5\xBA\xA6\xE5\xBE\x88\xE5\xBF\xAB\xE3\x80\x82", "\xE9\xBB\x98\xE8\xAA\x8D\xE9\x81\xB8\xE9\xA0\x85\xE3\x80\x82\x0A\xE5\x9C\x96\xE5\x83\x8F\xE8\xB3\xAA\xE9\x87\x8F\xE8\xB6\xB3\xE5\xA4\xA0\xE5\xA5\xBD\xE4\xB8\x94\xE9\x80\x9F\xE5\xBA\xA6\xE5\xBE\x88\xE5\xBF\xAB\xE3\x80\x82"},
{"\xE6\x9C\x80\xE5\xBF\xAB\xE7\x9A\x84\xE4\xBC\xA0\xE7\xBB\x9F\xE9\x80\x89\xE9\xA1\xB9\xE3\x80\x82\x0A\xE4\xBA\xA7\xE7\x94\x9F\xE9\x9D\x9E\xE5\xB8\xB8\xE6\x9F\x94\xE5\x92\x8C\x2F\xE6\xA8\xA1\xE7\xB3\x8A\xE7\x9A\x84\xE5\x9B\xBE\xE5\x83\x8F\xEF\xBC\x8C\xE4\xBD\x86\xE5\x8F\xAF\xE8\x83\xBD\xE9\x80\x82\xE5\x90\x88\xE9\x99\x8D\xE9\xA2\x91\xE3\x80\x82", "\xE6\x9C\x80\xE5\xBF\xAB\xE7\x9A\x84\xE5\x82\xB3\xE7\xB5\xB1\xE9\x81\xB8\xE9\xA0\x85\xE3\x80\x82\x0A\xE7\x94\xA2\xE7\x94\x9F\xE9\x9D\x9E\xE5\xB8\xB8\xE6\x9F\x94\xE5\x92\x8C\x2F\xE6\xA8\xA1\xE7\xB3\x8A\xE7\x9A\x84\xE5\x9C\x96\xE5\x83\x8F\xEF\xBC\x8C\xE4\xBD\x86\xE5\x8F\xAF\xE8\x83\xBD\xE9\x81\xA9\xE5\x90\x88\xE9\x99\x8D\xE9\xA0\xBB\xE3\x80\x82"},
{"\xE4\xB8\x93\xE4\xB8\xBA\xE9\x99\x8D\xE9\xA2\x91\xE8\x80\x8C\xE8\xAE\xBE\xE8\xAE\xA1\xE3\x80\x82\x0A\xE4\xBF\x9D\xE6\x8C\x81\xE8\x89\xAF\xE5\xA5\xBD\xE7\x9A\x84\xE5\xAF\xB9\xE6\xAF\x94\xE5\xBA\xA6\xEF\xBC\x8C\xE5\x81\x8F\xE7\xA7\xBB\xE6\x9E\x81\xE5\xB0\x91\xEF\xBC\x8C\xE4\xBD\x86\xE6\xAF\x94\x20\x4C\x61\x6E\x63\x7A\x6F\x73\x20\xE6\x9F\x94\xE3\x80\x82", "\xE5\xB0\x88\xE7\x88\xB2\xE9\x99\x8D\xE9\xA0\xBB\xE8\x80\x8C\xE8\xA8\xAD\xE8\xA8\x88\xE3\x80\x82\x0A\xE4\xBF\x9D\xE6\x8C\x81\xE8\x89\xAF\xE5\xA5\xBD\xE7\x9A\x84\xE5\xB0\x8D\xE6\xAF\x94\xE5\xBA\xA6\xEF\xBC\x8C\xE5\x81\x8F\xE7\xA7\xBB\xE6\xA5\xB5\xE5\xB0\x91\xEF\xBC\x8C\xE4\xBD\x86\xE6\xAF\x94\x20\x4C\x61\x6E\x63\x7A\x6F\x73\x20\xE6\x9F\x94\xE3\x80\x82"},
{"\xE6\xAF\x94\x20\x4C\x61\x6E\x63\x7A\x6F\x73\x33\x20\xE6\x9B\xB4\xE8\xBD\xBB\xE9\x87\x8F\xE6\x9B\xB4\xE5\xBF\xAB\xE3\x80\x82\x0A\xE4\xB8\x8D\xE6\x98\x93\xE4\xBA\xA7\xE7\x94\x9F\xE7\x8E\xAF\xE7\x8A\xB6\xE4\xBC\xAA\xE5\xBD\xB1\xEF\xBC\x8C\xE4\xBD\x86\xE7\xA8\x8D\xE5\xBE\xAE\xE6\xA8\xA1\xE7\xB3\x8A\xE3\x80\x82", "\xE6\xAF\x94\x20\x4C\x61\x6E\x63\x7A\x6F\x73\x33\x20\xE6\x9B\xB4\xE8\xBC\x95\xE9\x87\x8F\xE6\x9B\xB4\xE5\xBF\xAB\xE3\x80\x82\x0A\xE4\xB8\x8D\xE6\x98\x93\xE7\x94\xA2\xE7\x94\x9F\xE7\x92\xB0\xE7\x8B\x80\xE5\x83\x9E\xE5\xBD\xB1\xEF\xBC\x8C\xE4\xBD\x86\xE7\xA8\x8D\xE5\xBE\xAE\xE6\xA8\xA1\xE7\xB3\x8A\xE3\x80\x82"},
{"\x4C\x61\x6E\x63\x7A\x6F\x73\x32\x20\xE7\x9A\x84\xE9\x87\x8D\xE9\x87\x8F\xE7\x89\x88\xE3\x80\x82\x0A\xE6\x8F\x90\xE4\xBE\x9B\xE6\x9C\x80\xE6\xB8\x85\xE6\x99\xB0\xE7\x9A\x84\xE5\x9B\xBE\xE5\x83\x8F\xEF\xBC\x8C\xE4\xBD\x86\xE6\x9C\x80\xE5\xAE\xB9\xE6\x98\x93\xE4\xBA\xA7\xE7\x94\x9F\xE7\x8E\xAF\xE7\x8A\xB6\xE4\xBC\xAA\xE5\xBD\xB1\xE3\x80\x82", "\x4C\x61\x6E\x63\x7A\x6F\x73\x32\x20\xE7\x9A\x84\xE9\x87\x8D\xE9\x87\x8F\xE7\x89\x88\xE3\x80\x82\x0A\xE6\x8F\x90\xE4\xBE\x9B\xE6\x9C\x80\xE6\xB8\x85\xE6\x99\xB0\xE7\x9A\x84\xE5\x9C\x96\xE5\x83\x8F\xEF\xBC\x8C\xE4\xBD\x86\xE6\x9C\x80\xE5\xAE\xB9\xE6\x98\x93\xE7\x94\xA2\xE7\x94\x9F\xE7\x92\xB0\xE7\x8B\x80\xE5\x83\x9E\xE5\xBD\xB1\xE3\x80\x82"},
{"\xE4\xB8\x8E\x20\x4C\x61\x6E\x63\x7A\x6F\x73\x32\x20\xE7\xB1\xBB\xE4\xBC\xBC\xE3\x80\x82\x0A\xE6\xAF\x94\x20\x4C\x61\x6E\x63\x7A\x6F\x73\x20\xE6\x9B\xB4\xE5\xB9\xB3\xE6\xBB\x91\xE4\xB8\x94\xE4\xB8\x8D\xE6\x98\x93\xE4\xBA\xA7\xE7\x94\x9F\xE4\xBC\xAA\xE5\xBD\xB1\xEF\xBC\x8C\xE4\xBD\x86\xE7\xA8\x8D\xE5\xBE\xAE\xE6\xA8\xA1\xE7\xB3\x8A\xE3\x80\x82", "\xE8\x88\x87\x20\x4C\x61\x6E\x63\x7A\x6F\x73\x32\x20\xE9\xA1\x9E\xE4\xBC\xBC\xE3\x80\x82\x0A\xE6\xAF\x94\x20\x4C\x61\x6E\x63\x7A\x6F\x73\x20\xE6\x9B\xB4\xE5\xB9\xB3\xE6\xBB\x91\xE4\xB8\x94\xE4\xB8\x8D\xE6\x98\x93\xE7\x94\xA2\xE7\x94\x9F\xE5\x83\x9E\xE5\xBD\xB1\xEF\xBC\x8C\xE4\xBD\x86\xE7\xA8\x8D\xE5\xBE\xAE\xE6\xA8\xA1\xE7\xB3\x8A\xE3\x80\x82"},
{"\xE4\xB8\x8E\x20\x4C\x61\x6E\x63\x7A\x6F\x73\x33\x20\xE7\xB1\xBB\xE4\xBC\xBC\xE3\x80\x82\x0A\xE6\xAF\x94\x20\x4C\x61\x6E\x63\x7A\x6F\x73\x33\x20\xE6\x9B\xB4\xE4\xB8\x8D\xE6\x98\x93\xE4\xBA\xA7\xE7\x94\x9F\xE4\xBC\xAA\xE5\xBD\xB1\xEF\xBC\x8C\xE4\xBD\x86\xE5\xAF\xB9\x20\x47\x50\x55\x20\xE7\x9A\x84\xE8\xB4\x9F\xE6\x8B\x85\xE6\x9B\xB4\xE9\x87\x8D\xE3\x80\x82", "\xE8\x88\x87\x20\x4C\x61\x6E\x63\x7A\x6F\x73\x33\x20\xE9\xA1\x9E\xE4\xBC\xBC\xE3\x80\x82\x0A\xE6\xAF\x94\x20\x4C\x61\x6E\x63\x7A\x6F\x73\x33\x20\xE6\x9B\xB4\xE4\xB8\x8D\xE6\x98\x93\xE7\x94\xA2\xE7\x94\x9F\xE5\x83\x9E\xE5\xBD\xB1\xEF\xBC\x8C\xE4\xBD\x86\xE5\xB0\x8D\x20\x47\x50\x55\x20\xE7\x9A\x84\xE8\xB2\xA0\xE6\x93\x94\xE6\x9B\xB4\xE9\x87\x8D\xE3\x80\x82"},
{"\xE4\xB8\x93\xE9\x97\xA8\xE9\x98\xB2\xE6\xAD\xA2\xE4\xBC\xAA\xE5\xBD\xB1\xE3\x80\x82\x0A\xE6\xB6\x88\xE9\x99\xA4\xE7\x8B\xA0\xE7\x8B\xA0\xE7\x9A\x84\xE5\x85\x89\xE6\x99\x95\xE4\xBB\xA5\xE8\x8E\xB7\xE5\xBE\x97\xE8\x87\xAA\xE7\x84\xB6\xE7\x9A\x84\xE5\xA4\x96\xE8\xA7\x82\xEF\xBC\x8C\xE4\xBD\x86\xE5\x8F\xAF\xE8\x83\xBD\xE7\xA8\x8D\xE5\xBE\xAE\xE6\x9F\x94\xE5\x92\x8C\xE3\x80\x82", "\xE5\xB0\x88\xE9\x96\x80\xE9\x98\xB2\xE6\xAD\xA2\xE5\x83\x9E\xE5\xBD\xB1\xE3\x80\x82\x0A\xE6\xB6\x88\xE9\x99\xA4\xE7\x8B\xA0\xE7\x8B\xA0\xE7\x9A\x84\xE5\x85\x89\xE6\x9A\x88\xE4\xBB\xA5\xE7\x8D\xB2\xE5\xBE\x97\xE8\x87\xAA\xE7\x84\xB6\xE7\x9A\x84\xE5\xA4\x96\xE8\xA7\x80\xEF\xBC\x8C\xE4\xBD\x86\xE5\x8F\xAF\xE8\x83\xBD\xE7\xA8\x8D\xE5\xBE\xAE\xE6\x9F\x94\xE5\x92\x8C\xE3\x80\x82"},
{"\xE5\xBD\x93\xE6\xAF\x94\xE4\xBE\x8B\xE4\xBD\x8E\xE4\xBA\x8E\x20\x31\x2E\x30\x20\xE6\x97\xB6\xEF\xBC\x8C\xE5\x8F\xAA\xE6\x94\xAF\xE6\x8C\x81\x20\x46\x53\x52\x31\x20\xE5\x92\x8C\xE5\x8F\x8C\xE4\xB8\x89\xE6\xAC\xA1\xE3\x80\x82", "\xE7\x95\xB6\xE6\xAF\x94\xE4\xBE\x8B\xE4\xBD\x8E\xE6\x96\xBC\x20\x31\x2E\x30\x20\xE6\x99\x82\xEF\xBC\x8C\xE5\x8F\xAA\xE6\x94\xAF\xE6\x8C\x81\x20\x46\x53\x52\x31\x20\xE5\x92\x8C\xE9\x9B\x99\xE4\xB8\x89\xE6\xAC\xA1\xE3\x80\x82"},
{"\xE8\xAE\xBE\xE7\xBD\xAE\x20\x58\x65\x46\x47\x20\xE6\x8F\x92\xE5\x80\xBC\xE5\xB8\xA7\xE6\x95\xB0", "\xE8\xA8\xAD\xE7\xBD\xAE\x20\x58\x65\x46\x47\x20\xE6\x8F\x92\xE5\x80\xBC\xE5\xB9\x80\xE6\x95\xB8"},
{"\xE4\xB8\x8D\xE4\xBD\xBF\xE7\x94\xA8\x20\x66\x66\x78\x43\x6F\x6E\x66\x69\x67\x20\xE8\xAE\xBE\xE7\xBD\xAE\xE7\x9A\x84\x20\x48\x75\x64\x6C\x65\x73\x73", "\xE4\xB8\x8D\xE4\xBD\xBF\xE7\x94\xA8\x20\x66\x66\x78\x43\x6F\x6E\x66\x69\x67\x20\xE8\xA8\xAD\xE7\xBD\xAE\xE7\x9A\x84\x20\x48\x75\x64\x6C\x65\x73\x73"},
{"\xE4\xB8\x8D\xE4\xBD\xBF\xE7\x94\xA8\x20\x66\x66\x78\x44\x69\x73\x70\x61\x74\x63\x68\x20\xE8\xAE\xBE\xE7\xBD\xAE\xE7\x9A\x84\x20\x48\x75\x64\x6C\x65\x73\x73", "\xE4\xB8\x8D\xE4\xBD\xBF\xE7\x94\xA8\x20\x66\x66\x78\x44\x69\x73\x70\x61\x74\x63\x68\x20\xE8\xA8\xAD\xE7\xBD\xAE\xE7\x9A\x84\x20\x48\x75\x64\x6C\x65\x73\x73"},
{"\xE5\x9C\xA8\xE5\x86\x85\xE9\x83\xA8\xE5\xB0\x86\xE5\x9B\xBE\xE5\x83\x8F\xE8\xB6\x85\xE5\x88\x86\xE8\xBE\xA8\xE7\x8E\x87\xE5\x88\xB0\xE8\xBE\x83\xE9\xAB\x98\xE8\xBE\x93\xE5\x87\xBA\xE5\x88\x86\xE8\xBE\xA8\xE7\x8E\x87\x0A\xE7\x84\xB6\xE5\x90\x8E\xE9\x99\x8D\xE9\x87\x87\xE6\xA0\xB7\xE5\x9B\x9E\xE6\x98\xBE\xE7\xA4\xBA\xE5\x88\x86\xE8\xBE\xA8\xE7\x8E\x87\x0A\x0A\xE5\x80\xBC\x20\x3C\x31\x2E\x30\x20\xE4\xBD\xBF\xE8\xB6\x85\xE5\x88\x86\xE8\xBE\xA8\xE7\x8E\x87\xE6\x9B\xB4\xE8\x8A\x82\xE7\x9C\x81\xE6\x80\xA7\xE8\x83\xBD\x0A\xE5\x80\xBC\x20\x3E\x31\x2E\x30\x20\xE4\xBD\xBF\xE5\x9B\xBE\xE5\x83\x8F\xE6\x9B\xB4\xE6\xB8\x85\xE6\x99\xB0\xEF\xBC\x8C\xE4\xBD\x86\xE4\xBC\x9A\xE9\x99\x8D\xE4\xBD\x8E\xE6\x80\xA7\xE8\x83\xBD\x0A\x0A\xE5\xA6\x82\xE6\x9E\x9C\xE7\x81\xB0\xE8\x89\xB2\xEF\xBC\x8C\xE8\xAF\xB7\xE6\x9F\xA5\xE7\x9C\x8B\x20\x47\x69\x74\x20\x57\x69\x6B\x69\x20\x2D\x20\x55\x6E\x72\x65\x61\x6C\x20\x45\x6E\x67\x69\x6E\x65\x20\xE8\xB0\x83\xE6\x95\xB4\x0A\x0A\xE7\x9B\xAE\xE6\xA0\x87\xE5\x88\x86\xE8\xBE\xA8\xE7\x8E\x87\xE5\x92\x8C\xE6\x80\xBB\xE6\xAF\x94\xE7\x8E\x87\xE5\x9C\xA8\xE5\xBA\x95\xE9\x83\xA8\xEF\xBC\x88\xE6\x9C\x80\xE5\xA4\xA7\xE6\x80\xBB\xE6\xAF\x94\x20\x33\x2E\x30\xEF\xBC\x81\xEF\xBC\x89", "\xE5\x9C\xA8\xE5\x85\xA7\xE9\x83\xA8\xE5\xB0\x87\xE5\x9C\x96\xE5\x83\x8F\xE8\xB6\x85\xE5\x88\x86\xE8\xBE\xA8\xE7\x8E\x87\xE5\x88\xB0\xE8\xBC\x83\xE9\xAB\x98\xE8\xBC\xB8\xE5\x87\xBA\xE5\x88\x86\xE8\xBE\xA8\xE7\x8E\x87\x0A\xE7\x84\xB6\xE5\xBE\x8C\xE9\x99\x8D\xE6\x8E\xA1\xE6\xA8\xA3\xE5\x9B\x9E\xE9\xA1\xAF\xE7\xA4\xBA\xE5\x88\x86\xE8\xBE\xA8\xE7\x8E\x87\x0A\x0A\xE5\x80\xBC\x20\x3C\x31\x2E\x30\x20\xE4\xBD\xBF\xE8\xB6\x85\xE5\x88\x86\xE8\xBE\xA8\xE7\x8E\x87\xE6\x9B\xB4\xE7\xAF\x80\xE7\x9C\x81\xE6\x80\xA7\xE8\x83\xBD\x0A\xE5\x80\xBC\x20\x3E\x31\x2E\x30\x20\xE4\xBD\xBF\xE5\x9C\x96\xE5\x83\x8F\xE6\x9B\xB4\xE6\xB8\x85\xE6\x99\xB0\xEF\xBC\x8C\xE4\xBD\x86\xE6\x9C\x83\xE9\x99\x8D\xE4\xBD\x8E\xE6\x80\xA7\xE8\x83\xBD\x0A\x0A\xE5\xA6\x82\xE6\x9E\x9C\xE7\x81\xB0\xE8\x89\xB2\xEF\xBC\x8C\xE8\xAB\x8B\xE6\x9F\xA5\xE7\x9C\x8B\x20\x47\x69\x74\x20\x57\x69\x6B\x69\x20\x2D\x20\x55\x6E\x72\x65\x61\x6C\x20\x45\x6E\x67\x69\x6E\x65\x20\xE8\xAA\xBF\xE6\x95\xB4\x0A\x0A\xE7\x9B\xAE\xE6\xA8\x99\xE5\x88\x86\xE8\xBE\xA8\xE7\x8E\x87\xE5\x92\x8C\xE7\xB8\xBD\xE6\xAF\x94\xE7\x8E\x87\xE5\x9C\xA8\xE5\xBA\x95\xE9\x83\xA8\xEF\xBC\x88\xE6\x9C\x80\xE5\xA4\xA7\xE7\xB8\xBD\xE6\xAF\x94\x20\x33\x2E\x30\xEF\xBC\x81\xEF\xBC\x89"},
{"\xE4\xBF\xAE\xE5\xA4\x8D\xE6\xB8\xB8\xE6\x88\x8F\xE5\xBF\xBD\xE7\x95\xA5\xE5\xAE\x98\xE6\x96\xB9\x20\x44\x52\x53\x20\xE9\x99\x90\xE5\x88\xB6\xE7\x9A\x84\xE9\x97\xAE\xE9\xA2\x98", "\xE4\xBF\xAE\xE5\xBE\xA9\xE9\x81\x8A\xE6\x88\xB2\xE5\xBF\xBD\xE7\x95\xA5\xE5\xAE\x98\xE6\x96\xB9\x20\x44\x52\x53\x20\xE9\x99\x90\xE5\x88\xB6\xE7\x9A\x84\xE5\x95\x8F\xE9\xA1\x8C"},
{"\xE5\xBC\xBA\xE5\x88\xB6\x20\x56\x2D\x53\x79\x6E\x63\x20\xE5\xBC\x80\x2F\xE5\x85\xB3\x20\xE5\x92\x8C\xE5\x90\x8C\xE6\xAD\xA5\xE9\x97\xB4\xE9\x9A\x94\xE9\x80\x89\xE9\xA1\xB9", "\xE5\xBC\xB7\xE5\x88\xB6\x20\x56\x2D\x53\x79\x6E\x63\x20\xE9\x96\x8B\x2F\xE9\x97\x9C\x20\xE5\x92\x8C\xE5\x90\x8C\xE6\xAD\xA5\xE9\x96\x93\xE9\x9A\x94\xE9\x81\xB8\xE9\xA0\x85"},
{"\xE6\x9B\xB4\xE6\x96\xB0\xE6\xAF\x94\xE8\xBE\x83\xE8\xBF\x87\xE6\xBB\xA4\xE5\x99\xA8", "\xE6\x9B\xB4\xE6\x96\xB0\xE6\xAF\x94\xE8\xBC\x83\xE9\x81\x8E\xE6\xBF\xBE\xE5\x99\xA8"},
{"\xE6\x9B\xB4\xE6\x96\xB0\xE6\x9C\x80\xE5\xB0\x8F\x2F\xE6\x9C\x80\xE5\xA4\xA7\xE8\xBF\x87\xE6\xBB\xA4\xE5\x99\xA8", "\xE6\x9B\xB4\xE6\x96\xB0\xE6\x9C\x80\xE5\xB0\x8F\x2F\xE6\x9C\x80\xE5\xA4\xA7\xE9\x81\x8E\xE6\xBF\xBE\xE5\x99\xA8"},
{"\xE8\xB7\xB3\xE8\xBF\x87\xE6\x9B\xB4\xE6\x96\xB0\xE7\x82\xB9\xE8\xBF\x87\xE6\xBB\xA4\xE5\x99\xA8", "\xE8\xB7\xB3\xE9\x81\x8E\xE6\x9B\xB4\xE6\x96\xB0\xE9\xBB\x9E\xE9\x81\x8E\xE6\xBF\xBE\xE5\x99\xA8"},
{"\xE7\x82\xB9\xE5\x87\xBB\xE5\x9C\xA8\xE9\xBB\x98\xE8\xAE\xA4\xE6\xB5\x8F\xE8\xA7\x88\xE5\x99\xA8\xE4\xB8\xAD\xE6\x89\x93\xE5\xBC\x80\x20\x4F\x70\x74\x69\x53\x63\x61\x6C\x65\x72\x20\x57\x69\x6B\x69\x20\xE9\xA1\xB5\x0A\x0A\xE5\x85\xBC\xE5\xAE\xB9\xE6\x80\xA7\xE5\x88\x97\xE8\xA1\xA8\xEF\xBC\x88\xE5\xB7\xB2\xE7\x9F\xA5\xE6\xB8\xB8\xE6\x88\x8F\xE9\x97\xAE\xE9\xA2\x98\xE5\x92\x8C\xE5\xB7\xA5\xE4\xBD\x9C\xE5\x8F\x98\xE9\x80\x9A\xEF\xBC\x89\x0A\x46\x47\x20\xE9\x80\x89\xE9\xA1\xB9\xE8\xAF\xB4\xE6\x98\x8E\xE5\x92\x8C\xE5\x85\xB6\xE4\xBB\x96\xE6\x9C\x89\xE7\x94\xA8\xE4\xBF\xA1\xE6\x81\xAF", "\xE9\xBB\x9E\xE6\x93\x8A\xE5\x9C\xA8\xE9\xBB\x98\xE8\xAA\x8D\xE7\x80\x8F\xE8\xA6\xBD\xE5\x99\xA8\xE4\xB8\xAD\xE6\x89\x93\xE9\x96\x8B\x20\x4F\x70\x74\x69\x53\x63\x61\x6C\x65\x72\x20\x57\x69\x6B\x69\x20\xE9\xA0\x81\x0A\x0A\xE5\x85\xBC\xE5\xAE\xB9\xE6\x80\xA7\xE5\x88\x97\xE8\xA1\xA8\xEF\xBC\x88\xE5\xB7\xB2\xE7\x9F\xA5\xE9\x81\x8A\xE6\x88\xB2\xE5\x95\x8F\xE9\xA1\x8C\xE5\x92\x8C\xE5\xB7\xA5\xE4\xBD\x9C\xE8\xAE\x8A\xE9\x80\x9A\xEF\xBC\x89\x0A\x46\x47\x20\xE9\x81\xB8\xE9\xA0\x85\xE8\xAA\xAA\xE6\x98\x8E\xE5\x92\x8C\xE5\x85\xB6\xE4\xBB\x96\xE6\x9C\x89\xE7\x94\xA8\xE4\xBF\xA1\xE6\x81\xAF"},
{"\xE5\xBD\x93\xE5\x89\x8D\x20\x46\x53\x52\x2D\x46\x47\x20\xE7\x8A\xB6\xE6\x80\x81\x3A", "\xE7\x95\xB6\xE5\x89\x8D\x20\x46\x53\x52\x2D\x46\x47\x20\xE7\x8B\x80\xE6\x85\x8B\x3A"},
{"\xE8\xAF\xB7\xE6\x8C\x89\xE4\xBB\xBB\xE6\x84\x8F\xE9\x94\xAE\x2E\x2E\x2E", "\xE8\xAB\x8B\xE6\x8C\x89\xE4\xBB\xBB\xE6\x84\x8F\xE9\x8D\xB5\x2E\x2E\x2E"},
{"\x4F\x70\x74\x69\x53\x63\x61\x6C\x65\x72\x20\x2D\x20\xE6\x8C\x89\x20\x25\x73\x20\xE6\x89\x93\xE5\xBC\x80\xE8\x8F\x9C\xE5\x8D\x95", "\x4F\x70\x74\x69\x53\x63\x61\x6C\x65\x72\x20\x2D\x20\xE6\x8C\x89\x20\x25\x73\x20\xE6\x89\x93\xE9\x96\x8B\xE8\x8F\x9C\xE5\x96\xAE"},
{"\x4F\x70\x74\x69\x53\x63\x61\x6C\x65\x72\x20\xE6\x9C\x89\xE5\x8F\xAF\xE7\x94\xA8\xE6\x9B\xB4\xE6\x96\xB0", "\x4F\x70\x74\x69\x53\x63\x61\x6C\x65\x72\x20\xE6\x9C\x89\xE5\x8F\xAF\xE7\x94\xA8\xE6\x9B\xB4\xE6\x96\xB0"},
{"\xE6\x8C\x89\x20\x25\x73\x20\xE6\x9F\xA5\xE7\x9C\x8B\xE6\x9B\xB4\xE5\xA4\x9A\xE4\xBF\xA1\xE6\x81\xAF", "\xE6\x8C\x89\x20\x25\x73\x20\xE6\x9F\xA5\xE7\x9C\x8B\xE6\x9B\xB4\xE5\xA4\x9A\xE4\xBF\xA1\xE6\x81\xAF"},
{"\xE4\xB8\x8E\xE6\x89\x80\xE9\x80\x89\x20\x46\x47\x20\xE6\xBA\x90\xE6\x97\xA0\xE5\x85\xB3", "\xE8\x88\x87\xE6\x89\x80\xE9\x81\xB8\x20\x46\x47\x20\xE6\xBA\x90\xE7\x84\xA1\xE9\x97\x9C"},
{"\xE4\xBD\xA0\xE5\xAE\x9E\xE9\x99\x85\xE5\xB0\x86\xE4\xBD\xBF\xE7\x94\xA8\xE7\x9A\x84\x20\x46\x47", "\xE4\xBD\xA0\xE5\xAF\xA6\xE9\x9A\x9B\xE5\xB0\x87\xE4\xBD\xBF\xE7\x94\xA8\xE7\x9A\x84\x20\x46\x47"},
{"\xE6\xAD\xA4\xE8\xAE\xBE\xE7\xBD\xAE\xE5\xB0\x86\xE5\x9C\xA8\xE4\xB8\x8B\xE6\xAC\xA1\xE5\x90\xAF\xE5\x8A\xA8\xE6\x97\xB6\xE7\x94\x9F\xE6\x95\x88\xEF\xBC\x81", "\xE6\xAD\xA4\xE8\xA8\xAD\xE7\xBD\xAE\xE5\xB0\x87\xE5\x9C\xA8\xE4\xB8\x8B\xE6\xAC\xA1\xE5\x95\x93\xE5\x8B\x95\xE6\x99\x82\xE7\x94\x9F\xE6\x95\x88\xEF\xBC\x81"},
{"\xE4\xB8\x8D\xE6\x94\xAF\xE6\x8C\x81", "\xE4\xB8\x8D\xE6\x94\xAF\xE6\x8C\x81"},
{"\xE8\xBF\x91\x3A\x20\x25\x2E\x31\x66\x20\xE8\xBF\x9C\x3A\x20\x25\x2E\x31\x66", "\xE8\xBF\x91\x3A\x20\x25\x2E\x31\x66\x20\xE9\x81\xA0\x3A\x20\x25\x2E\x31\x66"},
{"\x28\x25\x64\x29", "\x28\x25\x64\x29"},
{"\xE6\xB8\x85\xE9\x99\xA4", "\xE6\xB8\x85\xE9\x99\xA4"},
{"\xE6\x80\xA7\xE8\x83\xBD\xE8\xA6\x86\xE5\xB1\x82", "\xE6\x80\xA7\xE8\x83\xBD\xE8\xA6\x86\xE5\xB1\xA4"},
{"\x52\x65\x66\x6C\x65\x78\xEF\xBC\x88\x4E\x56\x49\x44\x49\x41\xE4\xBD\x8E\xE5\xBB\xB6\xE8\xBF\x9F\xE6\x8A\x80\xE6\x9C\xAF\xEF\xBC\x89\xE6\x97\xB6\xE9\x97\xB4\xEF\xBC\x8C\xE6\x95\xB4\xE5\xB8\xA7\x3A\x20\x25\x2E\x31\x66\x6D\x73", "\x52\x65\x66\x6C\x65\x78\xEF\xBC\x88\x4E\x56\x49\x44\x49\x41\xE4\xBD\x8E\xE5\xBB\xB6\xE9\x81\xB2\xE6\x8A\x80\xE8\xA1\x93\xEF\xBC\x89\xE6\x99\x82\xE9\x96\x93\xEF\xBC\x8C\xE6\x95\xB4\xE5\xB9\x80\x3A\x20\x25\x2E\x31\x66\x6D\x73"},
{"\xE4\xBD\x8E\xE5\xBB\xB6\xE8\xBF\x9F\xE6\x97\xB6\xE9\x97\xB4\xEF\xBC\x8C\xE6\x95\xB4\xE5\xB8\xA7\x3A\x20\x25\x2E\x31\x66\x6D\x73", "\xE4\xBD\x8E\xE5\xBB\xB6\xE9\x81\xB2\xE6\x99\x82\xE9\x96\x93\xEF\xBC\x8C\xE6\x95\xB4\xE5\xB9\x80\x3A\x20\x25\x2E\x31\x66\x6D\x73"},
{"\x44\x33\x44\x31\x31\x20\x25\x73\x7C\x20\x25\x73\x20\x25\x64\x2E\x25\x64\x2E\x25\x64\x25\x73", "\x44\x33\x44\x31\x31\x20\x25\x73\x7C\x20\x25\x73\x20\x25\x64\x2E\x25\x64\x2E\x25\x64\x25\x73"},
{"\x44\x33\x44\x31\x32\x20\x25\x73\x7C\x20\x25\x73\x20\x25\x64\x2E\x25\x64\x2E\x25\x64", "\x44\x33\x44\x31\x32\x20\x25\x73\x7C\x20\x25\x73\x20\x25\x64\x2E\x25\x64\x2E\x25\x64"},
{"\x56\x75\x6C\x6B\x61\x6E\x20\x25\x73\x7C\x20\x25\x73\x20\x25\x64\x2E\x25\x64\x2E\x25\x64\x25\x73", "\x56\x75\x6C\x6B\x61\x6E\x20\x25\x73\x7C\x20\x25\x73\x20\x25\x64\x2E\x25\x64\x2E\x25\x64\x25\x73"},
{"\x7C\x20\xE8\xBE\x93\xE5\x85\xA5\x3A\x20\x25\x73", "\x7C\x20\xE8\xBC\xB8\xE5\x85\xA5\x3A\x20\x25\x73"},
{"\x53\x70\x6C\x61\x73\x68", "\x53\x70\x6C\x61\x73\x68"},
{"\xE6\x9B\xB4\xE6\x96\xB0\xE5\x8F\xAF\xE7\x94\xA8", "\xE6\x9B\xB4\xE6\x96\xB0\xE5\x8F\xAF\xE7\x94\xA8"},
{"\x46\x47\x49\x64\x3A\x20\x25\x6C\x6C\x75\x2C\x20\x52\x66\x78\x49\x64\x3A\x20\x25\x6C\x6C\x75", "\x46\x47\x49\x64\x3A\x20\x25\x6C\x6C\x75\x2C\x20\x52\x66\x78\x49\x64\x3A\x20\x25\x6C\x6C\x75"},
{"\xE5\xBD\x93\xE5\x89\x8D\x3A\x20\x25\x2E\x33\x66\x20\x2F\x20\x25\x2E\x33\x66\x2C\x20\xE7\x9B\xAE\xE6\xA0\x87\x3A\x20\x25\x2E\x33\x66", "\xE7\x95\xB6\xE5\x89\x8D\x3A\x20\x25\x2E\x33\x66\x20\x2F\x20\x25\x2E\x33\x66\x2C\x20\xE7\x9B\xAE\xE6\xA8\x99\x3A\x20\x25\x2E\x33\x66"},
{"\xE5\xBD\x93\xE5\x89\x8D\x3A\x20\x25\x2E\x33\x66\x20\x2F\x20\x25\x2E\x33\x66\x2C\x20\xE7\x9B\xAE\xE6\xA0\x87\x3A\x20\xE5\x9F\xBA\xE5\x87\x86\x20\x2A\x20\x25\x2E\x33\x66", "\xE7\x95\xB6\xE5\x89\x8D\x3A\x20\x25\x2E\x33\x66\x20\x2F\x20\x25\x2E\x33\x66\x2C\x20\xE7\x9B\xAE\xE6\xA8\x99\x3A\x20\xE5\x9F\xBA\xE6\xBA\x96\x20\x2A\x20\x25\x2E\x33\x66"},
{"\xE5\xBD\x93\xE5\x89\x8D\x3A\x20\x25\x2E\x33\x66\x20\x2F\x20\x25\x2E\x33\x66\x2C\x20\xE7\x9B\xAE\xE6\xA0\x87\x3A\x20\xE5\x9F\xBA\xE5\x87\x86\x20\x2B\x20\x25\x2E\x33\x66", "\xE7\x95\xB6\xE5\x89\x8D\x3A\x20\x25\x2E\x33\x66\x20\x2F\x20\x25\x2E\x33\x66\x2C\x20\xE7\x9B\xAE\xE6\xA8\x99\x3A\x20\xE5\x9F\xBA\xE6\xBA\x96\x20\x2B\x20\x25\x2E\x33\x66"},
{"\xE5\xBD\x93\xE5\x89\x8D\x3A\x20\x25\x2E\x33\x66\x20\x2F\x20\x25\x2E\x33\x66", "\xE7\x95\xB6\xE5\x89\x8D\x3A\x20\x25\x2E\x33\x66\x20\x2F\x20\x25\x2E\x33\x66"},
{"\x25\x64\x78\x25\x64\x20\x2D\x3E\x20\x25\x64\x78\x25\x64\x20\x28\x25\x2E\x31\x66\x29\x20\x5B\x25\x64\x78\x25\x64\x20\x28\x25\x2E\x31\x66\x29\x5D", "\x25\x64\x78\x25\x64\x20\x2D\x3E\x20\x25\x64\x78\x25\x64\x20\x28\x25\x2E\x31\x66\x29\x20\x5B\x25\x64\x78\x25\x64\x20\x28\x25\x2E\x31\x66\x29\x5D"},
{"\x25\x64", "\x25\x64"},
{"\x25\x30\x38\x78\x2C\x20\x25\x73\x2D\x3E\x25\x73\x2C\x20\xE8\xAE\xA1\xE6\x95\xB0\x3A\x20\x25\x6C\x6C\x75\x2C\x20\x25\x73", "\x25\x30\x38\x78\x2C\x20\x25\x73\x2D\x3E\x25\x73\x2C\x20\xE8\xA8\x88\xE6\x95\xB8\x3A\x20\x25\x6C\x6C\x75\x2C\x20\x25\x73"},
{"\xE5\x86\xB7\xE9\x9D\x99\xE4\xB8\x80\xE4\xB8\x8B\xEF\xBC\x8C\xE4\xB8\x8D\xE8\xA6\x81\xE5\xA4\xAA\xE7\x94\xA8\xE5\x8A\x9B", "\xE5\x86\xB7\xE9\x9D\x9C\xE4\xB8\x80\xE4\xB8\x8B\xEF\xBC\x8C\xE4\xB8\x8D\xE8\xA6\x81\xE5\xA4\xAA\xE7\x94\xA8\xE5\x8A\x9B"},
{"\xE8\xBF\x99\xE4\xB8\xAA\xE5\xBE\x88\xE4\xBC\x9A\xE5\xAE\x89\xE6\x85\xB0\xE8\x87\xAA\xE5\xB7\xB1\x2E\x2E\x2E", "\xE9\x80\x99\xE5\x80\x8B\xE5\xBE\x88\xE6\x9C\x83\xE5\xAE\x89\xE6\x85\xB0\xE8\x87\xAA\xE5\xB7\xB1\x2E\x2E\x2E"},
{"\xE6\xAC\xA2\xE4\xB9\x90\xE5\x88\x9A\xE5\x88\x9A\xE5\xBC\x80\xE5\xA7\x8B\x2E\x2E\x2E", "\xE6\xAD\xA1\xE6\xA8\x82\xE5\x89\x9B\xE5\x89\x9B\xE9\x96\x8B\xE5\xA7\x8B\x2E\x2E\x2E"},
{"\xE8\xBF\x98\xE6\x9C\x89\xE6\x9B\xB4\xE5\xA4\x9A\xE8\xB6\x85\xE5\x88\x86\xE8\xBE\xA8\xE7\x8E\x87\xE5\x90\x97\xEF\xBC\x9F", "\xE9\x82\x84\xE6\x9C\x89\xE6\x9B\xB4\xE5\xA4\x9A\xE8\xB6\x85\xE5\x88\x86\xE8\xBE\xA8\xE7\x8E\x87\xE5\x97\x8E\xEF\xBC\x9F"},
{"\xE5\x81\x87\xE5\x83\x8F\xE7\xB4\xA0\xE5\x92\x8C\xE6\x9B\xB4\xE5\x81\x87\xE7\x9A\x84\xE5\xB8\xA7\x2E\x2E\x2E", "\xE5\x81\x87\xE5\x83\x8F\xE7\xB4\xA0\xE5\x92\x8C\xE6\x9B\xB4\xE5\x81\x87\xE7\x9A\x84\xE5\xB9\x80\x2E\x2E\x2E"},
{"\xE5\x81\x87\xE5\xB8\xA7\xEF\xBC\x8C\xE5\xBF\xAB\xE6\x9D\xA5\xE4\xB9\xB0\xE5\x81\x87\xE5\xB8\xA7\x2E\x2E\x2E", "\xE5\x81\x87\xE5\xB9\x80\xEF\xBC\x8C\xE5\xBF\xAB\xE4\xBE\x86\xE8\xB2\xB7\xE5\x81\x87\xE5\xB9\x80\x2E\x2E\x2E"},
{"\xE6\x88\x91\xE6\x9D\xA5\xE8\xBF\x99\xE9\x87\x8C\xE6\x89\x93\xE5\x83\x8F\xE7\xB4\xA0\xE3\x80\x81\xE5\x92\x80\xE5\xB8\xA7\x2E\x2E\x2E", "\xE6\x88\x91\xE4\xBE\x86\xE9\x80\x99\xE8\xA3\x8F\xE6\x89\x93\xE5\x83\x8F\xE7\xB4\xA0\xE3\x80\x81\xE5\x92\x80\xE5\xB9\x80\x2E\x2E\x2E"},
{"\xE6\x88\x91\xE8\xA7\x89\xE5\xBE\x97\xE4\xBD\xA0\xE7\xBC\xBA\xE4\xB9\x8F\xE8\xB6\x85\xE9\x87\x87\xE6\xA0\xB7\x2E\x2E\x2E", "\xE6\x88\x91\xE8\xA6\xBA\xE5\xBE\x97\xE4\xBD\xA0\xE7\xBC\xBA\xE4\xB9\x8F\xE8\xB6\x85\xE6\x8E\xA1\xE6\xA8\xA3\x2E\x2E\x2E"},
{"\xE4\xB8\x80\xE5\xB8\xA7\xE4\xB8\x80\xE5\xB8\xA7\xEF\xBC\x8C\xE6\x88\x91\xE5\x8D\x87\xE7\xBA\xA7\xEF\xBC\x81", "\xE4\xB8\x80\xE5\xB9\x80\xE4\xB8\x80\xE5\xB9\x80\xEF\xBC\x8C\xE6\x88\x91\xE5\x8D\x87\xE7\xB4\x9A\xEF\xBC\x81"},
{"\xE6\x8A\xB5\xE6\x8A\x97\xE6\x98\xAF\xE6\x97\xA0\xE7\x94\xA8\xE7\x9A\x84\xE3\x80\x82\xE4\xBD\xA0\xE7\x9A\x84\xE5\x83\x8F\xE7\xB4\xA0\xE5\xB0\x86\xE8\xA2\xAB\xE8\xB6\x85\xE5\x88\x86\xE8\xBE\xA8\xE7\x8E\x87\xE5\x8C\x96\xE3\x80\x82", "\xE6\x8A\xB5\xE6\x8A\x97\xE6\x98\xAF\xE7\x84\xA1\xE7\x94\xA8\xE7\x9A\x84\xE3\x80\x82\xE4\xBD\xA0\xE7\x9A\x84\xE5\x83\x8F\xE7\xB4\xA0\xE5\xB0\x87\xE8\xA2\xAB\xE8\xB6\x85\xE5\x88\x86\xE8\xBE\xA8\xE7\x8E\x87\xE5\x8C\x96\xE3\x80\x82"},
{"\xE6\x88\x91\xE6\x9C\x89\x20\x39\x39\x20\xE4\xB8\xAA\xE9\x97\xAE\xE9\xA2\x98\xEF\xBC\x8C\xE4\xBD\x86\xE4\xBD\x8E\xE5\x88\x86\xE8\xBE\xA8\xE7\x8E\x87\xE4\xB8\x8D\xE6\x98\xAF\xE5\x85\xB6\xE4\xB8\xAD\xE4\xB9\x8B\xE4\xB8\x80\xE3\x80\x82", "\xE6\x88\x91\xE6\x9C\x89\x20\x39\x39\x20\xE5\x80\x8B\xE5\x95\x8F\xE9\xA1\x8C\xEF\xBC\x8C\xE4\xBD\x86\xE4\xBD\x8E\xE5\x88\x86\xE8\xBE\xA8\xE7\x8E\x87\xE4\xB8\x8D\xE6\x98\xAF\xE5\x85\xB6\xE4\xB8\xAD\xE4\xB9\x8B\xE4\xB8\x80\xE3\x80\x82"},
{"\xE7\xBB\x93\xE6\x9D\x9F\xE4\xBA\x86\xEF\xBC\x8C\x44\x4C\x53\x53\xEF\xBC\x8C\xE6\x88\x91\xE5\x8D\xA0\xE6\x8D\xAE\xE9\xAB\x98\xE5\x9C\xB0\xEF\xBC\x81", "\xE7\xB5\x90\xE6\x9D\x9F\xE4\xBA\x86\xEF\xBC\x8C\x44\x4C\x53\x53\xEF\xBC\x8C\xE6\x88\x91\xE4\xBD\x94\xE6\x93\x9A\xE9\xAB\x98\xE5\x9C\xB0\xEF\xBC\x81"},
{"\xE8\xBF\x99\xE4\xB8\x8D\xE6\x98\xAF\xE4\xBD\xA0\xE8\xA6\x81\xE6\x89\xBE\xE7\x9A\x84\xE5\x88\x86\xE8\xBE\xA8\xE7\x8E\x87\xE3\x80\x82", "\xE9\x80\x99\xE4\xB8\x8D\xE6\x98\xAF\xE4\xBD\xA0\xE8\xA6\x81\xE6\x89\xBE\xE7\x9A\x84\xE5\x88\x86\xE8\xBE\xA8\xE7\x8E\x87\xE3\x80\x82"},
{"\xE5\x88\xB0\xE6\x97\xA0\xE9\x99\x90\xE5\x92\x8C\xE6\x9B\xB4\xE8\xBF\x9C\x2E\x2E\x2E\xE5\x85\xB3\xE9\x97\xAD\xE5\x85\x89\xE8\xBF\xBD\xE3\x80\x82", "\xE5\x88\xB0\xE7\x84\xA1\xE9\x99\x90\xE5\x92\x8C\xE6\x9B\xB4\xE9\x81\xA0\x2E\x2E\x2E\xE9\x97\x9C\xE9\x96\x89\xE5\x85\x89\xE8\xBF\xBD\xE3\x80\x82"},
{"\xE6\x88\x91\xE5\xAF\xB9\xE8\xBF\x99\xE4\xB8\xAA\xE5\xB8\xA7\xE8\x8A\x82\xE5\xA5\x8F\xE6\x9C\x89\xE4\xB8\x8D\xE5\xA5\xBD\xE7\x9A\x84\xE9\xA2\x84\xE6\x84\x9F\xE3\x80\x82", "\xE6\x88\x91\xE5\xB0\x8D\xE9\x80\x99\xE5\x80\x8B\xE5\xB9\x80\xE7\xAF\x80\xE5\xA5\x8F\xE6\x9C\x89\xE4\xB8\x8D\xE5\xA5\xBD\xE7\x9A\x84\xE9\xA0\x90\xE6\x84\x9F\xE3\x80\x82"},
{"\xE7\x8B\xAC\xE8\x87\xAA\xE5\x89\x8D\xE5\xBE\x80\xE5\xBE\x88\xE5\x8D\xB1\xE9\x99\xA9\xE2\x80\x94\xE5\xB8\xA6\xE4\xB8\x8A\xE8\xBF\x99\xE4\xB8\xAA\xE8\xB6\x85\xE5\x88\x86\xE8\xBE\xA8\xE7\x8E\x87", "\xE7\x8D\xA8\xE8\x87\xAA\xE5\x89\x8D\xE5\xBE\x80\xE5\xBE\x88\xE5\x8D\xB1\xE9\x9A\xAA\xE2\x80\x94\xE5\xB8\xB6\xE4\xB8\x8A\xE9\x80\x99\xE5\x80\x8B\xE8\xB6\x85\xE5\x88\x86\xE8\xBE\xA8\xE7\x8E\x87"},
{"\xE8\xB6\x85\xE5\x88\x86\xE8\xBE\xA8\xE7\x8E\x87\xE5\x88\xB0\xE8\xAE\xA4\xE4\xB8\x8D\xE5\x87\xBA\xE6\x9D\xA5\xE3\x80\x82", "\xE8\xB6\x85\xE5\x88\x86\xE8\xBE\xA8\xE7\x8E\x87\xE5\x88\xB0\xE8\xAA\x8D\xE4\xB8\x8D\xE5\x87\xBA\xE4\xBE\x86\xE3\x80\x82"},
{"\xE7\x9B\xB8\xE4\xBF\xA1\xE8\xBF\x87\xE7\xA8\x8B\xE3\x80\x82\xE5\xBF\xBD\xE7\x95\xA5\xE9\x97\xAA\xE7\x83\x81\xE3\x80\x82", "\xE7\x9B\xB8\xE4\xBF\xA1\xE9\x81\x8E\xE7\xA8\x8B\xE3\x80\x82\xE5\xBF\xBD\xE7\x95\xA5\xE9\x96\x83\xE7\x88\x8D\xE3\x80\x82"},
{"\xE7\x9C\x9F\xE5\x81\x87\xE5\xB8\xA7\xE3\x80\x82\xE7\xBB\x8F\xE8\xBF\x87\xE8\xAE\xA4\xE8\xAF\x81\xE3\x80\x82", "\xE7\x9C\x9F\xE5\x81\x87\xE5\xB9\x80\xE3\x80\x82\xE7\xB6\x93\xE9\x81\x8E\xE8\xAA\x8D\xE8\xAD\x89\xE3\x80\x82"},
{"\xE6\x80\xA7\xE8\x83\xBD\xE5\xB9\xBB\xE8\xB1\xA1\xEF\xBC\x8C\xE5\xAE\x8C\xE7\xBE\x8E\xE5\x8D\x87\xE7\xBA\xA7\xE3\x80\x82", "\xE6\x80\xA7\xE8\x83\xBD\xE5\xB9\xBB\xE8\xB1\xA1\xEF\xBC\x8C\xE5\xAE\x8C\xE7\xBE\x8E\xE5\x8D\x87\xE7\xB4\x9A\xE3\x80\x82"},
{"\xE8\xBF\x99\xE4\xB8\xAA\xE8\xB6\x85\xE5\x88\x86\xE8\xBE\xA8\xE7\x8E\x87\xE5\xBA\x94\xE8\xAF\xA5\xE6\x94\xBE\xE5\x9C\xA8\xE5\x8D\x9A\xE7\x89\xA9\xE9\xA6\x86\xEF\xBC\x81", "\xE9\x80\x99\xE5\x80\x8B\xE8\xB6\x85\xE5\x88\x86\xE8\xBE\xA8\xE7\x8E\x87\xE6\x87\x89\xE8\xA9\xB2\xE6\x94\xBE\xE5\x9C\xA8\xE5\x8D\x9A\xE7\x89\xA9\xE9\xA4\xA8\xEF\xBC\x81"},
{"\xE5\x9B\xA0\xE4\xB8\xBA\xE5\x8E\x9F\xE7\x94\x9F\xE6\xB8\xB2\xE6\x9F\x93\xE8\xA2\xAB\xE8\xBF\x87\xE9\xAB\x98\xE4\xBC\xB0\xE4\xBA\x86\xE3\x80\x82", "\xE5\x9B\xA0\xE7\x88\xB2\xE5\x8E\x9F\xE7\x94\x9F\xE6\xB8\xB2\xE6\x9F\x93\xE8\xA2\xAB\xE9\x81\x8E\xE9\xAB\x98\xE4\xBC\xB0\xE4\xBA\x86\xE3\x80\x82"},
{"\xE8\xB6\x8A\xE8\xB6\x85\xE5\x88\x86\xE8\xBE\xA8\xE7\x8E\x87\xEF\xBC\x8C\xE8\xB6\x8A\xE8\x8A\x82\xE7\x9C\x81", "\xE8\xB6\x8A\xE8\xB6\x85\xE5\x88\x86\xE8\xBE\xA8\xE7\x8E\x87\xEF\xBC\x8C\xE8\xB6\x8A\xE7\xAF\x80\xE7\x9C\x81"},
{"\xE4\xB9\xB0\xE4\xB8\x80\xE5\xBC\xA0\xE6\x9B\xB4\xE5\xA5\xBD\xE7\x9A\x84\x20\x47\x50\x55\x20\xE6\xB0\xB8\xE8\xBF\x9C\xE4\xB8\x8D\xE6\x99\x9A", "\xE8\xB2\xB7\xE4\xB8\x80\xE5\xBC\xB5\xE6\x9B\xB4\xE5\xA5\xBD\xE7\x9A\x84\x20\x47\x50\x55\x20\xE6\xB0\xB8\xE9\x81\xA0\xE4\xB8\x8D\xE6\x99\x9A"},
{"\xE6\x88\x91\xE4\xBB\xAC\xE8\xA6\x81\xE5\x8E\xBB\xE7\x9A\x84\xE5\x9C\xB0\xE6\x96\xB9\xE4\xB8\x8D\xE9\x9C\x80\xE8\xA6\x81\xE7\x9C\x9F\xE5\xAE\x9E\xE5\x83\x8F\xE7\xB4\xA0", "\xE6\x88\x91\xE5\x80\x91\xE8\xA6\x81\xE5\x8E\xBB\xE7\x9A\x84\xE5\x9C\xB0\xE6\x96\xB9\xE4\xB8\x8D\xE9\x9C\x80\xE8\xA6\x81\xE7\x9C\x9F\xE5\xAF\xA6\xE5\x83\x8F\xE7\xB4\xA0"},
{"\xE4\xBD\xA0\xE7\x9F\xA5\xE9\x81\x93\x20\x49\x6E\x74\x65\x6C\x20\xE5\xB7\xB2\xE7\xBB\x8F\xE5\x8F\x91\xE5\xB8\x83\xE4\xBA\x86\x20\x58\x65\x46\x47\x20\xE5\x90\x97\xEF\xBC\x9F", "\xE4\xBD\xA0\xE7\x9F\xA5\xE9\x81\x93\x20\x49\x6E\x74\x65\x6C\x20\xE5\xB7\xB2\xE7\xB6\x93\xE7\x99\xBC\xE5\xB8\x83\xE4\xBA\x86\x20\x58\x65\x46\x47\x20\xE5\x97\x8E\xEF\xBC\x9F"},
{"\x4D\x46\x47\x20\xE5\xAE\x8C\xE5\x85\xA8\xE9\x80\x82\xE9\x85\x8D\x20\x4E\x75\x6B\x65\x6D\x20\xE7\x9A\x84\xEF\xBC\x8C\x31\x30\x30\x25\x25\x20\xE7\xBB\x9D\xE9\x9D\x9E\xE9\xAA\x97\xE5\xB1\x80", "\x4D\x46\x47\x20\xE5\xAE\x8C\xE5\x85\xA8\xE9\x81\xA9\xE9\x85\x8D\x20\x4E\x75\x6B\x65\x6D\x20\xE7\x9A\x84\xEF\xBC\x8C\x31\x30\x30\x25\x25\x20\xE7\xB5\x95\xE9\x9D\x9E\xE9\xA8\x99\xE5\xB1\x80"},
{"\xE5\x85\xB6\xE4\xB8\xAD\xE4\xB8\x80\xE4\xBA\x9B\xE5\x83\x8F\xE7\xB4\xA0\xE5\x8F\xAF\xE8\x83\xBD\xE7\x94\x9A\xE8\x87\xB3\xE6\x98\xAF\xE7\x9C\x9F\xE7\x9A\x84\xEF\xBC\x81", "\xE5\x85\xB6\xE4\xB8\xAD\xE4\xB8\x80\xE4\xBA\x9B\xE5\x83\x8F\xE7\xB4\xA0\xE5\x8F\xAF\xE8\x83\xBD\xE7\x94\x9A\xE8\x87\xB3\xE6\x98\xAF\xE7\x9C\x9F\xE7\x9A\x84\xEF\xBC\x81"},
{"\xE5\x8F\xAA\xE8\xA6\x81\xE5\x88\xAB\xE5\xA4\xAA\xE4\xBB\x94\xE7\xBB\x86\xE7\x9C\x8B\xE5\x9B\xBE\xE5\x83\x8F", "\xE5\x8F\xAA\xE8\xA6\x81\xE5\x88\xA5\xE5\xA4\xAA\xE4\xBB\x94\xE7\xB4\xB0\xE7\x9C\x8B\xE5\x9C\x96\xE5\x83\x8F"},
{"\xE7\x94\x9A\xE8\x87\xB3\xE6\x94\xAF\xE6\x8C\x81\x20\x22\x73\x6F\x66\x74\x77\x61\x72\x65\x22\x20\x58\x65\x53\x53\xEF\xBC\x81", "\xE7\x94\x9A\xE8\x87\xB3\xE6\x94\xAF\xE6\x8C\x81\x20\x22\x73\x6F\x66\x74\x77\x61\x72\x65\x22\x20\x58\x65\x53\x53\xEF\xBC\x81"},
{"\xE8\xB0\xA2\xE8\xB0\xA2\x20\x6E\x69\x74\x65\x63\xEF\xBC\x8C\xE4\xBA\xA4\xE5\x9B\x9E\xE7\xBB\x99\x20\x6E\x69\x74\x65\x63", "\xE8\xAC\x9D\xE8\xAC\x9D\x20\x6E\x69\x74\x65\x63\xEF\xBC\x8C\xE4\xBA\xA4\xE5\x9B\x9E\xE7\xB5\xA6\x20\x6E\x69\x74\x65\x63"},
{"\xE7\xBB\x8F\x20\x42\x79\x2D\x55\x20\xE6\xB5\x8B\xE8\xAF\x95\xE5\x92\x8C\xE6\x89\xB9\xE5\x87\x86", "\xE7\xB6\x93\x20\x42\x79\x2D\x55\x20\xE6\xB8\xAC\xE8\xA9\xA6\xE5\x92\x8C\xE6\x89\xB9\xE5\x87\x86"},
{"\x30\x2E\x38\x20\xE6\x98\xAF\xE5\x86\x85\xE9\x83\xA8\xE4\xBA\xBA\xE5\x91\x98\xE5\x81\x9A\xE7\x9A\x84", "\x30\x2E\x38\x20\xE6\x98\xAF\xE5\x85\xA7\xE9\x83\xA8\xE4\xBA\xBA\xE5\x93\xA1\xE5\x81\x9A\xE7\x9A\x84"},
{"\x46\x53\x52\x34\x20\x44\x50\x34\x61\x20\xE4\xBD\x95\xE6\x97\xB6\xE5\x8F\x91\xE5\xB8\x83\xEF\xBC\x8C\x41\x4D\x44\x20\xE8\xAF\xB7\xE5\x90\xA7", "\x46\x53\x52\x34\x20\x44\x50\x34\x61\x20\xE4\xBD\x95\xE6\x99\x82\xE7\x99\xBC\xE4\xBD\x88\xEF\xBC\x8C\x41\x4D\x44\x20\xE8\xAB\x8B\xE5\x90\xA7"},
{"\x4F\x70\x74\x69\x43\x6F\x70\x65\x72\x73\xEF\xBC\x8C\xE9\x9B\x86\xE5\x90\x88\xEF\xBC\x81", "\x4F\x70\x74\x69\x43\x6F\x70\x65\x72\x73\xEF\xBC\x8C\xE9\x9B\x86\xE5\x90\x88\xEF\xBC\x81"},
{"\xE8\xB6\x85\xE5\x88\x86\xE8\xBE\xA8\xE7\x8E\x87\xE5\xBA\x94\xE6\x9C\x89\xE7\x9A\x84\xE6\xA0\xB7\xE5\xAD\x90", "\xE8\xB6\x85\xE5\x88\x86\xE8\xBE\xA8\xE7\x8E\x87\xE6\x87\x89\xE6\x9C\x89\xE7\x9A\x84\xE6\xA8\xA3\xE5\xAD\x90"},
{"\xE4\xBD\xA0\xE7\x9A\x84\xE6\xB8\xB8\xE6\x88\x8F\xE4\xBB\x8A\xE5\xA4\xA9\xE5\x8F\xAF\xE8\x83\xBD\xE4\xB8\x8D\xE4\xBC\x9A\xE5\xB4\xA9\xE6\xBA\x83", "\xE4\xBD\xA0\xE7\x9A\x84\xE9\x81\x8A\xE6\x88\xB2\xE4\xBB\x8A\xE5\xA4\xA9\xE5\x8F\xAF\xE8\x83\xBD\xE4\xB8\x8D\xE6\x9C\x83\xE5\xB4\xA9\xE6\xBD\xB0"},
{"\xE6\x89\xA9\xE5\xB1\x95\xE5\x92\x8C\xE5\xA2\x9E\xE5\xBC\xBA", "\xE6\x93\xB4\xE5\xB1\x95\xE5\x92\x8C\xE5\xA2\x9E\xE5\xBC\xB7"},
{"\xE8\xBF\x99\xE5\x8F\xAA\xE6\x98\xAF\xE6\x88\x91\xE4\xBB\x8A\xE5\xA4\xA9\xE7\xAC\xAC\x20\x35\x20\xE6\xAC\xA1\xE5\xB4\xA9\xE6\xBA\x83", "\xE9\x80\x99\xE5\x8F\xAA\xE6\x98\xAF\xE6\x88\x91\xE4\xBB\x8A\xE5\xA4\xA9\xE7\xAC\xAC\x20\x35\x20\xE6\xAC\xA1\xE5\xB4\xA9\xE6\xBD\xB0"},
{"\xE5\xB8\xA7\xE7\x94\x9F\xE6\x88\x90\xE5\xBB\xB6\xE8\xBF\x9F\xEF\xBC\x9F\xE4\xBD\x86\xE6\x88\x91\xE7\xBD\x91\xE7\xBB\x9C\xE5\xBE\x88\xE5\xA5\xBD\xE5\x95\x8A", "\xE5\xB9\x80\xE7\x94\x9F\xE6\x88\x90\xE5\xBB\xB6\xE9\x81\xB2\xEF\xBC\x9F\xE4\xBD\x86\xE6\x88\x91\xE7\xB6\xB2\xE7\xB5\xA1\xE5\xBE\x88\xE5\xA5\xBD\xE5\x95\x8A"},
{"\xE4\xB8\xBB\xE6\x9C\xBA\xE5\xBC\x9F\xE5\x8F\x8B\xE5\x8F\xAF\xE5\x81\x9A\xE4\xB8\x8D\xE5\x88\xB0", "\xE4\xB8\xBB\xE6\xA9\x9F\xE5\xBC\x9F\xE5\x8F\x8B\xE5\x8F\xAF\xE5\x81\x9A\xE4\xB8\x8D\xE5\x88\xB0"},
{"\xE5\xB8\x8C\xE6\x9C\x9B\xE4\xBD\xA0\xE8\xA7\x86\xE5\x8A\x9B\xE4\xB8\x8D\xE5\xA4\xAA\xE5\xA5\xBD", "\xE5\xB8\x8C\xE6\x9C\x9B\xE4\xBD\xA0\xE8\xA6\x96\xE5\x8A\x9B\xE4\xB8\x8D\xE5\xA4\xAA\xE5\xA5\xBD"},
{"\xE5\xA6\x82\xE6\xAD\xA4\xE6\xBF\x80\xE8\xBF\x9B\xE7\x9A\x84\xE8\xB6\x85\xE5\x88\x86\xE8\xBE\xA8\xE7\x8E\x87\xEF\xBC\x9F\xE5\x8B\x87\xE6\x95\xA2\xE7\x9A\x84\xE5\x81\x9A\xE6\xB3\x95", "\xE5\xA6\x82\xE6\xAD\xA4\xE6\xBF\x80\xE9\x80\xB2\xE7\x9A\x84\xE8\xB6\x85\xE5\x88\x86\xE8\xBE\xA8\xE7\x8E\x87\xEF\xBC\x9F\xE5\x8B\x87\xE6\x95\xA2\xE7\x9A\x84\xE5\x81\x9A\xE6\xB3\x95"},
{"\xE6\x88\x91\xE5\x87\xA0\xE4\xB9\x8E\xE6\x84\x9F\xE8\xA7\x89\xE4\xB8\x8D\xE5\x88\xB0\xE8\xBE\x93\xE5\x85\xA5\xE5\xBB\xB6\xE8\xBF\x9F", "\xE6\x88\x91\xE5\xB9\xBE\xE4\xB9\x8E\xE6\x84\x9F\xE8\xA6\xBA\xE4\xB8\x8D\xE5\x88\xB0\xE8\xBC\xB8\xE5\x85\xA5\xE5\xBB\xB6\xE9\x81\xB2"},
{"\xE8\xBF\x99\xE5\xB0\xB1\xE6\x98\xAF\xE4\xBD\xA0\xE5\xA6\x82\xE4\xBD\x95\xE8\xBE\xBE\xE5\x88\xB0\x20\x36\x30\x20\x46\x50\x53\x20\xE7\x9A\x84\xE6\x96\xB9\xE6\xB3\x95", "\xE9\x80\x99\xE5\xB0\xB1\xE6\x98\xAF\xE4\xBD\xA0\xE5\xA6\x82\xE4\xBD\x95\xE9\x81\x94\xE5\x88\xB0\x20\x36\x30\x20\x46\x50\x53\x20\xE7\x9A\x84\xE6\x96\xB9\xE6\xB3\x95"},
{"\xE6\x88\x91\xE4\xBB\xAC\xE4\xB8\x80\xE8\xB5\xB7\xE8\xB6\x85\xE5\x88\x86\xE8\xBE\xA8\xE7\x8E\x87", "\xE6\x88\x91\xE5\x80\x91\xE4\xB8\x80\xE8\xB5\xB7\xE8\xB6\x85\xE5\x88\x86\xE8\xBE\xA8\xE7\x8E\x87"},
{"\xE7\x94\xB1\xE8\xB6\x85\xE5\x88\x86\xE8\xBE\xA8\xE7\x8E\x87\xE7\x88\xB1\xE5\xA5\xBD\xE8\x80\x85\xEF\xBC\x8C\xE4\xB8\xBA\xE8\xB6\x85\xE5\x88\x86\xE8\xBE\xA8\xE7\x8E\x87\xE7\x88\xB1\xE5\xA5\xBD\xE8\x80\x85", "\xE7\x94\xB1\xE8\xB6\x85\xE5\x88\x86\xE8\xBE\xA8\xE7\x8E\x87\xE6\x84\x9B\xE5\xA5\xBD\xE8\x80\x85\xEF\xBC\x8C\xE7\x88\xB2\xE8\xB6\x85\xE5\x88\x86\xE8\xBE\xA8\xE7\x8E\x87\xE6\x84\x9B\xE5\xA5\xBD\xE8\x80\x85"},
{"\x4F\x70\x74\x69\x20\x53\x70\x6F\x72\x74\x73\xEF\xBC\x8C\xE5\x9C\xA8\xE9\x87\x87\xE6\xA0\xB7\xE4\xB8\xAD", "\x4F\x70\x74\x69\x20\x53\x70\x6F\x72\x74\x73\xEF\xBC\x8C\xE5\x9C\xA8\xE6\x8E\xA1\xE6\xA8\xA3\xE4\xB8\xAD"},
{"\xE5\x9C\xA8\xE4\xBD\xA0\xE7\x9A\x84\xE4\xB8\x96\xE7\x95\x8C\xE6\xB8\xB2\xE6\x9F\x93\xE3\x80\x82\xE5\x9C\xA8\xE6\x88\x91\xE4\xBB\xAC\xE7\x9A\x84\xE4\xB8\x96\xE7\x95\x8C\xE8\xB6\x85\xE5\x88\x86\xE8\xBE\xA8\xE7\x8E\x87", "\xE5\x9C\xA8\xE4\xBD\xA0\xE7\x9A\x84\xE4\xB8\x96\xE7\x95\x8C\xE6\xB8\xB2\xE6\x9F\x93\xE3\x80\x82\xE5\x9C\xA8\xE6\x88\x91\xE5\x80\x91\xE7\x9A\x84\xE4\xB8\x96\xE7\x95\x8C\xE8\xB6\x85\xE5\x88\x86\xE8\xBE\xA8\xE7\x8E\x87"},
{"\xE4\xBD\xA0\xE6\x89\x80\xE6\x9C\x89\xE7\x9A\x84\xE5\x83\x8F\xE7\xB4\xA0\xE9\x83\xBD\xE5\xBD\x92\xE6\x88\x91\xE4\xBB\xAC", "\xE4\xBD\xA0\xE6\x89\x80\xE6\x9C\x89\xE7\x9A\x84\xE5\x83\x8F\xE7\xB4\xA0\xE9\x83\xBD\xE6\xAD\xB8\xE6\x88\x91\xE5\x80\x91"},
{"\xE4\xB8\xBA\xE5\xA4\xA7\xE4\xBC\x97\xE7\x9A\x84\xE8\xB6\x85\xE5\x88\x86\xE8\xBE\xA8\xE7\x8E\x87\xEF\xBC\x8C\xE8\x80\x8C\xE9\x9D\x9E\xE9\x98\xB6\xE5\xB1\x82", "\xE7\x88\xB2\xE5\xA4\xA7\xE8\xA1\x86\xE7\x9A\x84\xE8\xB6\x85\xE5\x88\x86\xE8\xBE\xA8\xE7\x8E\x87\xEF\xBC\x8C\xE8\x80\x8C\xE9\x9D\x9E\xE9\x9A\x8E\xE5\xB1\xA4"},
{"\xE8\x87\xAA\x20\x32\x30\x32\x33\x20\xE5\xB9\xB4\xE4\xBB\xA5\xE6\x9D\xA5\xE4\xB8\x80\xE7\x9B\xB4\xE5\x9C\xA8\xE4\xBA\x89\xE8\xAE\xBA", "\xE8\x87\xAA\x20\x32\x30\x32\x33\x20\xE5\xB9\xB4\xE4\xBB\xA5\xE4\xBE\x86\xE4\xB8\x80\xE7\x9B\xB4\xE5\x9C\xA8\xE7\x88\xAD\xE8\xAB\x96"},
{"\xE8\x87\xAA\x20\x32\x30\x32\x33\x20\xE5\xB9\xB4\xE4\xBB\xA5\xE6\x9D\xA5\xE5\x90\xAF\xE7\x94\xA8\x20\x44\x4C\x53\x53", "\xE8\x87\xAA\x20\x32\x30\x32\x33\x20\xE5\xB9\xB4\xE4\xBB\xA5\xE4\xBE\x86\xE5\x95\x93\xE7\x94\xA8\x20\x44\x4C\x53\x53"},
{"\x5B\x52\x45\x44\x41\x43\x54\x45\x44\x5D\x20\xE4\xBB\x8E\xE6\x9D\xA5\xE6\xB2\xA1\xE8\xBF\x99\xE4\xB9\x88\xE5\xA5\xBD\xE7\x9C\x8B\xE8\xBF\x87", "\x5B\x52\x45\x44\x41\x43\x54\x45\x44\x5D\x20\xE5\xBE\x9E\xE4\xBE\x86\xE6\xB2\x92\xE9\x80\x99\xE9\xBA\xBC\xE5\xA5\xBD\xE7\x9C\x8B\xE9\x81\x8E"},
{"\xE5\x85\x8D\xE8\xB4\xB9\xEF\xBC\x8C\xE5\xB9\xB6\xE4\xB8\x94\xE6\xB0\xB8\xE8\xBF\x9C\xE5\x85\x8D\xE8\xB4\xB9", "\xE5\x85\x8D\xE8\xB2\xBB\xEF\xBC\x8C\xE4\xB8\xA6\xE4\xB8\x94\xE6\xB0\xB8\xE9\x81\xA0\xE5\x85\x8D\xE8\xB2\xBB"},
{"\xE6\xAD\xA3\xE5\x9C\xA8\xE8\x84\xB1\xE7\xA6\xBB\xE7\xBB\xBF\xE8\x89\xB2\xE9\x93\xBE\xE6\x9D\x9F\x2E\x2E\x2E", "\xE6\xAD\xA3\xE5\x9C\xA8\xE8\x84\xAB\xE9\x9B\xA2\xE7\xB6\xA0\xE8\x89\xB2\xE9\x8F\x88\xE6\x9D\x9F\x2E\x2E\x2E"},
{"\x4E\x75\x6B\x65\x6D\x20\xE5\x88\xB0\xE5\xBA\x95\xE6\x98\xAF\xE8\xB0\x81\xEF\xBC\x9F", "\x4E\x75\x6B\x65\x6D\x20\xE5\x88\xB0\xE5\xBA\x95\xE6\x98\xAF\xE8\xAA\xB0\xEF\xBC\x9F"},
{"\xE6\xAD\xA3\xE5\x9C\xA8\xE7\xBC\x96\xE8\xAF\x91\xE7\x9D\x80\xE8\x89\xB2\xE5\x99\xA8\x2E\x2E\x2E\x20\xE9\xA2\x84\xE8\xAE\xA1\x3A\x20\x30\x35\x68\x3A\x34\x39\x6D", "\xE6\xAD\xA3\xE5\x9C\xA8\xE7\xB7\xA8\xE8\xAD\xAF\xE7\x9D\x80\xE8\x89\xB2\xE5\x99\xA8\x2E\x2E\x2E\x20\xE9\xA0\x90\xE8\xA8\x88\x3A\x20\x30\x35\x68\x3A\x34\x39\x6D"},
{"\xE4\xBD\xA0\xE4\xB8\x8D\xE4\xBC\x9A\xE7\x9C\x9F\xE7\x9A\x84\xE8\x8A\xB1\xE4\xBA\x86\x20\x37\x30\x20\xE6\xAC\xA7\xE5\x85\x83\xE4\xB9\xB0\xE8\xBF\x99\xE4\xB8\xAA\xE6\xB8\xB8\xE6\x88\x8F\xE5\x90\xA7\xEF\xBC\x9F\xEF\xBC\x81", "\xE4\xBD\xA0\xE4\xB8\x8D\xE6\x9C\x83\xE7\x9C\x9F\xE7\x9A\x84\xE8\x8A\xB1\xE4\xBA\x86\x20\x37\x30\x20\xE6\xAD\x90\xE5\x85\x83\xE8\xB2\xB7\xE9\x80\x99\xE5\x80\x8B\xE9\x81\x8A\xE6\x88\xB2\xE5\x90\xA7\xEF\xBC\x9F\xEF\xBC\x81"},
{"\xE7\x8C\x9C\xE7\x8C\x9C\xE8\xB0\x81\xE5\x8F\x88\xE5\xBF\x98\xE4\xBA\x86\x20\x6E\x75\x6C\x6C\x70\x74\x72\x20\xE6\xA3\x80\xE6\x9F\xA5", "\xE7\x8C\x9C\xE7\x8C\x9C\xE8\xAA\xB0\xE5\x8F\x88\xE5\xBF\x98\xE4\xBA\x86\x20\x6E\x75\x6C\x6C\x70\x74\x72\x20\xE6\xAA\xA2\xE6\x9F\xA5"},
{"\x41\x49\x20\xE4\xB9\x9F\xE6\x91\x86\xE4\xB8\x8D\xE5\xB9\xB3\xE8\xBF\x99\xE4\xB8\xAA", "\x41\x49\x20\xE4\xB9\x9F\xE6\x93\xBA\xE4\xB8\x8D\xE5\xB9\xB3\xE9\x80\x99\xE5\x80\x8B"},
{"\xE6\x88\x91\xE7\x8C\x9C\xE6\x88\x91\xE4\xBB\xAC\xE7\x8E\xB0\xE5\x9C\xA8\xE6\x98\xAF\x20\x70\x72\x65\x2D\x61\x6C\x70\x68\x61\x20\xE7\x89\x88\xE6\xBC\x94\xE7\xA4\xBA\xE4\xBA\x86", "\xE6\x88\x91\xE7\x8C\x9C\xE6\x88\x91\xE5\x80\x91\xE7\x8F\xBE\xE5\x9C\xA8\xE6\x98\xAF\x20\x70\x72\x65\x2D\x61\x6C\x70\x68\x61\x20\xE7\x89\x88\xE6\xBC\x94\xE7\xA4\xBA\xE4\xBA\x86"},
{"\xE8\xA1\x97\xE5\x8C\xBA\xE6\x96\xB0\xE5\xBA\x94\xE7\x94\xA8\x20\x2D\x20\x54\x48", "\xE8\xA1\x97\xE5\x8D\x80\xE6\x96\xB0\xE6\x87\x89\xE7\x94\xA8\x20\x2D\x20\x54\x48"},
{"\xE5\x86\x8D\xE5\x8D\xA1\xE4\xB8\x80\xE6\xAC\xA1\xE6\x88\x91\xE5\x8F\xAF\xE8\x83\xBD\xE5\xB0\xB1\xE8\xA6\x81\xE5\xB4\xA9\xE6\xBA\x83\xE4\xBA\x86", "\xE5\x86\x8D\xE5\x8D\xA1\xE4\xB8\x80\xE6\xAC\xA1\xE6\x88\x91\xE5\x8F\xAF\xE8\x83\xBD\xE5\xB0\xB1\xE8\xA6\x81\xE5\xB4\xA9\xE6\xBD\xB0\xE4\xBA\x86"},
{"\xE6\xB7\xB1\xE5\xBA\xA6\xE5\xAD\xA6\xE4\xB9\xA0\xE5\xBA\x9F\xE6\x96\x99\xE9\x87\x87\xE6\xA0\xB7\x20\x35", "\xE6\xB7\xB1\xE5\xBA\xA6\xE5\xAD\xB8\xE7\xBF\x92\xE5\xBB\xA2\xE6\x96\x99\xE6\x8E\xA1\xE6\xA8\xA3\x20\x35"},
{"\x32\x44\x20\x41\x49\x20\xE6\xBB\xA4\xE9\x95\x9C\xEF\xBC\x8C\xE7\x8E\xB0\xE5\x9C\xA8\xE5\x8F\xAA\xE9\x9C\x80\xE4\xB8\xA4\xE5\xBC\xA0\x20\x35\x30\x39\x30\x20\xE9\xA9\xB1\xE5\x8A\xA8", "\x32\x44\x20\x41\x49\x20\xE6\xBF\xBE\xE9\x8F\xA1\xEF\xBC\x8C\xE7\x8F\xBE\xE5\x9C\xA8\xE5\x8F\xAA\xE9\x9C\x80\xE5\x85\xA9\xE5\xBC\xB5\x20\x35\x30\x39\x30\x20\xE9\xA9\x85\xE5\x8B\x95"},
{"\xE7\xA5\x9E\xE7\xBB\x8F\xE5\xBA\x9F\xE6\x96\x99\xE9\x87\x87\xE6\xA0\xB7\xE4\xB8\x8E\x20\x44\x4C\x53\x53\x35", "\xE7\xA5\x9E\xE7\xB6\x93\xE5\xBB\xA2\xE6\x96\x99\xE6\x8E\xA1\xE6\xA8\xA3\xE8\x88\x87\x20\x44\x4C\x53\x53\x35"},
{"\x44\x4C\x53\x53\x20\x35\x20\xE2\x80\x94\x20\xE5\xBA\x9F\xE6\x96\x99\xE5\xBA\x94\xE6\x9C\x89\xE7\x9A\x84\xE6\xA0\xB7\xE5\xAD\x90", "\x44\x4C\x53\x53\x20\x35\x20\xE2\x80\x94\x20\xE5\xBB\xA2\xE6\x96\x99\xE6\x87\x89\xE6\x9C\x89\xE7\x9A\x84\xE6\xA8\xA3\xE5\xAD\x90"},
{"\xE6\xAD\xA3\xE5\xBD\x93\xE6\x88\x91\xE4\xBB\xA5\xE4\xB8\xBA\xE6\x88\x91\xE9\x80\x80\xE5\x87\xBA\xE4\xBA\x86\xEF\xBC\x8C\xE4\xBB\x96\xE4\xBB\xAC\xE5\x8F\x88\xE6\x8A\x8A\xE6\x88\x91\xE6\x8B\x89\xE5\x9B\x9E\xE6\x9D\xA5\xE4\xBA\x86", "\xE6\xAD\xA3\xE7\x95\xB6\xE6\x88\x91\xE4\xBB\xA5\xE7\x88\xB2\xE6\x88\x91\xE9\x80\x80\xE5\x87\xBA\xE4\xBA\x86\xEF\xBC\x8C\xE4\xBB\x96\xE5\x80\x91\xE5\x8F\x88\xE6\x8A\x8A\xE6\x88\x91\xE6\x8B\x89\xE5\x9B\x9E\xE4\xBE\x86\xE4\xBA\x86"},
{"\x3C\xE5\x9C\xA8\xE6\xAD\xA4\xE5\xA1\xAB\xE5\x85\xA5\xE4\xBD\xA0\xE7\x9A\x84\xE5\xB9\xBD\xE9\xBB\x98\xE6\x96\x87\xE5\xAD\x97\x3E", "\x3C\xE5\x9C\xA8\xE6\xAD\xA4\xE5\xA1\xAB\xE5\x85\xA5\xE4\xBD\xA0\xE7\x9A\x84\xE5\xB9\xBD\xE9\xBB\x98\xE6\x96\x87\xE5\xAD\x97\x3E"},
{"\xE8\x87\xAA\xE5\x8A\xA8", "\xE8\x87\xAA\xE5\x8B\x95"},
{"\xE8\xBE\x93\xE5\x85\xA5", "\xE8\xBC\xB8\xE5\x85\xA5"},
{"\x4F\x70\x74\x69\x53\x63\x61\x6C\x65\x72", "\x4F\x70\x74\x69\x53\x63\x61\x6C\x65\x72"},
{"\xE6\x98\xBE\xE7\xA4\xBA\xE5\x88\x86\xE8\xBE\xA8\xE7\x8E\x87\xE8\xBF\x90\xE5\x8A\xA8\xE5\x90\x91\xE9\x87\x8F", "\xE9\xA1\xAF\xE7\xA4\xBA\xE5\x88\x86\xE8\xBE\xA8\xE7\x8E\x87\xE9\x81\x8B\xE5\x8B\x95\xE5\x90\x91\xE9\x87\x8F"},
{"\xE4\xBD\xA0\xE9\x80\x9A\xE5\xB8\xB8\xE4\xB8\x8D\xE9\x9C\x80\xE8\xA6\x81\xE6\x94\xB9\xE5\x8F\x98\xE5\xAE\x83", "\xE4\xBD\xA0\xE9\x80\x9A\xE5\xB8\xB8\xE4\xB8\x8D\xE9\x9C\x80\xE8\xA6\x81\xE6\x94\xB9\xE8\xAE\x8A\xE5\xAE\x83"},
{"\xE5\x8F\xAF\xE8\x83\xBD\xE5\xB8\xAE\xE5\x8A\xA9\xE8\xA7\xA3\xE5\x86\xB3\xE6\x9F\x90\xE4\xBA\x9B\xE6\xB8\xB8\xE6\x88\x8F\xE4\xB8\xAD\xE7\x9A\x84\xE7\xB4\xAB\xE8\x89\xB2\xE8\x89\xB2\xE8\xB0\x83\xE9\x97\xAE\xE9\xA2\x98", "\xE5\x8F\xAF\xE8\x83\xBD\xE5\xB9\xAB\xE5\x8A\xA9\xE8\xA7\xA3\xE6\xB1\xBA\xE6\x9F\x90\xE4\xBA\x9B\xE9\x81\x8A\xE6\x88\xB2\xE4\xB8\xAD\xE7\x9A\x84\xE7\xB4\xAB\xE8\x89\xB2\xE8\x89\xB2\xE8\xAA\xBF\xE5\x95\x8F\xE9\xA1\x8C"},
{"\xE4\xBF\xAE\xE5\xA4\x8D\xE5\x8F\x91\xE9\x80\x81\xE5\xB8\xA6\xE9\xA2\x84\xE5\xBA\x94\xE7\x94\xA8\xE6\x8A\x96\xE5\x8A\xA8\xE6\x95\xB0\xE6\x8D\xAE\xE7\x9A\x84\xE6\xB8\xB8\xE6\x88\x8F", "\xE4\xBF\xAE\xE5\xBE\xA9\xE7\x99\xBC\xE9\x80\x81\xE5\xB8\xB6\xE9\xA0\x90\xE6\x87\x89\xE7\x94\xA8\xE6\x8A\x96\xE5\x8B\x95\xE6\x95\xB8\xE6\x93\x9A\xE7\x9A\x84\xE9\x81\x8A\xE6\x88\xB2"},
{"\xE9\xAB\x98\xE4\xBA\x8E\x20\x30\x20\xE7\x9A\x84\xE5\x80\xBC\xE5\x90\xAF\xE7\x94\xA8\xE5\x8F\x8D\xE5\xBA\x94\xE6\x8E\xA9\xE8\x86\x9C", "\xE9\xAB\x98\xE6\x96\xBC\x20\x30\x20\xE7\x9A\x84\xE5\x80\xBC\xE5\x95\x93\xE7\x94\xA8\xE5\x8F\x8D\xE6\x87\x89\xE6\x8E\xA9\xE8\x86\x9C"},
{"\xE6\xAD\xA4\xE9\x80\x89\xE9\xA1\xB9\xE5\xB7\xB2\xE7\xA6\x81\xE7\x94\xA8\xEF\xBC\x8C\xE5\x9B\xA0\xE4\xB8\xBA\xE6\xB8\xB8\xE6\x88\x8F\xE6\x9C\xAA\xE6\x8F\x90\xE4\xBE\x9B\xE5\x8F\x8D\xE5\xBA\x94\xE6\x8E\xA9\xE8\x86\x9C", "\xE6\xAD\xA4\xE9\x81\xB8\xE9\xA0\x85\xE5\xB7\xB2\xE7\xA6\x81\xE7\x94\xA8\xEF\xBC\x8C\xE5\x9B\xA0\xE7\x88\xB2\xE9\x81\x8A\xE6\x88\xB2\xE6\x9C\xAA\xE6\x8F\x90\xE4\xBE\x9B\xE5\x8F\x8D\xE6\x87\x89\xE6\x8E\xA9\xE8\x86\x9C"},
{"\xE6\xB7\xB1\xE5\xBA\xA6\xE5\x80\xBC\xE5\xB0\x86\xE9\x99\xA4\xE4\xBB\xA5\xE6\xAD\xA4\xE5\x80\xBC", "\xE6\xB7\xB1\xE5\xBA\xA6\xE5\x80\xBC\xE5\xB0\x87\xE9\x99\xA4\xE4\xBB\xA5\xE6\xAD\xA4\xE5\x80\xBC"},
{"\xE5\x9C\xA8\xE9\xAB\x98\xE5\xAF\xB9\xE6\xAF\x94\xE5\xBA\xA6\xE5\x8C\xBA\xE5\x9F\x9F\xE6\x8E\xA7\xE5\x88\xB6\xE9\x94\x90\xE5\x8C\x96\xE5\xBA\xA6", "\xE5\x9C\xA8\xE9\xAB\x98\xE5\xB0\x8D\xE6\xAF\x94\xE5\xBA\xA6\xE5\x8D\x80\xE5\x9F\x9F\xE6\x8E\xA7\xE5\x88\xB6\xE9\x8A\xB3\xE5\x8C\x96\xE5\xBA\xA6"},
{"\xE4\xBB\x85\xE6\x98\xBE\xE7\xA4\xBA\x20\x46\x53\x52\x20\x33\x2E\x31\x20\xE7\x94\x9F\xE6\x88\x90\xE7\x9A\x84\xE5\xB8\xA7", "\xE5\x83\x85\xE9\xA1\xAF\xE7\xA4\xBA\x20\x46\x53\x52\x20\x33\x2E\x31\x20\xE7\x94\x9F\xE6\x88\x90\xE7\x9A\x84\xE5\xB9\x80"},
{"\x46\x46\x58\x20\x53\x44\x4B\x20\xE6\x8A\xA5\xE5\x91\x8A\xE7\x9A\x84\xE5\xB8\xA7\xE7\x94\x9F\xE6\x88\x90\xE5\x88\x97\xE8\xA1\xA8", "\x46\x46\x58\x20\x53\x44\x4B\x20\xE5\xA0\xB1\xE5\x91\x8A\xE7\x9A\x84\xE5\xB9\x80\xE7\x94\x9F\xE6\x88\x90\xE5\x88\x97\xE8\xA1\xA8"},
{"\xE9\x87\x8D\xE7\xBD\xAE\xE5\xB8\xA7\xE7\x94\x9F\xE6\x88\x90\xE7\x9F\xA9\xE5\xBD\xA2", "\xE9\x87\x8D\xE7\xBD\xAE\xE5\xB9\x80\xE7\x94\x9F\xE6\x88\x90\xE7\x9F\xA9\xE5\xBD\xA2"},
{"\xE4\xBD\xBF\xE7\x94\xA8\xE9\xAB\x98\xE5\xBA\xA6\xE5\xB7\xAE\xE5\x80\xBC\xE4\xBD\x9C\xE4\xB8\xBA\xE5\x81\x8F\xE7\xA7\xBB\xE9\x87\x8F", "\xE4\xBD\xBF\xE7\x94\xA8\xE9\xAB\x98\xE5\xBA\xA6\xE5\xB7\xAE\xE5\x80\xBC\xE4\xBD\x9C\xE7\x88\xB2\xE5\x81\x8F\xE7\xA7\xBB\xE9\x87\x8F"},
{"\xE4\xBF\xAE\xE5\xA4\x8D\x20\x44\x4C\x53\x53\x2D\x44\x20\xE9\x94\x99\xE8\xAF\xAF\xE7\x9A\x84\xE6\xB7\xB1\xE5\xBA\xA6\xE8\xBE\x93\xE5\x85\xA5", "\xE4\xBF\xAE\xE5\xBE\xA9\x20\x44\x4C\x53\x53\x2D\x44\x20\xE9\x8C\xAF\xE8\xAA\xA4\xE7\x9A\x84\xE6\xB7\xB1\xE5\xBA\xA6\xE8\xBC\xB8\xE5\x85\xA5"},
{"\xE5\x90\xAF\xE7\x94\xA8\x20\x58\x65\x46\x47\x20\xE8\xB0\x83\xE8\xAF\x95\xE8\xA7\x86\xE5\x9B\xBE", "\xE5\x95\x93\xE7\x94\xA8\x20\x58\x65\x46\x47\x20\xE8\xAA\xBF\xE8\xA9\xA6\xE8\xA6\x96\xE5\x9C\x96"},
{"\xE5\x90\xAF\xE7\x94\xA8\x20\x48\x55\x44\x20\xE7\xA8\xB3\xE5\xAE\x9A\xE6\x80\xA7\xE4\xBF\xAE\xE5\xA4\x8D\xEF\xBC\x8C\xE5\x8F\xAF\xE8\x83\xBD\xE5\xAF\xBC\xE8\x87\xB4\xE5\xB4\xA9\xE6\xBA\x83\xEF\xBC\x81", "\xE5\x95\x93\xE7\x94\xA8\x20\x48\x55\x44\x20\xE7\xA9\xA9\xE5\xAE\x9A\xE6\x80\xA7\xE4\xBF\xAE\xE5\xBE\xA9\xEF\xBC\x8C\xE5\x8F\xAF\xE8\x83\xBD\xE5\xB0\x8E\xE8\x87\xB4\xE5\xB4\xA9\xE6\xBD\xB0\xEF\xBC\x81"},
{"\xE5\x90\xAF\xE7\x94\xA8\xE7\xBB\x98\xE5\x88\xB6\xE6\x8F\x92\xE5\x80\xBC\xE8\xB7\xB3\xE8\xBF\x87\xE7\xBA\xBF", "\xE5\x95\x93\xE7\x94\xA8\xE7\xB9\xAA\xE8\xA3\xBD\xE6\x8F\x92\xE5\x80\xBC\xE8\xB7\xB3\xE9\x81\x8E\xE7\xB7\x9A"},
{"\xE5\x90\xAF\xE7\x94\xA8\xE7\xBB\x98\xE5\x88\xB6\xE8\x8A\x82\xE5\xA5\x8F\xE7\xBA\xBF", "\xE5\x95\x93\xE7\x94\xA8\xE7\xB9\xAA\xE8\xA3\xBD\xE7\xAF\x80\xE5\xA5\x8F\xE7\xB7\x9A"},
{"\xE5\x90\xAF\xE7\x94\xA8\xE7\xBB\x98\xE5\x88\xB6\xE6\x92\x95\xE8\xA3\x82\xE5\x92\x8C\xE6\x8F\x92\xE5\x80\xBC\xE8\xB7\xB3\xE8\xBF\x87\xE7\xBA\xBF", "\xE5\x95\x93\xE7\x94\xA8\xE7\xB9\xAA\xE8\xA3\xBD\xE6\x92\x95\xE8\xA3\x82\xE5\x92\x8C\xE6\x8F\x92\xE5\x80\xBC\xE8\xB7\xB3\xE9\x81\x8E\xE7\xB7\x9A"},
{"\xE6\xA0\xB9\xE6\x8D\xAE\xE8\xBF\x90\xE5\x8A\xA8\xE8\xB0\x83\xE6\x95\xB4\xE9\x94\x90\xE5\x8C\x96\xE5\xBA\xA6", "\xE6\xA0\xB9\xE6\x93\x9A\xE9\x81\x8B\xE5\x8B\x95\xE8\xAA\xBF\xE6\x95\xB4\xE9\x8A\xB3\xE5\x8C\x96\xE5\xBA\xA6"},
{"\xE5\x8F\xAF\xE8\x83\xBD\xE6\x9C\x89\xE5\x8A\xA9\xE4\xBA\x8E\xE5\xAE\x9E\xE7\x8E\xB0\xE6\x9B\xB4\xE5\xA5\xBD\xE7\x9A\x84\xE5\x9B\xBE\xE5\x83\x8F\xE8\xB4\xA8\xE9\x87\x8F", "\xE5\x8F\xAF\xE8\x83\xBD\xE6\x9C\x89\xE5\x8A\xA9\xE6\x96\xBC\xE5\xAF\xA6\xE7\x8F\xBE\xE6\x9B\xB4\xE5\xA5\xBD\xE7\x9A\x84\xE5\x9C\x96\xE5\x83\x8F\xE8\xB3\xAA\xE9\x87\x8F"},
{"\xE5\xB0\x86\xE7\x9B\xB8\xE5\x90\x8C\xE7\x9A\x84\xE8\xA6\x86\xE5\x86\x99\xE5\x80\xBC\xE5\xBA\x94\xE7\x94\xA8\xE4\xBA\x8E\xE6\x89\x80\xE6\x9C\x89\xE7\xBA\xB9\xE7\x90\x86", "\xE5\xB0\x87\xE7\x9B\xB8\xE5\x90\x8C\xE7\x9A\x84\xE8\xA6\x86\xE5\xAF\xAB\xE5\x80\xBC\xE6\x87\x89\xE7\x94\xA8\xE6\x96\xBC\xE6\x89\x80\xE6\x9C\x89\xE7\xB4\x8B\xE7\x90\x86"},
{"\xE5\xBB\xB6\xE8\xBF\x9F\x20\x48\x55\x44\x6C\x65\x73\x73\x20\xE6\x8D\x95\xE8\x8E\xB7\xEF\xBC\x8C\xE8\xBF\x87\xE9\xAB\x98\xE7\x9A\x84\xE5\x80\xBC\xE5\x8F\xAF\xE8\x83\xBD\xE5\xAF\xBC\xE8\x87\xB4\xE5\xB4\xA9\xE6\xBA\x83\xEF\xBC\x81", "\xE5\xBB\xB6\xE9\x81\xB2\x20\x48\x55\x44\x6C\x65\x73\x73\x20\xE6\x8D\x95\xE7\x8D\xB2\xEF\xBC\x8C\xE9\x81\x8E\xE9\xAB\x98\xE7\x9A\x84\xE5\x80\xBC\xE5\x8F\xAF\xE8\x83\xBD\xE5\xB0\x8E\xE8\x87\xB4\xE5\xB4\xA9\xE6\xBD\xB0\xEF\xBC\x81"},
{"\xE4\xBA\xA4\xE6\x8D\xA2\x20\x55\x6E\x69\x74\x79\x20\xE6\xB8\xB8\xE6\x88\x8F\xE7\x9A\x84\xE9\x80\x9F\xE5\xBA\xA6\xE5\x92\x8C\xE6\xB7\xB1\xE5\xBA\xA6\xE8\xB5\x84\xE6\xBA\x90", "\xE4\xBA\xA4\xE6\x8F\x9B\x20\x55\x6E\x69\x74\x79\x20\xE9\x81\x8A\xE6\x88\xB2\xE7\x9A\x84\xE9\x80\x9F\xE5\xBA\xA6\xE5\x92\x8C\xE6\xB7\xB1\xE5\xBA\xA6\xE8\xB3\x87\xE6\xBA\x90"},
{"\xE5\xB8\xA7\xE7\x94\x9F\xE6\x88\x90\xE7\x9F\xA9\xE5\xBD\xA2\xEF\xBC\x8C\xE9\x80\x82\xE5\xBA\x94\xE9\x81\xAE\xE7\xBD\xA9\xE5\xBC\x8F\xE5\x86\x85\xE5\xAE\xB9", "\xE5\xB9\x80\xE7\x94\x9F\xE6\x88\x90\xE7\x9F\xA9\xE5\xBD\xA2\xEF\xBC\x8C\xE9\x81\xA9\xE6\x87\x89\xE9\x81\xAE\xE7\xBD\xA9\xE5\xBC\x8F\xE5\x85\xA7\xE5\xAE\xB9"},
{"\xE5\x85\x81\xE8\xAE\xB8\x20\x57\x61\x69\x74\x46\x6F\x72\x53\x69\x6E\x67\x6C\x65\x4F\x62\x6A\x65\x63\x74\x20\xE6\x9B\xBF\xE4\xBB\xA3\xE7\xAD\x89\xE5\xBE\x85\x20\x66\x65\x6E\x63\x65\x20\xE5\x80\xBC\xE7\x9A\x84\xE8\x87\xAA\xE5\xAE\xA3\xE8\xBD\xAC", "\xE5\x85\x81\xE8\xA8\xB1\x20\x57\x61\x69\x74\x46\x6F\x72\x53\x69\x6E\x67\x6C\x65\x4F\x62\x6A\x65\x63\x74\x20\xE6\x9B\xBF\xE4\xBB\xA3\xE7\xAD\x89\xE5\xBE\x85\x20\x66\x65\x6E\x63\x65\x20\xE5\x80\xBC\xE7\x9A\x84\xE8\x87\xAA\xE5\xAE\xA3\xE8\xBD\x89"},
{"\xE5\x90\xAF\xE7\x94\xA8\xE5\xBC\x82\xE6\xAD\xA5\xE4\xBB\xA5\xE8\x8E\xB7\xE5\xBE\x97\xE6\x9B\xB4\xE5\xA5\xBD\xE7\x9A\x84\x20\x46\x47\x20\xE6\x80\xA7\xE8\x83\xBD\x0A\xE5\x8F\xAF\xE8\x83\xBD\xE5\xAF\xBC\xE8\x87\xB4\xE5\xB4\xA9\xE6\xBA\x83\xEF\xBC\x8C\xE5\xB0\xA4\xE5\x85\xB6\xE6\x98\xAF\xE5\xBC\x80\xE5\x90\xAF\x20\x48\x55\x44\x20\xE4\xBF\xAE\xE5\xA4\x8D\xE6\x97\xB6", "\xE5\x95\x93\xE7\x94\xA8\xE7\x95\xB0\xE6\xAD\xA5\xE4\xBB\xA5\xE7\x8D\xB2\xE5\xBE\x97\xE6\x9B\xB4\xE5\xA5\xBD\xE7\x9A\x84\x20\x46\x47\x20\xE6\x80\xA7\xE8\x83\xBD\x0A\xE5\x8F\xAF\xE8\x83\xBD\xE5\xB0\x8E\xE8\x87\xB4\xE5\xB4\xA9\xE6\xBD\xB0\xEF\xBC\x8C\xE5\xB0\xA4\xE5\x85\xB6\xE6\x98\xAF\xE9\x96\x8B\xE5\x95\x93\x20\x48\x55\x44\x20\xE4\xBF\xAE\xE5\xBE\xA9\xE6\x99\x82"},
{"\xE6\x9F\x90\xE4\xBA\x9B\x20\x55\x6E\x72\x65\x61\x6C\x20\x45\x6E\x67\x69\x6E\x65\x20\xE6\xB8\xB8\xE6\x88\x8F\xE9\x9C\x80\xE8\xA6\x81\xE6\xAD\xA4\xE9\x80\x89\xE9\xA1\xB9\x0A\x0A\xE5\xA6\x82\xE6\x9E\x9C\xE9\xA2\x9C\xE8\x89\xB2\xE9\x97\xAA\xE7\x83\x81\xE6\x88\x96\xE7\x89\xA9\xE4\xBD\x93\xE5\x87\xBA\xE7\x8E\xB0\xE5\xB9\xBB\xE5\xBD\xB1\xE8\xBD\xA8\xE8\xBF\xB9\xEF\xBC\x8C\xE8\xAF\xB7\xE5\xB0\x9D\xE8\xAF\x95", "\xE6\x9F\x90\xE4\xBA\x9B\x20\x55\x6E\x72\x65\x61\x6C\x20\x45\x6E\x67\x69\x6E\x65\x20\xE9\x81\x8A\xE6\x88\xB2\xE9\x9C\x80\xE8\xA6\x81\xE6\xAD\xA4\xE9\x81\xB8\xE9\xA0\x85\x0A\x0A\xE5\xA6\x82\xE6\x9E\x9C\xE9\xA1\x8F\xE8\x89\xB2\xE9\x96\x83\xE7\x88\x8D\xE6\x88\x96\xE7\x89\xA9\xE9\xAB\x94\xE5\x87\xBA\xE7\x8F\xBE\xE5\xB9\xBB\xE5\xBD\xB1\xE8\xBB\x8C\xE8\xB7\xA1\xEF\xBC\x8C\xE8\xAB\x8B\xE5\x98\x97\xE8\xA9\xA6"},
{"\xE5\x85\x81\xE8\xAE\xB8\xE4\xBD\xBF\xE7\x94\xA8\xE5\x8F\x8D\xE5\xBA\x94\xE6\x8E\xA9\xE8\x86\x9C\x0A\xE8\xAF\xB7\xE8\xAE\xB0\xE4\xBD\x8F\xEF\xBC\x8C\xE5\x8F\x91\xE9\x80\x81\xE7\xBB\x99\x20\x44\x4C\x53\x53\x20\xE7\x9A\x84\xE5\x8F\x8D\xE5\xBA\x94\xE6\x8E\xA9\xE8\x86\x9C\x0A\xE4\xB8\x8E\x20\x46\x53\x52\x2F\x58\x65\x53\x53\x20\xE7\xBB\x93\xE5\x90\x88\xE4\xB8\x8D\xE4\xBC\x9A\xE4\xBA\xA7\xE7\x94\x9F\xE8\x89\xAF\xE5\xA5\xBD\xE7\x9A\x84\xE5\x9B\xBE\xE5\x83\x8F", "\xE5\x85\x81\xE8\xA8\xB1\xE4\xBD\xBF\xE7\x94\xA8\xE5\x8F\x8D\xE6\x87\x89\xE6\x8E\xA9\xE8\x86\x9C\x0A\xE8\xAB\x8B\xE8\xA8\x98\xE4\xBD\x8F\xEF\xBC\x8C\xE7\x99\xBC\xE9\x80\x81\xE7\xB5\xA6\x20\x44\x4C\x53\x53\x20\xE7\x9A\x84\xE5\x8F\x8D\xE6\x87\x89\xE6\x8E\xA9\xE8\x86\x9C\x0A\xE8\x88\x87\x20\x46\x53\x52\x2F\x58\x65\x53\x53\x20\xE7\xB5\x90\xE5\x90\x88\xE4\xB8\x8D\xE6\x9C\x83\xE7\x94\xA2\xE7\x94\x9F\xE8\x89\xAF\xE5\xA5\xBD\xE7\x9A\x84\xE5\x9C\x96\xE5\x83\x8F"},
{"\xE7\x94\xA8\xE4\xBA\x8E\x20\x46\x47\x20\xE7\x9A\x84\xE6\x95\xB0\xE6\x8D\xAE\xE6\xBA\x90\x0A\x0A\xE8\x87\xAA\xE5\x8A\xA8\x20\x3D\x20\xE8\xAE\xA9\x20\x4F\x70\x74\x69\x53\x63\x61\x6C\x65\x72\x20\xE6\xA0\xB9\xE6\x8D\xAE\xE4\xB8\x8A\xE4\xB8\x8B\xE6\x96\x87\xE5\x86\xB3\xE5\xAE\x9A\x0A\x4F\x70\x74\x69\x53\x63\x61\x6C\x65\x72\x20\x3D\x20\xE4\xBD\xBF\xE7\x94\xA8\x20\x4F\x70\x74\x69\x53\x63\x61\x6C\x65\x72\x20\xE5\xB8\xA7\xE7\x94\x9F\xE6\x88\x90\x0A\xE8\xBE\x93\xE5\x85\xA5\x20\x3D\x20\xE4\xBD\xBF\xE7\x94\xA8\xE8\xBE\x93\xE5\x85\xA5\xE8\xB6\x85\xE5\x88\x86\xE8\xBE\xA8\xE7\x8E\x87\xE5\x99\xA8\xE7\x9A\x84\xE5\xB8\xA7\xE7\x94\x9F\xE6\x88\x90", "\xE7\x94\xA8\xE6\x96\xBC\x20\x46\x47\x20\xE7\x9A\x84\xE6\x95\xB8\xE6\x93\x9A\xE6\xBA\x90\x0A\x0A\xE8\x87\xAA\xE5\x8B\x95\x20\x3D\x20\xE8\xAE\x93\x20\x4F\x70\x74\x69\x53\x63\x61\x6C\x65\x72\x20\xE6\xA0\xB9\xE6\x93\x9A\xE4\xB8\x8A\xE4\xB8\x8B\xE6\x96\x87\xE6\xB1\xBA\xE5\xAE\x9A\x0A\x4F\x70\x74\x69\x53\x63\x61\x6C\x65\x72\x20\x3D\x20\xE4\xBD\xBF\xE7\x94\xA8\x20\x4F\x70\x74\x69\x53\x63\x61\x6C\x65\x72\x20\xE5\xB9\x80\xE7\x94\x9F\xE6\x88\x90\x0A\xE8\xBC\xB8\xE5\x85\xA5\x20\x3D\x20\xE4\xBD\xBF\xE7\x94\xA8\xE8\xBC\xB8\xE5\x85\xA5\xE8\xB6\x85\xE5\x88\x86\xE8\xBE\xA8\xE7\x8E\x87\xE5\x99\xA8\xE7\x9A\x84\xE5\xB9\x80\xE7\x94\x9F\xE6\x88\x90"},
{"\xE5\x90\xAF\xE7\x94\xA8\xE5\xB8\xA7\xE7\x94\x9F\xE6\x88\x90\x0A\x0A\x44\x4C\x53\x53\x47\x20\xE9\x9C\x80\xE8\xA6\x81\x20\x64\x6C\x73\x73\x67\x5F\x74\x6F\x5F\x66\x73\x72\x33\x5F\x61\x6D\x64\x5F\x69\x73\x5F\x62\x65\x74\x74\x65\x72\x2E\x64\x6C\x6C", "\xE5\x95\x93\xE7\x94\xA8\xE5\xB9\x80\xE7\x94\x9F\xE6\x88\x90\x0A\x0A\x44\x4C\x53\x53\x47\x20\xE9\x9C\x80\xE8\xA6\x81\x20\x64\x6C\x73\x73\x67\x5F\x74\x6F\x5F\x66\x73\x72\x33\x5F\x61\x6D\x64\x5F\x69\x73\x5F\x62\x65\x74\x74\x65\x72\x2E\x64\x6C\x6C"},
{"\xE4\xBC\x9A\xE6\xB6\x88\xE8\x80\x97\xE6\x9B\xB4\xE5\xA4\x9A\xE6\x98\xBE\xE5\xAD\x98\xEF\xBC\x8C\xE4\xBD\x86\x20\x55\x6E\x69\x73\x63\x61\x6C\x65\x72\x20\xE9\x9C\x80\xE8\xA6\x81\xE6\xAD\xA4\xE9\x80\x89\xE9\xA1\xB9\x0A\xE5\x85\xB6\xE4\xBB\x96\xE4\xB8\x80\xE4\xBA\x9B\xE6\xB8\xB8\xE6\x88\x8F\xE5\x8F\xAF\xE8\x83\xBD\xE4\xB9\x9F\xE9\x9C\x80\xE8\xA6\x81", "\xE6\x9C\x83\xE6\xB6\x88\xE8\x80\x97\xE6\x9B\xB4\xE5\xA4\x9A\xE9\xA1\xAF\xE5\xAD\x98\xEF\xBC\x8C\xE4\xBD\x86\x20\x55\x6E\x69\x73\x63\x61\x6C\x65\x72\x20\xE9\x9C\x80\xE8\xA6\x81\xE6\xAD\xA4\xE9\x81\xB8\xE9\xA0\x85\x0A\xE5\x85\xB6\xE4\xBB\x96\xE4\xB8\x80\xE4\xBA\x9B\xE9\x81\x8A\xE6\x88\xB2\xE5\x8F\xAF\xE8\x83\xBD\xE4\xB9\x9F\xE9\x9C\x80\xE8\xA6\x81"},
{"\x46\x47\x20\xE5\x85\x81\xE8\xAE\xB8\xE6\x8F\x90\xE5\x89\x8D\xE4\xBA\x8E\xE6\xB8\xB8\xE6\x88\x8F\xE7\x9A\x84\xE5\xB8\xA7\xE6\x95\xB0\x0A\xE5\x8F\xAF\xE8\x83\xBD\xE9\x98\xB2\xE6\xAD\xA2\x20\x46\x47\x20\xE5\xBC\x80\xE5\x85\xB3\xE5\x88\x87\xE6\x8D\xA2\xEF\xBC\x8C\xE4\xBD\x86\xE4\xB9\x9F\xE5\x8F\xAF\xE8\x83\xBD\xE5\xBC\x95\xE8\xB5\xB7\xE9\x97\xAE\xE9\xA2\x98", "\x46\x47\x20\xE5\x85\x81\xE8\xA8\xB1\xE6\x8F\x90\xE5\x89\x8D\xE6\x96\xBC\xE9\x81\x8A\xE6\x88\xB2\xE7\x9A\x84\xE5\xB9\x80\xE6\x95\xB8\x0A\xE5\x8F\xAF\xE8\x83\xBD\xE9\x98\xB2\xE6\xAD\xA2\x20\x46\x47\x20\xE9\x96\x8B\xE9\x97\x9C\xE5\x88\x87\xE6\x8F\x9B\xEF\xBC\x8C\xE4\xBD\x86\xE4\xB9\x9F\xE5\x8F\xAF\xE8\x83\xBD\xE5\xBC\x95\xE8\xB5\xB7\xE5\x95\x8F\xE9\xA1\x8C"},
{"\xE9\x80\x89\xE6\x8B\xA9\xE5\xB8\xA7\xE6\x97\xB6\xE9\x97\xB4\xE6\xBA\x90\x0A\xE5\x8F\xAF\xE8\x83\xBD\xE5\xB8\xAE\xE5\x8A\xA9\xE8\xA7\xA3\xE5\x86\xB3\xE5\xB8\xA7\xE8\x8A\x82\xE5\xA5\x8F\xE5\x92\x8C\xE5\x8D\xA1\xE9\xA1\xBF\xE9\x97\xAE\xE9\xA2\x98", "\xE9\x81\xB8\xE6\x93\x87\xE5\xB9\x80\xE6\x99\x82\xE9\x96\x93\xE6\xBA\x90\x0A\xE5\x8F\xAF\xE8\x83\xBD\xE5\xB9\xAB\xE5\x8A\xA9\xE8\xA7\xA3\xE6\xB1\xBA\xE5\xB9\x80\xE7\xAF\x80\xE5\xA5\x8F\xE5\x92\x8C\xE5\x8D\xA1\xE9\xA0\x93\xE5\x95\x8F\xE9\xA1\x8C"},
{"\xE5\xA4\x8D\xE5\x88\xB6\xE8\xBF\x90\xE5\x8A\xA8\xE5\x90\x91\xE9\x87\x8F\xE4\xBE\x9B\x20\x4F\x70\x74\x69\x46\x47\x20\xE4\xBD\xBF\xE7\x94\xA8\x0A\xE7\x94\xA8\xE4\xBA\x8E\xE9\x98\xB2\xE6\xAD\xA2\xE5\x8F\xAF\xE8\x83\xBD\xE5\x8F\x91\xE7\x94\x9F\xE7\x9A\x84\xE6\x8D\x9F\xE5\x9D\x8F", "\xE8\xA4\x87\xE8\xA3\xBD\xE9\x81\x8B\xE5\x8B\x95\xE5\x90\x91\xE9\x87\x8F\xE4\xBE\x9B\x20\x4F\x70\x74\x69\x46\x47\x20\xE4\xBD\xBF\xE7\x94\xA8\x0A\xE7\x94\xA8\xE6\x96\xBC\xE9\x98\xB2\xE6\xAD\xA2\xE5\x8F\xAF\xE8\x83\xBD\xE7\x99\xBC\xE7\x94\x9F\xE7\x9A\x84\xE6\x90\x8D\xE5\xA3\x9E"},
{"\xE5\xA4\x8D\xE5\x88\xB6\xE6\xB7\xB1\xE5\xBA\xA6\xE4\xBE\x9B\x20\x4F\x70\x74\x69\x46\x47\x20\xE4\xBD\xBF\xE7\x94\xA8\x0A\xE7\x94\xA8\xE4\xBA\x8E\xE9\x98\xB2\xE6\xAD\xA2\xE5\x8F\xAF\xE8\x83\xBD\xE5\x8F\x91\xE7\x94\x9F\xE7\x9A\x84\xE6\x8D\x9F\xE5\x9D\x8F", "\xE8\xA4\x87\xE8\xA3\xBD\xE6\xB7\xB1\xE5\xBA\xA6\xE4\xBE\x9B\x20\x4F\x70\x74\x69\x46\x47\x20\xE4\xBD\xBF\xE7\x94\xA8\x0A\xE7\x94\xA8\xE6\x96\xBC\xE9\x98\xB2\xE6\xAD\xA2\xE5\x8F\xAF\xE8\x83\xBD\xE7\x99\xBC\xE7\x94\x9F\xE7\x9A\x84\xE6\x90\x8D\xE5\xA3\x9E"},
{"\xE4\xBD\xBF\xE7\x94\xA8\xE4\xBA\x92\xE6\x96\xA5\xE9\x87\x8F\xE9\x98\xB2\xE6\xAD\xA2\x20\x46\x47\x20\xE5\xA4\xB1\xE5\x90\x8C\xE5\x92\x8C\xE5\xB4\xA9\xE6\xBA\x83\x0A\xE5\x85\xB3\xE9\x97\xAD\xE5\x8F\xAF\xE8\x83\xBD\xE6\x8F\x90\xE5\x8D\x87\xE6\x80\xA7\xE8\x83\xBD\xEF\xBC\x8C\xE4\xBD\x86\xE4\xBC\x9A\xE9\x99\x8D\xE4\xBD\x8E\xE7\xA8\xB3\xE5\xAE\x9A\xE6\x80\xA7", "\xE4\xBD\xBF\xE7\x94\xA8\xE4\xBA\x92\xE6\x96\xA5\xE9\x87\x8F\xE9\x98\xB2\xE6\xAD\xA2\x20\x46\x47\x20\xE5\xA4\xB1\xE5\x90\x8C\xE5\x92\x8C\xE5\xB4\xA9\xE6\xBD\xB0\x0A\xE9\x97\x9C\xE9\x96\x89\xE5\x8F\xAF\xE8\x83\xBD\xE6\x8F\x90\xE5\x8D\x87\xE6\x80\xA7\xE8\x83\xBD\xEF\xBC\x8C\xE4\xBD\x86\xE6\x9C\x83\xE9\x99\x8D\xE4\xBD\x8E\xE7\xA9\xA9\xE5\xAE\x9A\xE6\x80\xA7"},
{"\xE6\x9B\xB4\xE7\xBA\xA2\xE7\x9A\x84\xE5\x8C\xBA\xE5\x9F\x9F\xE5\xB0\x86\xE5\xBA\x94\xE7\x94\xA8\xE6\x9B\xB4\xE5\xA4\x9A\xE9\x94\x90\xE5\x8C\x96\x0A\xE7\xBB\xBF\xE8\x89\xB2\xE5\x8C\xBA\xE5\x9F\x9F\xE5\xB0\x86\xE5\x87\x8F\xE5\xB0\x91\xE9\x94\x90\xE5\x8C\x96", "\xE6\x9B\xB4\xE7\xB4\x85\xE7\x9A\x84\xE5\x8D\x80\xE5\x9F\x9F\xE5\xB0\x87\xE6\x87\x89\xE7\x94\xA8\xE6\x9B\xB4\xE5\xA4\x9A\xE9\x8A\xB3\xE5\x8C\x96\x0A\xE7\xB6\xA0\xE8\x89\xB2\xE5\x8D\x80\xE5\x9F\x9F\xE5\xB0\x87\xE6\xB8\x9B\xE5\xB0\x91\xE9\x8A\xB3\xE5\x8C\x96"},
{"\xE9\x98\xBB\xE6\xAD\xA2\xE5\xB0\x91\xE7\x94\xA8\xE8\xB5\x84\xE6\xBA\x90\xE8\xA2\xAB\xE7\x94\xA8\xE4\xBD\x9C\x20\x48\x75\x64\x6C\x65\x73\x73\x0A\xE4\xBB\xA5\xE9\x98\xB2\xE6\xAD\xA2\xE9\x97\xAA\xE7\x83\x81\xE5\x92\x8C\xE5\x85\xB6\xE4\xBB\x96\xE9\x97\xAE\xE9\xA2\x98\x0A\x0A\x48\x55\x44\x66\x69\x78\x20\xE5\x90\xAF\xE7\x94\xA8\x2F\xE7\xA6\x81\xE7\x94\xA8\xE5\xB0\x86\xE9\x87\x8D\xE7\xBD\xAE\xE9\x98\xBB\xE6\xAD\xA2\xE5\x88\x97\xE8\xA1\xA8", "\xE9\x98\xBB\xE6\xAD\xA2\xE5\xB0\x91\xE7\x94\xA8\xE8\xB3\x87\xE6\xBA\x90\xE8\xA2\xAB\xE7\x94\xA8\xE4\xBD\x9C\x20\x48\x75\x64\x6C\x65\x73\x73\x0A\xE4\xBB\xA5\xE9\x98\xB2\xE6\xAD\xA2\xE9\x96\x83\xE7\x88\x8D\xE5\x92\x8C\xE5\x85\xB6\xE4\xBB\x96\xE5\x95\x8F\xE9\xA1\x8C\x0A\x0A\x48\x55\x44\x66\x69\x78\x20\xE5\x95\x93\xE7\x94\xA8\x2F\xE7\xA6\x81\xE7\x94\xA8\xE5\xB0\x87\xE9\x87\x8D\xE7\xBD\xAE\xE9\x98\xBB\xE6\xAD\xA2\xE5\x88\x97\xE8\xA1\xA8"},
{"\xE5\xB0\x86\x20\x48\x75\x64\x6C\x65\x73\x73\x20\xE7\x9A\x84\xE5\x88\x86\xE8\xBE\xA8\xE7\x8E\x87\xE6\xA3\x80\xE6\x9F\xA5\xE6\x94\xBE\xE5\xAE\xBD\x20\x33\x32\x20\xE5\x83\x8F\xE7\xB4\xA0\x0A\xE5\xB8\xAE\xE5\x8A\xA9\xE4\xBD\xBF\xE7\x94\xA8\xE9\xBB\x91\xE8\xBE\xB9\xE7\x9A\x84\xE6\xB8\xB8\xE6\x88\x8F\x0A\xEF\xBC\x88\xE4\xBE\x8B\xE5\xA6\x82\xE7\x8C\x8E\xE9\xAD\x94\xE4\xBA\xBA\x20\x33\xEF\xBC\x89", "\xE5\xB0\x87\x20\x48\x75\x64\x6C\x65\x73\x73\x20\xE7\x9A\x84\xE5\x88\x86\xE8\xBE\xA8\xE7\x8E\x87\xE6\xAA\xA2\xE6\x9F\xA5\xE6\x94\xBE\xE5\xAF\xAC\x20\x33\x32\x20\xE5\x83\x8F\xE7\xB4\xA0\x0A\xE5\xB9\xAB\xE5\x8A\xA9\xE4\xBD\xBF\xE7\x94\xA8\xE9\xBB\x91\xE9\x82\x8A\xE7\x9A\x84\xE9\x81\x8A\xE6\x88\xB2\x0A\xEF\xBC\x88\xE4\xBE\x8B\xE5\xA6\x82\xE7\x8D\xB5\xE9\xAD\x94\xE4\xBA\xBA\x20\x33\xEF\xBC\x89"},
{"\xE5\xB0\x86\xE8\xA6\x86\xE5\x86\x99\xE5\x80\xBC\xE4\xBD\x9C\xE4\xB8\xBA\xE7\xBC\xA9\xE6\x94\xBE\xE4\xB9\x98\xE6\x95\xB0\xE5\xBA\x94\xE7\x94\xA8\x0A\xE4\xBD\xBF\xE7\x94\xA8\xE7\xBC\xA9\xE6\x94\xBE\xE6\xA8\xA1\xE5\xBC\x8F\xE6\x97\xB6\xEF\xBC\x8C\xE8\xAF\xB7\xE4\xBD\xBF\xE7\x94\xA8\xE6\xAD\xA3\xE5\x80\xBC\x0A\xE6\x9D\xA5\xE5\xA2\x9E\xE5\x8A\xA0\xE9\x94\x90\xE5\x8C\x96\xE5\xBA\xA6\xEF\xBC\x81", "\xE5\xB0\x87\xE8\xA6\x86\xE5\xAF\xAB\xE5\x80\xBC\xE4\xBD\x9C\xE7\x88\xB2\xE7\xB8\xAE\xE6\x94\xBE\xE4\xB9\x98\xE6\x95\xB8\xE6\x87\x89\xE7\x94\xA8\x0A\xE4\xBD\xBF\xE7\x94\xA8\xE7\xB8\xAE\xE6\x94\xBE\xE6\xA8\xA1\xE5\xBC\x8F\xE6\x99\x82\xEF\xBC\x8C\xE8\xAB\x8B\xE4\xBD\xBF\xE7\x94\xA8\xE6\xAD\xA3\xE5\x80\xBC\x0A\xE4\xBE\x86\xE5\xA2\x9E\xE5\x8A\xA0\xE9\x8A\xB3\xE5\x8C\x96\xE5\xBA\xA6\xEF\xBC\x81"},
{"\xE4\xB8\xBB\xE8\xA6\x81\xE9\x92\x88\xE5\xAF\xB9\x20\x55\x6E\x72\x65\x61\x6C\x20\x45\x6E\x67\x69\x6E\x65\x20\xE6\xB8\xB8\xE6\x88\x8F\xE7\x9A\x84\xE4\xBF\xAE\xE5\xA4\x8D\x0A\xE5\xB1\x8F\xE5\xB9\x95\xE5\xB7\xA6\xE4\xB8\x8A\xE8\xA7\x92\xE9\x83\xA8\xE5\x88\x86\xE5\xB0\x86\xE5\x8F\x98\xE6\xA8\xA1\xE7\xB3\x8A", "\xE4\xB8\xBB\xE8\xA6\x81\xE9\x87\x9D\xE5\xB0\x8D\x20\x55\x6E\x72\x65\x61\x6C\x20\x45\x6E\x67\x69\x6E\x65\x20\xE9\x81\x8A\xE6\x88\xB2\xE7\x9A\x84\xE4\xBF\xAE\xE5\xBE\xA9\x0A\xE5\xB1\x8F\xE5\xB9\x95\xE5\xB7\xA6\xE4\xB8\x8A\xE8\xA7\x92\xE9\x83\xA8\xE5\x88\x86\xE5\xB0\x87\xE8\xAE\x8A\xE6\xA8\xA1\xE7\xB3\x8A"},
{"\xE5\x9C\xA8\xE6\xB8\xB8\xE6\x88\x8F\xE4\xB8\xAD\xE5\x90\xAF\xE7\x94\xA8\x20\x44\x4C\x53\x53\x2D\x46\x47", "\xE5\x9C\xA8\xE9\x81\x8A\xE6\x88\xB2\xE4\xB8\xAD\xE5\x95\x93\xE7\x94\xA8\x20\x44\x4C\x53\x53\x2D\x46\x47"},
{"\xE4\xBD\xBF\xE7\x94\xA8\x20\x44\x4C\x53\x53\x47\x20\xE6\x88\x96\x20\x46\x53\x52\x2D\x46\x47\x0A\xE6\x8F\x90\xE4\xBE\x9B\xE7\x9A\x84\xE5\xB8\xA7\xE6\x97\xB6\xE9\x97\xB4\x20", "\xE4\xBD\xBF\xE7\x94\xA8\x20\x44\x4C\x53\x53\x47\x20\xE6\x88\x96\x20\x46\x53\x52\x2D\x46\x47\x0A\xE6\x8F\x90\xE4\xBE\x9B\xE7\x9A\x84\xE5\xB9\x80\xE6\x99\x82\xE9\x96\x93\x20"},
{"\xE5\xA4\xAA\xE6\xA8\xA1\xE7\xB3\x8A\xE4\xBA\x86\xEF\xBC\x8C\xE5\xB8\xA6\xE4\xB8\x8A\x20\x52\x43\x41\x53\x20\xE5\x90\xA7", "\xE5\xA4\xAA\xE6\xA8\xA1\xE7\xB3\x8A\xE4\xBA\x86\xEF\xBC\x8C\xE5\xB8\xB6\xE4\xB8\x8A\x20\x52\x43\x41\x53\x20\xE5\x90\xA7"},
{"\xE5\x90\xAF\xE7\x94\xA8\x20\x4F\x70\x74\x69\x53\x63\x61\x6C\x65\x72\x20\xE7\x9A\x84\xE9\x94\x90\xE5\x8C\x96\xE6\xBB\xA4\xE9\x95\x9C\x0A\xE9\xBB\x98\xE8\xAE\xA4\xE4\xBD\xBF\xE7\x94\xA8\xE6\xB8\xB8\xE6\x88\x8F\xE6\x8F\x90\xE4\xBE\x9B\xE7\x9A\x84\xE9\x94\x90\xE5\x8C\x96\xE5\x80\xBC\x0A\xE5\x9C\xA8\x20\x53\x68\x61\x72\x70\x6E\x65\x73\x73\x20\xE4\xB8\x8B\xE9\x80\x89\xE6\x8B\xA9\x20\x4F\x76\x65\x72\x72\x69\x64\x65\x20\xE5\xB9\xB6\xE8\xB0\x83\xE6\x95\xB4\xE6\xBB\x91\xE5\x9D\x97\x0A\xE4\xBB\xA5\xE6\x9B\xB4\xE6\x94\xB9\xE5\xAE\x83\x0A\x0A\xE6\x9F\x90\xE4\xBA\x9B\xE8\xB6\x85\xE5\x88\x86\xE8\xBE\xA8\xE7\x8E\x87\xE6\x9C\x89\xE5\xAE\x83\xE8\x87\xAA\xE5\xB7\xB1\xE7\x9A\x84\xE9\x94\x90\xE5\x8C\x96\xE6\xBB\xA4\xE9\x95\x9C\xEF\xBC\x8C\xE5\x9B\xA0\xE6\xAD\xA4\x0A\xE5\xB9\xB6\xE4\xB8\x8D\xE6\x80\xBB\xE6\x98\xAF\xE9\x9C\x80\xE8\xA6\x81\xE6\xAD\xA4\xE9\x80\x89\xE9\xA1\xB9", "\xE5\x95\x93\xE7\x94\xA8\x20\x4F\x70\x74\x69\x53\x63\x61\x6C\x65\x72\x20\xE7\x9A\x84\xE9\x8A\xB3\xE5\x8C\x96\xE6\xBF\xBE\xE9\x8F\xA1\x0A\xE9\xBB\x98\xE8\xAA\x8D\xE4\xBD\xBF\xE7\x94\xA8\xE9\x81\x8A\xE6\x88\xB2\xE6\x8F\x90\xE4\xBE\x9B\xE7\x9A\x84\xE9\x8A\xB3\xE5\x8C\x96\xE5\x80\xBC\x0A\xE5\x9C\xA8\x20\x53\x68\x61\x72\x70\x6E\x65\x73\x73\x20\xE4\xB8\x8B\xE9\x81\xB8\xE6\x93\x87\x20\x4F\x76\x65\x72\x72\x69\x64\x65\x20\xE4\xB8\xA6\xE8\xAA\xBF\xE6\x95\xB4\xE6\xBB\x91\xE5\xA1\x8A\x0A\xE4\xBB\xA5\xE6\x9B\xB4\xE6\x94\xB9\xE5\xAE\x83\x0A\x0A\xE6\x9F\x90\xE4\xBA\x9B\xE8\xB6\x85\xE5\x88\x86\xE8\xBE\xA8\xE7\x8E\x87\xE6\x9C\x89\xE5\xAE\x83\xE8\x87\xAA\xE5\xB7\xB1\xE7\x9A\x84\xE9\x8A\xB3\xE5\x8C\x96\xE6\xBF\xBE\xE9\x8F\xA1\xEF\xBC\x8C\xE5\x9B\xA0\xE6\xAD\xA4\x0A\xE4\xB8\xA6\xE4\xB8\x8D\xE7\xB8\xBD\xE6\x98\xAF\xE9\x9C\x80\xE8\xA6\x81\xE6\xAD\xA4\xE9\x81\xB8\xE9\xA0\x85"},
{"\xE4\xBD\xBF\xE7\x94\xA8\x20\x41\x4D\x44\x20\xE7\x9A\x84\x20\x52\x43\x41\x53\x0A\xE5\xB7\xB2\xE4\xBF\xAE\xE6\x94\xB9\xE4\xBB\xA5\xE6\xB7\xBB\xE5\x8A\xA0\xE5\xAF\xB9\xE6\xAF\x94\xE5\xBA\xA6\xE5\x8F\x82\xE6\x95\xB0\x0A\xE5\x92\x8C\x20\x4D\x41\x53\x20\xE6\x94\xAF\xE6\x8C\x81", "\xE4\xBD\xBF\xE7\x94\xA8\x20\x41\x4D\x44\x20\xE7\x9A\x84\x20\x52\x43\x41\x53\x0A\xE5\xB7\xB2\xE4\xBF\xAE\xE6\x94\xB9\xE4\xBB\xA5\xE6\xB7\xBB\xE5\x8A\xA0\xE5\xB0\x8D\xE6\xAF\x94\xE5\xBA\xA6\xE5\x8F\x83\xE6\x95\xB8\x0A\xE5\x92\x8C\x20\x4D\x41\x53\x20\xE6\x94\xAF\xE6\x8C\x81"},
{"\xE4\xBD\xBF\xE7\x94\xA8\xE6\xB7\xB1\xE5\xBA\xA6\xE6\x84\x9F\xE7\x9F\xA5\xE9\x94\x90\xE5\x8C\x96\x20\x28\x52\x43\x41\x53\x29\x0A\xE6\x9B\xB4\xE6\x99\xBA\xE8\x83\xBD\xE7\x9A\x84\xE9\x94\x90\xE5\x8C\x96\xEF\xBC\x8C\xE4\xBC\xAA\xE5\xBD\xB1\xE6\x9B\xB4\xE5\xB0\x91\xEF\xBC\x8C\x0A\xE4\xBD\x86\xE5\xBC\x80\xE9\x94\x80\xE4\xB9\x9F\xE6\x9B\xB4\xE5\xA4\xA7\x0A\x0A\xE7\x89\xA9\xE4\xBD\x93\xE8\xB6\x8A\xE8\xBF\x9C\xEF\xBC\x8C\x0A\xE5\xBA\x94\xE7\x94\xA8\xE7\x9A\x84\xE9\x94\x90\xE5\x8C\x96\xE8\xB6\x8A\xE5\xA4\x9A", "\xE4\xBD\xBF\xE7\x94\xA8\xE6\xB7\xB1\xE5\xBA\xA6\xE6\x84\x9F\xE7\x9F\xA5\xE9\x8A\xB3\xE5\x8C\x96\x20\x28\x52\x43\x41\x53\x29\x0A\xE6\x9B\xB4\xE6\x99\xBA\xE8\x83\xBD\xE7\x9A\x84\xE9\x8A\xB3\xE5\x8C\x96\xEF\xBC\x8C\xE5\x83\x9E\xE5\xBD\xB1\xE6\x9B\xB4\xE5\xB0\x91\xEF\xBC\x8C\x0A\xE4\xBD\x86\xE9\x96\x8B\xE9\x8A\xB7\xE4\xB9\x9F\xE6\x9B\xB4\xE5\xA4\xA7\x0A\x0A\xE7\x89\xA9\xE9\xAB\x94\xE8\xB6\x8A\xE9\x81\xA0\xEF\xBC\x8C\x0A\xE6\x87\x89\xE7\x94\xA8\xE7\x9A\x84\xE9\x8A\xB3\xE5\x8C\x96\xE8\xB6\x8A\xE5\xA4\x9A"},
{"\xE4\xBD\xBF\xE7\x94\xA8\xE6\xB7\xB1\xE5\xBA\xA6\xE6\x84\x9F\xE7\x9F\xA5\xE9\x94\x90\xE5\x8C\x96\x20\x28\x44\x41\x53\x29\x0A\xE6\xB7\xB1\xE5\xBA\xA6\xE6\x84\x9F\xE7\x9F\xA5\xE6\x96\xB9\xE5\x90\x91\xE8\x87\xAA\xE9\x80\x82\xE5\xBA\x94\xE4\xBA\xAE\xE5\xBA\xA6\xE9\x94\x90\xE5\x8C\x96\xE5\x99\xA8\x0A\xE6\x9B\xB4\xE6\x99\xBA\xE8\x83\xBD\xE7\x9A\x84\xE9\x94\x90\xE5\x8C\x96\xEF\xBC\x8C\xE4\xBC\xAA\xE5\xBD\xB1\xE6\x9B\xB4\xE5\xB0\x91\xEF\xBC\x8C\x0A\xE4\xBD\x86\xE5\xBC\x80\xE9\x94\x80\xE4\xB9\x9F\xE6\x9B\xB4\xE5\xA4\xA7\x0A\x0A\xE7\x89\xA9\xE4\xBD\x93\xE8\xB6\x8A\xE8\xBF\x9C\xEF\xBC\x8C\x0A\xE5\xBA\x94\xE7\x94\xA8\xE7\x9A\x84\xE9\x94\x90\xE5\x8C\x96\xE8\xB6\x8A\xE5\xA4\x9A", "\xE4\xBD\xBF\xE7\x94\xA8\xE6\xB7\xB1\xE5\xBA\xA6\xE6\x84\x9F\xE7\x9F\xA5\xE9\x8A\xB3\xE5\x8C\x96\x20\x28\x44\x41\x53\x29\x0A\xE6\xB7\xB1\xE5\xBA\xA6\xE6\x84\x9F\xE7\x9F\xA5\xE6\x96\xB9\xE5\x90\x91\xE8\x87\xAA\xE9\x81\xA9\xE6\x87\x89\xE4\xBA\xAE\xE5\xBA\xA6\xE9\x8A\xB3\xE5\x8C\x96\xE5\x99\xA8\x0A\xE6\x9B\xB4\xE6\x99\xBA\xE8\x83\xBD\xE7\x9A\x84\xE9\x8A\xB3\xE5\x8C\x96\xEF\xBC\x8C\xE5\x83\x9E\xE5\xBD\xB1\xE6\x9B\xB4\xE5\xB0\x91\xEF\xBC\x8C\x0A\xE4\xBD\x86\xE9\x96\x8B\xE9\x8A\xB7\xE4\xB9\x9F\xE6\x9B\xB4\xE5\xA4\xA7\x0A\x0A\xE7\x89\xA9\xE9\xAB\x94\xE8\xB6\x8A\xE9\x81\xA0\xEF\xBC\x8C\x0A\xE6\x87\x89\xE7\x94\xA8\xE7\x9A\x84\xE9\x8A\xB3\xE5\x8C\x96\xE8\xB6\x8A\xE5\xA4\x9A"},
{"\xE5\xA4\xA7\xE5\xA4\x9A\xE6\x95\xB0\xE6\xB8\xB8\xE6\x88\x8F\xE4\xBD\xBF\xE7\x94\xA8\xE9\x9D\x9E\xE7\xBA\xBF\xE6\x80\xA7\xE6\xB7\xB1\xE5\xBA\xA6\xEF\xBC\x8C\xE4\xBD\x86\x0A\x44\x4C\x53\x53\x2D\x44\x20\xE5\x8F\xAF\xE8\x83\xBD\xE9\x9C\x80\xE8\xA6\x81\xE5\x90\xAF\xE7\x94\xA8\xE6\xAD\xA4\xE9\x80\x89\xE9\xA1\xB9\xE3\x80\x82\x0A\xE5\x8F\xAF\xE4\xBB\xA5\xE9\x80\x9A\xE8\xBF\x87\xE8\xB0\x83\xE8\xAF\x95\xE8\xA7\x86\xE5\x9B\xBE\xE9\xAA\x8C\xE8\xAF\x81", "\xE5\xA4\xA7\xE5\xA4\x9A\xE6\x95\xB8\xE9\x81\x8A\xE6\x88\xB2\xE4\xBD\xBF\xE7\x94\xA8\xE9\x9D\x9E\xE7\xB7\x9A\xE6\x80\xA7\xE6\xB7\xB1\xE5\xBA\xA6\xEF\xBC\x8C\xE4\xBD\x86\x0A\x44\x4C\x53\x53\x2D\x44\x20\xE5\x8F\xAF\xE8\x83\xBD\xE9\x9C\x80\xE8\xA6\x81\xE5\x95\x93\xE7\x94\xA8\xE6\xAD\xA4\xE9\x81\xB8\xE9\xA0\x85\xE3\x80\x82\x0A\xE5\x8F\xAF\xE4\xBB\xA5\xE9\x80\x9A\xE9\x81\x8E\xE8\xAA\xBF\xE8\xA9\xA6\xE8\xA6\x96\xE5\x9C\x96\xE9\xA9\x97\xE8\xAD\x89"},
{"\xE5\x90\xAF\xE7\x94\xA8\x20\x44\x41\x53\x20\xE8\xB0\x83\xE8\xAF\x95\xE8\xA7\x86\xE5\x9B\xBE\x0A\x0A\xE6\xA3\x80\xE6\xB5\x8B\xE5\x88\xB0\xE7\x9A\x84\xE8\xBE\xB9\xE7\xBC\x98\xE6\x98\xBE\xE7\xA4\xBA\xE8\x93\x9D\xE8\x89\xB2\xE8\xB0\x83", "\xE5\x95\x93\xE7\x94\xA8\x20\x44\x41\x53\x20\xE8\xAA\xBF\xE8\xA9\xA6\xE8\xA6\x96\xE5\x9C\x96\x0A\x0A\xE6\xAA\xA2\xE6\xB8\xAC\xE5\x88\xB0\xE7\x9A\x84\xE9\x82\x8A\xE7\xB7\xA3\xE9\xA1\xAF\xE7\xA4\xBA\xE8\x97\x8D\xE8\x89\xB2\xE8\xAA\xBF"},
{"\xE6\x9C\x89\xE5\x8A\xA9\xE4\xBA\x8E\xE4\xBF\xAE\xE5\xA4\x8D\xE6\x9C\x89\xE9\x97\xAE\xE9\xA2\x98\xE7\x9A\x84\xE6\xB8\xB8\xE6\x88\x8F\xE4\xB8\xAD\xE6\xA8\xA1\xE7\xB3\x8A\xE7\x9A\x84\xE7\xBA\xB9\xE7\x90\x86\x0A\xE8\xB4\x9F\xE5\x80\xBC\xE4\xBC\x9A\xE4\xBD\xBF\xE7\xBA\xB9\xE7\x90\x86\xE6\x9B\xB4\xE6\xB8\x85\xE6\x99\xB0\x0A\xE6\xAD\xA3\xE5\x80\xBC\xE4\xBC\x9A\xE4\xBD\xBF\xE7\xBA\xB9\xE7\x90\x86\xE6\x9B\xB4\xE6\xA8\xA1\xE7\xB3\x8A\x0A\x0A\xE5\xAF\xB9\xE6\x80\xA7\xE8\x83\xBD\xE5\xBD\xB1\xE5\x93\x8D\xE8\xBE\x83\xE5\xB0\x8F", "\xE6\x9C\x89\xE5\x8A\xA9\xE6\x96\xBC\xE4\xBF\xAE\xE5\xBE\xA9\xE6\x9C\x89\xE5\x95\x8F\xE9\xA1\x8C\xE7\x9A\x84\xE9\x81\x8A\xE6\x88\xB2\xE4\xB8\xAD\xE6\xA8\xA1\xE7\xB3\x8A\xE7\x9A\x84\xE7\xB4\x8B\xE7\x90\x86\x0A\xE8\xB2\xA0\xE5\x80\xBC\xE6\x9C\x83\xE4\xBD\xBF\xE7\xB4\x8B\xE7\x90\x86\xE6\x9B\xB4\xE6\xB8\x85\xE6\x99\xB0\x0A\xE6\xAD\xA3\xE5\x80\xBC\xE6\x9C\x83\xE4\xBD\xBF\xE7\xB4\x8B\xE7\x90\x86\xE6\x9B\xB4\xE6\xA8\xA1\xE7\xB3\x8A\x0A\x0A\xE5\xB0\x8D\xE6\x80\xA7\xE8\x83\xBD\xE5\xBD\xB1\xE9\x9F\xBF\xE8\xBC\x83\xE5\xB0\x8F"},
{"\xE8\xA6\x86\xE7\x9B\x96\xE6\x89\x80\xE6\x9C\x89\xE7\xBA\xB9\xE7\x90\x86\xE7\x9A\x84\x20\x4D\x69\x70\x6D\x61\x70\x20\xE5\x80\xBC\x0A\xE9\x80\x9A\xE5\xB8\xB8\x20\x4F\x70\x74\x69\x53\x63\x61\x6C\x65\x72\x20\xE4\xBB\x85\xE8\xA6\x86\xE7\x9B\x96\x0A\xE5\xB0\x8F\xE4\xBA\x8E\xE9\x9B\xB6\xE7\x9A\x84\x20\x4D\x69\x70\x6D\x61\x70\x20\xE5\x80\xBC", "\xE8\xA6\x86\xE8\x93\x8B\xE6\x89\x80\xE6\x9C\x89\xE7\xB4\x8B\xE7\x90\x86\xE7\x9A\x84\x20\x4D\x69\x70\x6D\x61\x70\x20\xE5\x80\xBC\x0A\xE9\x80\x9A\xE5\xB8\xB8\x20\x4F\x70\x74\x69\x53\x63\x61\x6C\x65\x72\x20\xE5\x83\x85\xE8\xA6\x86\xE8\x93\x8B\x0A\xE5\xB0\x8F\xE6\x96\xBC\xE9\x9B\xB6\xE7\x9A\x84\x20\x4D\x69\x70\x6D\x61\x70\x20\xE5\x80\xBC"},
{"\xE5\x9C\xA8\xE8\xBE\xB9\xE7\xBC\x98\xE6\xA3\x80\xE6\xB5\x8B\xE5\x89\x8D\xE5\xBF\xBD\xE7\x95\xA5\xE5\xB0\x8F\xE7\x9A\x84\xE6\xB7\xB1\xE5\xBA\xA6\xE5\xB7\xAE\xE5\xBC\x82\xE3\x80\x82\x0A\x0A\xE8\xBE\x83\xE9\xAB\x98\xE7\x9A\x84\xE5\x80\xBC\xE5\x8F\xAF\xE5\x87\x8F\xE5\xB0\x91\xE5\xBE\xAE\xE5\xB0\x8F\xE6\xB7\xB1\xE5\xBA\xA6\xE5\x8F\x98\xE5\x8C\x96\xE5\xBC\x95\xE8\xB5\xB7\xE7\x9A\x84\xE9\x97\xAA\xE7\x83\x81\xE5\x92\x8C\xE5\x99\xAA\xE7\x82\xB9\xEF\xBC\x8C\xE4\xBD\x86\xE5\x8F\xAF\xE8\x83\xBD\xE4\xBC\x9A\xE8\xBD\xAF\xE5\x8C\x96\xE7\x9C\x9F\xE5\xAE\x9E\xE5\x87\xA0\xE4\xBD\x95\xE8\xBE\xB9\xE7\xBC\x98\xE3\x80\x82\x0A\xE8\xBE\x83\xE4\xBD\x8E\xE7\x9A\x84\xE5\x80\xBC\xE4\xBF\x9D\xE7\x95\x99\xE7\xB2\xBE\xE7\xBB\x86\xE7\xBB\x86\xE8\x8A\x82\xEF\xBC\x8C\xE4\xBD\x86\xE5\x8F\xAF\xE8\x83\xBD\xE5\xAF\xBC\xE8\x87\xB4\xE8\xBE\xB9\xE7\xBC\x98\xE6\xA3\x80\xE6\xB5\x8B\xE4\xB8\x8D\xE7\xA8\xB3\xE5\xAE\x9A\xE6\x88\x96\xE5\xB8\xA6\xE6\x9C\x89\xE5\x99\xAA\xE7\x82\xB9\xE3\x80\x82", "\xE5\x9C\xA8\xE9\x82\x8A\xE7\xB7\xA3\xE6\xAA\xA2\xE6\xB8\xAC\xE5\x89\x8D\xE5\xBF\xBD\xE7\x95\xA5\xE5\xB0\x8F\xE7\x9A\x84\xE6\xB7\xB1\xE5\xBA\xA6\xE5\xB7\xAE\xE7\x95\xB0\xE3\x80\x82\x0A\x0A\xE8\xBC\x83\xE9\xAB\x98\xE7\x9A\x84\xE5\x80\xBC\xE5\x8F\xAF\xE6\xB8\x9B\xE5\xB0\x91\xE5\xBE\xAE\xE5\xB0\x8F\xE6\xB7\xB1\xE5\xBA\xA6\xE8\xAE\x8A\xE5\x8C\x96\xE5\xBC\x95\xE8\xB5\xB7\xE7\x9A\x84\xE9\x96\x83\xE7\x88\x8D\xE5\x92\x8C\xE5\x99\xAA\xE9\xBB\x9E\xEF\xBC\x8C\xE4\xBD\x86\xE5\x8F\xAF\xE8\x83\xBD\xE6\x9C\x83\xE8\xBB\x9F\xE5\x8C\x96\xE7\x9C\x9F\xE5\xAF\xA6\xE5\xB9\xBE\xE4\xBD\x95\xE9\x82\x8A\xE7\xB7\xA3\xE3\x80\x82\x0A\xE8\xBC\x83\xE4\xBD\x8E\xE7\x9A\x84\xE5\x80\xBC\xE4\xBF\x9D\xE7\x95\x99\xE7\xB2\xBE\xE7\xB4\xB0\xE7\xB4\xB0\xE7\xAF\x80\xEF\xBC\x8C\xE4\xBD\x86\xE5\x8F\xAF\xE8\x83\xBD\xE5\xB0\x8E\xE8\x87\xB4\xE9\x82\x8A\xE7\xB7\xA3\xE6\xAA\xA2\xE6\xB8\xAC\xE4\xB8\x8D\xE7\xA9\xA9\xE5\xAE\x9A\xE6\x88\x96\xE5\xB8\xB6\xE6\x9C\x89\xE5\x99\xAA\xE9\xBB\x9E\xE3\x80\x82"},
{"\xE6\x8E\xA7\xE5\x88\xB6\xE9\x94\x90\xE5\x8C\x96\xE5\x9C\xA8\xE6\xB7\xB1\xE5\xBA\xA6\xE8\xBE\xB9\xE7\xBC\x98\xE4\xB8\x8A\xE7\x9A\x84\xE5\x87\x8F\xE5\xBC\xB1\xE7\xA8\x8B\xE5\xBA\xA6\xE3\x80\x82\x0A\x0A\xE8\xBE\x83\xE9\xAB\x98\xE7\x9A\x84\xE5\x80\xBC\xE6\x9B\xB4\xE7\xA7\xAF\xE6\x9E\x81\xE5\x9C\xB0\xE9\x98\xB2\xE6\xAD\xA2\xE9\x94\x90\xE5\x8C\x96\xE8\xB7\xA8\xE8\xB6\x8A\xE7\x89\xA9\xE4\xBD\x93\xE8\xBE\xB9\xE7\x95\x8C\xEF\xBC\x88\xE5\x87\x8F\xE5\xB0\x91\xE5\x85\x89\xE6\x99\x95\xEF\xBC\x89\xE3\x80\x82\x0A\xE8\xBE\x83\xE4\xBD\x8E\xE7\x9A\x84\xE5\x80\xBC\xE5\x85\x81\xE8\xAE\xB8\xE6\x9B\xB4\xE5\xA4\x9A\xE9\x94\x90\xE5\x8C\x96\xE7\xA9\xBF\xE8\xBF\x87\xE8\xBE\xB9\xE7\xBC\x98\xEF\xBC\x88\xE6\x9B\xB4\xE6\xB8\x85\xE6\x99\xB0\xE4\xBD\x86\xE9\xA3\x8E\xE9\x99\xA9\xE6\x9B\xB4\xE5\xA4\xA7\xEF\xBC\x89\xE3\x80\x82", "\xE6\x8E\xA7\xE5\x88\xB6\xE9\x8A\xB3\xE5\x8C\x96\xE5\x9C\xA8\xE6\xB7\xB1\xE5\xBA\xA6\xE9\x82\x8A\xE7\xB7\xA3\xE4\xB8\x8A\xE7\x9A\x84\xE6\xB8\x9B\xE5\xBC\xB1\xE7\xA8\x8B\xE5\xBA\xA6\xE3\x80\x82\x0A\x0A\xE8\xBC\x83\xE9\xAB\x98\xE7\x9A\x84\xE5\x80\xBC\xE6\x9B\xB4\xE7\xA9\x8D\xE6\xA5\xB5\xE5\x9C\xB0\xE9\x98\xB2\xE6\xAD\xA2\xE9\x8A\xB3\xE5\x8C\x96\xE8\xB7\xA8\xE8\xB6\x8A\xE7\x89\xA9\xE9\xAB\x94\xE9\x82\x8A\xE7\x95\x8C\xEF\xBC\x88\xE6\xB8\x9B\xE5\xB0\x91\xE5\x85\x89\xE6\x9A\x88\xEF\xBC\x89\xE3\x80\x82\x0A\xE8\xBC\x83\xE4\xBD\x8E\xE7\x9A\x84\xE5\x80\xBC\xE5\x85\x81\xE8\xA8\xB1\xE6\x9B\xB4\xE5\xA4\x9A\xE9\x8A\xB3\xE5\x8C\x96\xE7\xA9\xBF\xE9\x81\x8E\xE9\x82\x8A\xE7\xB7\xA3\xEF\xBC\x88\xE6\x9B\xB4\xE6\xB8\x85\xE6\x99\xB0\xE4\xBD\x86\xE9\xA2\xA8\xE9\x9A\xAA\xE6\x9B\xB4\xE5\xA4\xA7\xEF\xBC\x89\xE3\x80\x82"},
{"\xE6\xAD\xA3\xE5\x80\xBC\xE9\x99\x8D\xE4\xBD\x8E\xE9\xAB\x98\xE5\xAF\xB9\xE6\xAF\x94\xE5\xBA\xA6\xE5\x8C\xBA\xE5\x9F\x9F\xE7\x9A\x84\xE9\x94\x90\xE5\xBA\xA6\xE3\x80\x82\x0A\xE8\xB4\x9F\xE5\x80\xBC\xE5\xA2\x9E\xE5\x8A\xA0\xE9\xAB\x98\xE5\xAF\xB9\xE6\xAF\x94\xE5\xBA\xA6\xE5\x8C\xBA\xE5\x9F\x9F\xE7\x9A\x84\xE9\x94\x90\xE5\xBA\xA6\xE3\x80\x82", "\xE6\xAD\xA3\xE5\x80\xBC\xE9\x99\x8D\xE4\xBD\x8E\xE9\xAB\x98\xE5\xB0\x8D\xE6\xAF\x94\xE5\xBA\xA6\xE5\x8D\x80\xE5\x9F\x9F\xE7\x9A\x84\xE9\x8A\xB3\xE5\xBA\xA6\xE3\x80\x82\x0A\xE8\xB2\xA0\xE5\x80\xBC\xE5\xA2\x9E\xE5\x8A\xA0\xE9\xAB\x98\xE5\xB0\x8D\xE6\xAF\x94\xE5\xBA\xA6\xE5\x8D\x80\xE5\x9F\x9F\xE7\x9A\x84\xE9\x8A\xB3\xE5\xBA\xA6\xE3\x80\x82"},
{"\xE8\xBF\x90\xE5\x8A\xA8\xE5\x8F\xAF\xE4\xBB\xA5\xE6\xB7\xBB\xE5\x8A\xA0\xE6\x88\x96\xE7\xA7\xBB\xE9\x99\xA4\xE7\x9A\x84\xE6\x9C\x80\xE5\xA4\xA7\xE9\x94\x90\xE5\xBA\xA6\xE9\x87\x8F\xE3\x80\x82\x0A\x0A\xE8\xB4\x9F\xE5\x80\xBC\xE5\x87\x8F\xE5\xB0\x91\xE8\xBF\x90\xE5\x8A\xA8\xE4\xB8\xAD\xE7\x9A\x84\xE9\x94\x90\xE5\x8C\x96\xEF\xBC\x88\xE6\x8E\xA8\xE8\x8D\x90\xEF\xBC\x89\xE3\x80\x82\x0A\xE6\xAD\xA3\xE5\x80\xBC\xE5\xA2\x9E\xE5\x8A\xA0\xE8\xBF\x90\xE5\x8A\xA8\xE4\xB8\xAD\xE7\x9A\x84\xE9\x94\x90\xE5\x8C\x96\xE3\x80\x82\x0A\x0A\xE6\x9C\x80\xE7\xBB\x88\xE8\xB0\x83\xE6\x95\xB4\xE9\x9A\x8F\xE8\xBF\x90\xE5\x8A\xA8\xE7\xBC\xA9\xE6\x94\xBE\xEF\xBC\x8C\xE5\xB9\xB6\xE4\xBB\xA5\xE6\xAD\xA4\xE5\x80\xBC\xE4\xB8\xBA\xE4\xB8\x8A\xE9\x99\x90\xE3\x80\x82", "\xE9\x81\x8B\xE5\x8B\x95\xE5\x8F\xAF\xE4\xBB\xA5\xE6\xB7\xBB\xE5\x8A\xA0\xE6\x88\x96\xE7\xA7\xBB\xE9\x99\xA4\xE7\x9A\x84\xE6\x9C\x80\xE5\xA4\xA7\xE9\x8A\xB3\xE5\xBA\xA6\xE9\x87\x8F\xE3\x80\x82\x0A\x0A\xE8\xB2\xA0\xE5\x80\xBC\xE6\xB8\x9B\xE5\xB0\x91\xE9\x81\x8B\xE5\x8B\x95\xE4\xB8\xAD\xE7\x9A\x84\xE9\x8A\xB3\xE5\x8C\x96\xEF\xBC\x88\xE6\x8E\xA8\xE8\x96\xA6\xEF\xBC\x89\xE3\x80\x82\x0A\xE6\xAD\xA3\xE5\x80\xBC\xE5\xA2\x9E\xE5\x8A\xA0\xE9\x81\x8B\xE5\x8B\x95\xE4\xB8\xAD\xE7\x9A\x84\xE9\x8A\xB3\xE5\x8C\x96\xE3\x80\x82\x0A\x0A\xE6\x9C\x80\xE7\xB5\x82\xE8\xAA\xBF\xE6\x95\xB4\xE9\x9A\xA8\xE9\x81\x8B\xE5\x8B\x95\xE7\xB8\xAE\xE6\x94\xBE\xEF\xBC\x8C\xE4\xB8\xA6\xE4\xBB\xA5\xE6\xAD\xA4\xE5\x80\xBC\xE7\x88\xB2\xE4\xB8\x8A\xE9\x99\x90\xE3\x80\x82"},
{"\xE5\x9F\xBA\xE4\xBA\x8E\xE8\xBF\x90\xE5\x8A\xA8\xE7\x9A\x84\xE9\x94\x90\xE5\x8C\x96\xE8\xB0\x83\xE6\x95\xB4\xE5\xBC\x80\xE5\xA7\x8B\xE5\x89\x8D\xE6\x89\x80\xE9\x9C\x80\xE7\x9A\x84\xE6\x9C\x80\xE5\xB0\x8F\xE8\xBF\x90\xE5\x8A\xA8\xE9\x87\x8F\xE3\x80\x82\x0A\x0A\xE8\xBE\x83\xE9\xAB\x98\xE7\x9A\x84\xE5\x80\xBC\xE5\xBF\xBD\xE7\x95\xA5\xE5\xB0\x8F\xE8\xBF\x90\xE5\x8A\xA8\xEF\xBC\x88\xE6\x9B\xB4\xE7\xA8\xB3\xE5\xAE\x9A\xEF\xBC\x89\xE3\x80\x82\x0A\xE8\xBE\x83\xE4\xBD\x8E\xE7\x9A\x84\xE5\x80\xBC\xE5\xAF\xB9\xE7\xBB\x86\xE5\xBE\xAE\xE8\xBF\x90\xE5\x8A\xA8\xE6\x9C\x89\xE5\x8F\x8D\xE5\xBA\x94\xEF\xBC\x88\xE6\x9B\xB4\xE6\x95\x8F\xE6\x84\x9F\xEF\xBC\x89\xE3\x80\x82", "\xE5\x9F\xBA\xE6\x96\xBC\xE9\x81\x8B\xE5\x8B\x95\xE7\x9A\x84\xE9\x8A\xB3\xE5\x8C\x96\xE8\xAA\xBF\xE6\x95\xB4\xE9\x96\x8B\xE5\xA7\x8B\xE5\x89\x8D\xE6\x89\x80\xE9\x9C\x80\xE7\x9A\x84\xE6\x9C\x80\xE5\xB0\x8F\xE9\x81\x8B\xE5\x8B\x95\xE9\x87\x8F\xE3\x80\x82\x0A\x0A\xE8\xBC\x83\xE9\xAB\x98\xE7\x9A\x84\xE5\x80\xBC\xE5\xBF\xBD\xE7\x95\xA5\xE5\xB0\x8F\xE9\x81\x8B\xE5\x8B\x95\xEF\xBC\x88\xE6\x9B\xB4\xE7\xA9\xA9\xE5\xAE\x9A\xEF\xBC\x89\xE3\x80\x82\x0A\xE8\xBC\x83\xE4\xBD\x8E\xE7\x9A\x84\xE5\x80\xBC\xE5\xB0\x8D\xE7\xB4\xB0\xE5\xBE\xAE\xE9\x81\x8B\xE5\x8B\x95\xE6\x9C\x89\xE5\x8F\x8D\xE6\x87\x89\xEF\xBC\x88\xE6\x9B\xB4\xE6\x95\x8F\xE6\x84\x9F\xEF\xBC\x89\xE3\x80\x82"},
{"\xE5\xAE\x9A\xE4\xB9\x89\xE6\x95\x88\xE6\x9E\x9C\xE4\xBB\x8E\xE9\x9B\xB6\xE5\x88\xB0\xE5\xAE\x8C\xE5\x85\xA8\xE5\xBC\xBA\xE5\xBA\xA6\xE7\x9A\x84\xE8\xBF\x90\xE5\x8A\xA8\xE8\x8C\x83\xE5\x9B\xB4\xE3\x80\x82\x0A\x0A\xE9\xAB\x98\xE4\xBA\x8E\xE9\x98\x88\xE5\x80\xBC\xE7\x9A\x84\xE5\x80\xBC\xE8\xA2\xAB\xE6\x98\xA0\xE5\xB0\x84\xE5\x88\xB0\xE6\xAD\xA4\xE8\x8C\x83\xE5\x9B\xB4\xE5\x86\x85\xE3\x80\x82\x0A\xE8\xBE\x83\xE5\xA4\xA7\xE7\x9A\x84\xE5\x80\xBC\xE4\xBD\xBF\xE5\x93\x8D\xE5\xBA\x94\xE6\x9B\xB4\xE5\xB9\xB3\xE6\xBB\x91\xE3\x80\x81\xE6\x9B\xB4\xE6\xB8\x90\xE8\xBF\x9B\xE3\x80\x82\x0A\xE8\xBE\x83\xE5\xB0\x8F\xE7\x9A\x84\xE5\x80\xBC\xE4\xBD\xBF\xE6\x95\x88\xE6\x9E\x9C\xE5\x8F\x8D\xE5\xBA\x94\xE6\x9B\xB4\xE5\xBF\xAB\xE3\x80\x81\xE6\x9B\xB4\xE7\xA7\xAF\xE6\x9E\x81\xE3\x80\x82", "\xE5\xAE\x9A\xE7\xBE\xA9\xE6\x95\x88\xE6\x9E\x9C\xE5\xBE\x9E\xE9\x9B\xB6\xE5\x88\xB0\xE5\xAE\x8C\xE5\x85\xA8\xE5\xBC\xB7\xE5\xBA\xA6\xE7\x9A\x84\xE9\x81\x8B\xE5\x8B\x95\xE7\xAF\x84\xE5\x9C\x8D\xE3\x80\x82\x0A\x0A\xE9\xAB\x98\xE6\x96\xBC\xE9\x96\xBE\xE5\x80\xBC\xE7\x9A\x84\xE5\x80\xBC\xE8\xA2\xAB\xE6\x98\xA0\xE5\xB0\x84\xE5\x88\xB0\xE6\xAD\xA4\xE7\xAF\x84\xE5\x9C\x8D\xE5\x85\xA7\xE3\x80\x82\x0A\xE8\xBC\x83\xE5\xA4\xA7\xE7\x9A\x84\xE5\x80\xBC\xE4\xBD\xBF\xE9\x9F\xBF\xE6\x87\x89\xE6\x9B\xB4\xE5\xB9\xB3\xE6\xBB\x91\xE3\x80\x81\xE6\x9B\xB4\xE6\xBC\xB8\xE9\x80\xB2\xE3\x80\x82\x0A\xE8\xBC\x83\xE5\xB0\x8F\xE7\x9A\x84\xE5\x80\xBC\xE4\xBD\xBF\xE6\x95\x88\xE6\x9E\x9C\xE5\x8F\x8D\xE6\x87\x89\xE6\x9B\xB4\xE5\xBF\xAB\xE3\x80\x81\xE6\x9B\xB4\xE7\xA9\x8D\xE6\xA5\xB5\xE3\x80\x82"},
{"\xE6\xBF\x80\xE6\xB4\xBB\xE9\x99\x90\xE5\x88\xB6\xE4\xB8\xBA\x20\x30\x20\xE8\xA1\xA8\xE7\xA4\xBA\xE8\x87\xAA\xE5\x8A\xA8\xE6\xA3\x80\xE6\xB5\x8B\xE6\x98\xBE\xE7\xA4\xBA\xE5\x88\xB7\xE6\x96\xB0\xE7\x8E\x87", "\xE6\xBF\x80\xE6\xB4\xBB\xE9\x99\x90\xE5\x88\xB6\xE7\x88\xB2\x20\x30\x20\xE8\xA1\xA8\xE7\xA4\xBA\xE8\x87\xAA\xE5\x8B\x95\xE6\xAA\xA2\xE6\xB8\xAC\xE9\xA1\xAF\xE7\xA4\xBA\xE5\x88\xB7\xE6\x96\xB0\xE7\x8E\x87"},
{"\xE5\xBA\x94\xE7\x94\xA8\xE7\x9B\xAE\xE6\xA0\x87", "\xE6\x87\x89\xE7\x94\xA8\xE7\x9B\xAE\xE6\xA8\x99"},
{"\xE6\xA3\x80\xE6\xB5\x8B\xE5\x88\xB0\xE8\xBF\x9F\xE5\x88\xB0\xE7\x9A\x84\x20\x53\x74\x72\x65\x61\x6D\x6C\x69\x6E\x65\x20\xE9\x92\xA9\xE5\xAD\x90", "\xE6\xAA\xA2\xE6\xB8\xAC\xE5\x88\xB0\xE9\x81\xB2\xE5\x88\xB0\xE7\x9A\x84\x20\x53\x74\x72\x65\x61\x6D\x6C\x69\x6E\x65\x20\xE9\x89\xA4\xE5\xAD\x90"},
{"\xE8\x80\x83\xE8\x99\x91\xE5\xB0\x86\x20\x4F\x70\x74\x69\x53\x63\x61\x6C\x65\x72\x20\xE4\xBB\x8E\x20\x25\x73\x20\xE9\x87\x8D\xE5\x91\xBD\xE5\x90\x8D\xE4\xB8\xBA\xE5\x85\xB6\xE4\xBB\x96\xE6\x94\xAF\xE6\x8C\x81\xE7\x9A\x84\xE5\x90\x8D\xE7\xA7\xB0\xE3\x80\x82\x0A\xE5\x90\xA6\xE5\x88\x99\xE5\x8F\xAF\xE8\x83\xBD\xE4\xBC\x9A\xE9\x81\x87\xE5\x88\xB0\xE9\x97\xAE\xE9\xA2\x98", "\xE8\x80\x83\xE6\x85\xAE\xE5\xB0\x87\x20\x4F\x70\x74\x69\x53\x63\x61\x6C\x65\x72\x20\xE5\xBE\x9E\x20\x25\x73\x20\xE9\x87\x8D\xE5\x91\xBD\xE5\x90\x8D\xE7\x88\xB2\xE5\x85\xB6\xE4\xBB\x96\xE6\x94\xAF\xE6\x8C\x81\xE7\x9A\x84\xE5\x90\x8D\xE7\xA8\xB1\xE3\x80\x82\x0A\xE5\x90\xA6\xE5\x89\x87\xE5\x8F\xAF\xE8\x83\xBD\xE6\x9C\x83\xE9\x81\x87\xE5\x88\xB0\xE5\x95\x8F\xE9\xA1\x8C"},
{"\xE5\xBD\x93\xE5\x89\x8D\xE9\xA2\x84\xE8\xAE\xBE\x3A\x20\xE9\xBB\x98\xE8\xAE\xA4", "\xE7\x95\xB6\xE5\x89\x8D\xE9\xA0\x90\xE8\xA8\xAD\x3A\x20\xE9\xBB\x98\xE8\xAA\x8D"},
{"\xE5\xBD\x93\xE5\x89\x8D\xE9\xA2\x84\xE8\xAE\xBE\x3A\x20\x25\x63", "\xE7\x95\xB6\xE5\x89\x8D\xE9\xA0\x90\xE8\xA8\xAD\x3A\x20\x25\x63"},
{"\x44\x41\x20\x2B\x20\x4D\x41\x53\x20\xE8\xB0\x83\xE8\xAF\x95", "\x44\x41\x20\x2B\x20\x4D\x41\x53\x20\xE8\xAA\xBF\xE8\xA9\xA6"},
{"\xE4\xBB\x85\xE6\x98\xBE\xE7\xA4\xBA\x20\x58\x65\x46\x47\x20\xE7\x94\x9F\xE6\x88\x90\xE7\x9A\x84\xE5\xB8\xA7", "\xE5\x83\x85\xE9\xA1\xAF\xE7\xA4\xBA\x20\x58\x65\x46\x47\x20\xE7\x94\x9F\xE6\x88\x90\xE7\x9A\x84\xE5\xB9\x80"},
{"\xE9\x80\x9A\xE8\xBF\x87\x20\x64\x6C\x73\x73\x2D\x65\x6E\x61\x62\x6C\x65\x72\x2D\x68\x65\x61\x64\x6C\x65\x73\x73\x2E\x64\x6C\x6C\x20\xE5\x90\xAF\xE7\x94\xA8\x20\x44\x4C\x53\x53\x0A\xE5\x9C\xA8\xE6\xB8\xB8\xE6\x88\x8F\xE4\xB8\xAD\xE9\x80\x89\xE6\x8B\xA9\x20\x44\x4C\x53\x53\x2D\x46\x47", "\xE9\x80\x9A\xE9\x81\x8E\x20\x64\x6C\x73\x73\x2D\x65\x6E\x61\x62\x6C\x65\x72\x2D\x68\x65\x61\x64\x6C\x65\x73\x73\x2E\x64\x6C\x6C\x20\xE5\x95\x93\xE7\x94\xA8\x20\x44\x4C\x53\x53\x0A\xE5\x9C\xA8\xE9\x81\x8A\xE6\x88\xB2\xE4\xB8\xAD\xE9\x81\xB8\xE6\x93\x87\x20\x44\x4C\x53\x53\x2D\x46\x47"},
{"\xE5\xBC\xBA\xE5\x88\xB6\xE5\x8A\xA8\xE6\x80\x81\x20\x4D\x46\x47", "\xE5\xBC\xB7\xE5\x88\xB6\xE5\x8B\x95\xE6\x85\x8B\x20\x4D\x46\x47"},
{"\xE5\xBC\xBA\xE5\x88\xB6\x20\x58\x65\x4C\x4C", "\xE5\xBC\xB7\xE5\x88\xB6\x20\x58\x65\x4C\x4C"},
{"\xE5\xB8\xA7\xE7\x94\x9F\xE6\x88\x90\x20\x28\x46\x53\x52\x33\x2D\x4D\x46\x47\x20\xE9\x80\x9A\xE8\xBF\x87\x20\x44\x4C\x53\x53\x20\x45\x6E\x61\x62\x6C\x65\x72\x29", "\xE5\xB9\x80\xE7\x94\x9F\xE6\x88\x90\x20\x28\x46\x53\x52\x33\x2D\x4D\x46\x47\x20\xE9\x80\x9A\xE9\x81\x8E\x20\x44\x4C\x53\x53\x20\x45\x6E\x61\x62\x6C\x65\x72\x29"},
{"\xE5\xB8\xA7\xE7\x94\x9F\xE6\x88\x90\x20\x28\x53\x74\x72\x65\x61\x6D\x6C\x69\x6E\x65\x20\x46\x47\x20\xE8\xBE\x93\xE5\x85\xA5\x29", "\xE5\xB9\x80\xE7\x94\x9F\xE6\x88\x90\x20\x28\x53\x74\x72\x65\x61\x6D\x6C\x69\x6E\x65\x20\x46\x47\x20\xE8\xBC\xB8\xE5\x85\xA5\x29"},
{"\x46\x53\x52\x20\x4C\x61\x74\x65\x6E\x63\x79\x20\x52\x65\x64\x75\x63\x74\x69\x6F\x6E\x20\x32\x2E\x30\x20\xE6\x98\xAF\x20\x41\x6E\x74\x69\x4C\x61\x67\x20\x32\x20\xE7\x9A\x84\xE6\x96\xB0\xE5\x90\x8D\xE7\xA7\xB0\x0A\xE5\x88\xAB\xE9\x97\xAE\xE6\x88\x91\xE4\xB8\xBA\xE4\xBB\x80\xE4\xB9\x88", "\x46\x53\x52\x20\x4C\x61\x74\x65\x6E\x63\x79\x20\x52\x65\x64\x75\x63\x74\x69\x6F\x6E\x20\x32\x2E\x30\x20\xE6\x98\xAF\x20\x41\x6E\x74\x69\x4C\x61\x67\x20\x32\x20\xE7\x9A\x84\xE6\x96\xB0\xE5\x90\x8D\xE7\xA8\xB1\x0A\xE5\x88\xA5\xE5\x95\x8F\xE6\x88\x91\xE7\x88\xB2\xE4\xBB\x80\xE9\xBA\xBC"},
{"\xE5\xA6\x82\xE6\x9E\x9C\xE4\xBD\xBF\xE7\x94\xA8\x20\x41\x4D\x44\x2F\x49\x6E\x74\x65\x6C\x20\xE6\x98\xBE\xE5\x8D\xA1\xEF\xBC\x8C\xE8\xAF\xB7\xE7\xA1\xAE\xE4\xBF\x9D\xE6\x82\xA8\xE6\x9C\x89\x20\x46\x61\x6B\x65\x6E\x76\x61\x70\x69", "\xE5\xA6\x82\xE6\x9E\x9C\xE4\xBD\xBF\xE7\x94\xA8\x20\x41\x4D\x44\x2F\x49\x6E\x74\x65\x6C\x20\xE9\xA1\xAF\xE5\x8D\xA1\xEF\xBC\x8C\xE8\xAB\x8B\xE7\xA2\xBA\xE4\xBF\x9D\xE6\x82\xA8\xE6\x9C\x89\x20\x46\x61\x6B\x65\x6E\x76\x61\x70\x69"},
{"\xE8\xA6\x86\xE7\x9B\x96\x20\x44\x4C\x53\x53\x47", "\xE8\xA6\x86\xE8\x93\x8B\x20\x44\x4C\x53\x53\x47"},
{"\xE9\x87\x8D\xE7\xBD\xAE\xE7\x9B\xAE\xE6\xA0\x87", "\xE9\x87\x8D\xE7\xBD\xAE\xE7\x9B\xAE\xE6\xA8\x99"},
{"\xE4\xBF\x9D\xE5\xAD\x98\x20\x49\x4E\x49", "\xE4\xBF\x9D\xE5\xAD\x98\x20\x49\x4E\x49"},
{"\xE8\xAE\xBE\xE7\xBD\xAE\x20\x44\x4C\x53\x53\x47\x20\xE6\x8F\x92\xE5\x80\xBC\xE8\xAE\xA1\xE6\x95\xB0", "\xE8\xA8\xAD\xE7\xBD\xAE\x20\x44\x4C\x53\x53\x47\x20\xE6\x8F\x92\xE5\x80\xBC\xE8\xA8\x88\xE6\x95\xB8"},
{"\xE4\xB8\x8D\xE6\x94\xAF\xE6\x8C\x81\xE7\x9A\x84\xE7\xA1\xAC\xE4\xBB\xB6", "\xE4\xB8\x8D\xE6\x94\xAF\xE6\x8C\x81\xE7\x9A\x84\xE7\xA1\xAC\xE4\xBB\xB6"},
{"\xE4\xBC\x98\xE5\x85\x88\xE4\xBD\xBF\xE7\x94\xA8\x20\x52\x65\x66\x6C\x65\x78\x0A\xE5\x9C\xA8\x20\x41\x4D\x44\x2F\x49\x6E\x74\x65\x6C\x20\xE5\x8D\xA1\xE4\xB8\x8A\xEF\xBC\x8C\xE5\x8F\xAF\xE4\xBD\xBF\xE7\x94\xA8\x20\x46\x61\x6B\x65\x6E\x76\x61\x70\x69\x20\xE4\xBB\xA3\xE6\x9B\xBF\x20\x52\x65\x66\x6C\x65\x78", "\xE5\x84\xAA\xE5\x85\x88\xE4\xBD\xBF\xE7\x94\xA8\x20\x52\x65\x66\x6C\x65\x78\x0A\xE5\x9C\xA8\x20\x41\x4D\x44\x2F\x49\x6E\x74\x65\x6C\x20\xE5\x8D\xA1\xE4\xB8\x8A\xEF\xBC\x8C\xE5\x8F\xAF\xE4\xBD\xBF\xE7\x94\xA8\x20\x46\x61\x6B\x65\x6E\x76\x61\x70\x69\x20\xE4\xBB\xA3\xE6\x9B\xBF\x20\x52\x65\x66\x6C\x65\x78"},
{"\xE4\xBD\xBF\xE7\x94\xA8\xE6\xB8\xB8\xE6\x88\x8F\xE7\x9A\x84\x20\x52\x65\x66\x6C\x65\x78\x20\xE6\xA0\x87\xE8\xAE\xB0", "\xE4\xBD\xBF\xE7\x94\xA8\xE9\x81\x8A\xE6\x88\xB2\xE7\x9A\x84\x20\x52\x65\x66\x6C\x65\x78\x20\xE6\xA8\x99\xE8\xA8\x98"},
{"\xE4\xBD\xBF\xE7\x94\xA8\x20\x52\x54\x53\x53\x20\x52\x65\x66\x6C\x65\x78\x20\xE6\xB3\xA8\xE5\x85\xA5\xE3\x80\x81\x46\x53\x52\x20\x4C\x61\x74\x65\x6E\x63\x79\x20\x52\x65\x64\x75\x63\x74\x69\x6F\x6E\x20\x32\x2E\x30\x20\xE5\x92\x8C\x20\x46\x53\x52\x20\x46\x47\x20\xE5\x8F\xAF\xE8\x83\xBD\xE5\xBC\x95\xE8\xB5\xB7\xE9\x97\xAE\xE9\xA2\x98", "\xE4\xBD\xBF\xE7\x94\xA8\x20\x52\x54\x53\x53\x20\x52\x65\x66\x6C\x65\x78\x20\xE6\xB3\xA8\xE5\x85\xA5\xE3\x80\x81\x46\x53\x52\x20\x4C\x61\x74\x65\x6E\x63\x79\x20\x52\x65\x64\x75\x63\x74\x69\x6F\x6E\x20\x32\x2E\x30\x20\xE5\x92\x8C\x20\x46\x53\x52\x20\x46\x47\x20\xE5\x8F\xAF\xE8\x83\xBD\xE5\xBC\x95\xE8\xB5\xB7\xE5\x95\x8F\xE9\xA1\x8C"},
{"\xE5\xBC\x80\xE5\x90\xAF", "\xE9\x96\x8B\xE5\x95\x93"},
{"\xE5\xBC\x80\xE5\x90\xAF\x20\x7B\x7D\x78", "\xE9\x96\x8B\xE5\x95\x93\x20\x7B\x7D\x78"},
{"\x2A\xE5\x9C\xA8\xE5\x87\xA0\xE4\xBD\x95\xE7\xBA\xA7\xE5\x88\xAB\xE4\xB8\x8A\xE5\xA4\x84\xE4\xBA\x8E\xE7\x94\x9F\xE6\x88\x90\xE5\xBC\x8F\xE6\x8D\x9F\xE5\xAE\xB3\xE6\x8E\xA7\xE5\x88\xB6\xE6\xA8\xA1\xE5\xBC\x8F\x2A", "\x2A\xE5\x9C\xA8\xE5\xB9\xBE\xE4\xBD\x95\xE7\xB4\x9A\xE5\x88\xA5\xE4\xB8\x8A\xE8\x99\x95\xE6\x96\xBC\xE7\x94\x9F\xE6\x88\x90\xE5\xBC\x8F\xE6\x90\x8D\xE5\xAE\xB3\xE6\x8E\xA7\xE5\x88\xB6\xE6\xA8\xA1\xE5\xBC\x8F\x2A"},
{"\xE4\xBD\xA0\xE7\x9C\x9F\xE7\x9A\x84\xE8\x8A\xB1\xE4\xBA\x86\x20\x37\x30\x20\xE6\xAC\xA7\xE5\x85\x83\xE4\xB9\xB0\xE8\xBF\x99\xE4\xB8\xAA\xE6\xB8\xB8\xE6\x88\x8F\xEF\xBC\x9F\xEF\xBC\x81", "\xE4\xBD\xA0\xE7\x9C\x9F\xE7\x9A\x84\xE8\x8A\xB1\xE4\xBA\x86\x20\x37\x30\x20\xE6\xAD\x90\xE5\x85\x83\xE8\xB2\xB7\xE9\x80\x99\xE5\x80\x8B\xE9\x81\x8A\xE6\x88\xB2\xEF\xBC\x9F\xEF\xBC\x81"},
{"\xE8\xA3\x85\xE5\x88\xB0\xE4\xBD\xA0\xE6\x88\x90\xE5\x8A\x9F", "\xE8\xA3\x9D\xE5\x88\xB0\xE4\xBD\xA0\xE6\x88\x90\xE5\x8A\x9F"},
{"\x46\x53\x52\x34\x20\x44\x50\x34\x61\x20\xE4\xBB\x80\xE4\xB9\x88\xE6\x97\xB6\xE5\x80\x99\xE6\x9C\x89\xEF\xBC\x8C\x41\x4D\x44\x20\xE6\xB1\x82\xE6\xB1\x82\xE4\xBA\x86", "\x46\x53\x52\x34\x20\x44\x50\x34\x61\x20\xE4\xBB\x80\xE9\xBA\xBC\xE6\x99\x82\xE5\x80\x99\xE6\x9C\x89\xEF\xBC\x8C\x41\x4D\x44\x20\xE6\xB1\x82\xE6\xB1\x82\xE4\xBA\x86"},
{"\xE5\xB0\xB1\xE5\x83\x8F\xE5\x9C\xA8\xE9\xAB\x98\xE9\x80\x9F\xE4\xB8\x8A\xE6\x8C\x82\xE4\xB8\x80\xE6\xA1\xA3", "\xE5\xB0\xB1\xE5\x83\x8F\xE5\x9C\xA8\xE9\xAB\x98\xE9\x80\x9F\xE4\xB8\x8A\xE6\x8E\x9B\xE4\xB8\x80\xE6\xAA\x94"},
{"\xE5\x9F\xBA\xE6\x9C\xAC\xE7\xA8\xB3\xE5\xAE\x9A\xEF\xBC\x8C\xE4\xB8\x8D\xE5\x83\x8F\xE9\xA9\xB1\xE5\x8A\xA8\xE7\xA8\x8B\xE5\xBA\x8F", "\xE5\x9F\xBA\xE6\x9C\xAC\xE7\xA9\xA9\xE5\xAE\x9A\xEF\xBC\x8C\xE4\xB8\x8D\xE5\x83\x8F\xE9\xA9\x85\xE5\x8B\x95\xE7\xA8\x8B\xE5\xBA\x8F"},
{"\xE6\x88\x91\xE7\x9A\x84\x20\x38\x20\xE4\xB8\xAA\xE7\x82\xB9\xE9\x83\xBD\xE6\x98\xAF\xE6\xB5\xAE\xE7\x82\xB9", "\xE6\x88\x91\xE7\x9A\x84\x20\x38\x20\xE5\x80\x8B\xE9\xBB\x9E\xE9\x83\xBD\xE6\x98\xAF\xE6\xB5\xAE\xE9\xBB\x9E"},
{"\x4E\x69\x74\x65\x63\x20\xE7\x9A\x84\xE6\x80\xAA\xE5\xBC\x82\xE8\xB6\x85\xE5\x88\x86\xE8\xBE\xA8\xE7\x8E\x87", "\x4E\x69\x74\x65\x63\x20\xE7\x9A\x84\xE6\x80\xAA\xE7\x95\xB0\xE8\xB6\x85\xE5\x88\x86\xE8\xBE\xA8\xE7\x8E\x87"},
{"\xE8\xBF\x99\xE9\x87\x8C\xE6\xB2\xA1\xE6\x9C\x89\xE6\xB5\xAE\xE7\x82\xB9\xE2\x80\x94\xE6\x88\x91\xE4\xB8\xA5\xE6\xA0\xBC\xE5\x9C\xA8\x20\x2D\x31\x32\x38\x20\xE5\x88\xB0\x20\x31\x32\x37\x20\xE4\xB9\x8B\xE9\x97\xB4", "\xE9\x80\x99\xE8\xA3\x8F\xE6\xB2\x92\xE6\x9C\x89\xE6\xB5\xAE\xE9\xBB\x9E\xE2\x80\x94\xE6\x88\x91\xE5\x9A\xB4\xE6\xA0\xBC\xE5\x9C\xA8\x20\x2D\x31\x32\x38\x20\xE5\x88\xB0\x20\x31\x32\x37\x20\xE4\xB9\x8B\xE9\x96\x93"},
{"\x56\x75\x6C\x2E\x2E\x2E\x20\xE4\xBB\x80\xE4\xB9\x88\xEF\xBC\x9F\x20\x7E\x41\x4D\x44", "\x56\x75\x6C\x2E\x2E\x2E\x20\xE4\xBB\x80\xE9\xBA\xBC\xEF\xBC\x9F\x20\x7E\x41\x4D\x44"},
{"\xE6\x9C\x80\xE5\x9D\x8F\xE6\x83\x85\xE5\x86\xB5\xE5\x85\xB3\xE6\x8E\x89\xE5\x86\x8D\xE5\xBC\x80", "\xE6\x9C\x80\xE5\xA3\x9E\xE6\x83\x85\xE6\xB3\x81\xE9\x97\x9C\xE6\x8E\x89\xE5\x86\x8D\xE9\x96\x8B"},
{"\xE5\xA7\x8B\xE7\xBB\x88\xE8\xB7\x9F\xE8\xB8\xAA\xE8\xB5\x84\xE6\xBA\x90\xEF\xBC\x8C\xE5\x8F\xAF\xE8\x83\xBD\xE4\xBC\x9A\xE5\xAF\xBC\xE8\x87\xB4\xE6\x80\xA7\xE8\x83\xBD\xE9\x97\xAE\xE9\xA2\x98\x0A\xEF\xBC\x8C\xE4\xBD\x86\xE4\xB9\x9F\xE5\x8F\xAF\xE8\x83\xBD\xE4\xBF\xAE\xE5\xA4\x8D\x20\x48\x55\x44\x46\x69\x78\x20\xE7\x9B\xB8\xE5\x85\xB3\xE5\xB4\xA9\xE6\xBA\x83\xEF\xBC\x81", "\xE5\xA7\x8B\xE7\xB5\x82\xE8\xB7\x9F\xE8\xB9\xA4\xE8\xB3\x87\xE6\xBA\x90\xEF\xBC\x8C\xE5\x8F\xAF\xE8\x83\xBD\xE6\x9C\x83\xE5\xB0\x8E\xE8\x87\xB4\xE6\x80\xA7\xE8\x83\xBD\xE5\x95\x8F\xE9\xA1\x8C\x0A\xEF\xBC\x8C\xE4\xBD\x86\xE4\xB9\x9F\xE5\x8F\xAF\xE8\x83\xBD\xE4\xBF\xAE\xE5\xBE\xA9\x20\x48\x55\x44\x46\x69\x78\x20\xE7\x9B\xB8\xE9\x97\x9C\xE5\xB4\xA9\xE6\xBD\xB0\xEF\xBC\x81"},
{"\xE4\xBD\xBF\xE7\x94\xA8\x20\x44\x4C\x53\x53\x20\x45\x6E\x61\x62\x6C\x65\x72\x20\xE7\x9A\x84\xE9\x83\xA8\xE5\x88\x86\xE5\x8A\x9F\xE8\x83\xBD", "\xE4\xBD\xBF\xE7\x94\xA8\x20\x44\x4C\x53\x53\x20\x45\x6E\x61\x62\x6C\x65\x72\x20\xE7\x9A\x84\xE9\x83\xA8\xE5\x88\x86\xE5\x8A\x9F\xE8\x83\xBD"},
{"\xE8\xAF\xB7\xE5\xB0\x86\x20\x64\x6C\x73\x73\x67\x5F\x74\x6F\x5F\x66\x73\x72\x33\x5F\x61\x6D\x64\x5F\x69\x73\x5F\x62\x65\x74\x74\x65\x72\x2E\x64\x6C\x6C\x20\xE6\x88\x96\x20\x64\x6C\x73\x73\x2D\x65\x6E\x61\x62\x6C\x65\x72\x2D\x68\x65\x61\x64\x6C\x65\x73\x73\x2E\x64\x6C\x6C\x20\xE6\x94\xBE\xE5\x9C\xA8\x20\x4F\x70\x74\x69\x53\x63\x61\x6C\x65\x72\x20\xE6\x97\x81\xE8\xBE\xB9", "\xE8\xAB\x8B\xE5\xB0\x87\x20\x64\x6C\x73\x73\x67\x5F\x74\x6F\x5F\x66\x73\x72\x33\x5F\x61\x6D\x64\x5F\x69\x73\x5F\x62\x65\x74\x74\x65\x72\x2E\x64\x6C\x6C\x20\xE6\x88\x96\x20\x64\x6C\x73\x73\x2D\x65\x6E\x61\x62\x6C\x65\x72\x2D\x68\x65\x61\x64\x6C\x65\x73\x73\x2E\x64\x6C\x6C\x20\xE6\x94\xBE\xE5\x9C\xA8\x20\x4F\x70\x74\x69\x53\x63\x61\x6C\x65\x72\x20\xE6\x97\x81\xE9\x82\x8A"},
{"\xE8\xBF\x99\xE7\xA7\x8D\xE6\x83\x85\xE5\x86\xB5\xE9\x80\x9A\xE5\xB8\xB8\xE6\x98\xAF\xE5\x9B\xA0\xE4\xB8\xBA\xE4\xBD\xBF\xE7\x94\xA8\xE4\xBA\x86\x20\x4E\x76\x69\x64\x69\x61\x20\x41\x70\x70\x20\xE6\x88\x96\x20\x4E\x76\x69\x64\x69\x61\x20\x49\x6E\x73\x70\x65\x63\x74\x6F\x72\x20\xE7\xAD\x89\xE5\xB7\xA5\xE5\x85\xB7\xE5\xAF\xBC\xE8\x87\xB4\xE7\x9A\x84", "\xE9\x80\x99\xE7\xA8\xAE\xE6\x83\x85\xE6\xB3\x81\xE9\x80\x9A\xE5\xB8\xB8\xE6\x98\xAF\xE5\x9B\xA0\xE7\x88\xB2\xE4\xBD\xBF\xE7\x94\xA8\xE4\xBA\x86\x20\x4E\x76\x69\x64\x69\x61\x20\x41\x70\x70\x20\xE6\x88\x96\x20\x4E\x76\x69\x64\x69\x61\x20\x49\x6E\x73\x70\x65\x63\x74\x6F\x72\x20\xE7\xAD\x89\xE5\xB7\xA5\xE5\x85\xB7\xE5\xB0\x8E\xE8\x87\xB4\xE7\x9A\x84"},
{"\xE4\xBB\x8E\x20\x55\x49\x20\xE4\xB8\xAD\xE8\xA3\x81\xE5\x88\x87\xE9\x80\x8F\xE6\x98\x8E\xE5\xBA\xA6\xE4\xBB\xA5\xE5\xB8\xAE\xE5\x8A\xA9\xE6\x8F\x92\xE5\x80\xBC\x0A\xE6\x82\xA8\xE5\x8F\xAF\xE4\xBB\xA5\xE4\xBD\xBF\xE7\x94\xA8\x20\x53\x68\x6F\x77\x20\x44\x65\x74\x65\x63\x74\x65\x64\x20\x55\x49\x20\xE6\x9F\xA5\xE7\x9C\x8B\xE5\x8C\xBA\xE5\x88\xAB\x0A\x30\x2E\x30\x20\xE4\xB8\xBA\xE8\x87\xAA\xE5\x8A\xA8", "\xE5\xBE\x9E\x20\x55\x49\x20\xE4\xB8\xAD\xE8\xA3\x81\xE5\x88\x87\xE9\x80\x8F\xE6\x98\x8E\xE5\xBA\xA6\xE4\xBB\xA5\xE5\xB9\xAB\xE5\x8A\xA9\xE6\x8F\x92\xE5\x80\xBC\x0A\xE6\x82\xA8\xE5\x8F\xAF\xE4\xBB\xA5\xE4\xBD\xBF\xE7\x94\xA8\x20\x53\x68\x6F\x77\x20\x44\x65\x74\x65\x63\x74\x65\x64\x20\x55\x49\x20\xE6\x9F\xA5\xE7\x9C\x8B\xE5\x8D\x80\xE5\x88\xA5\x0A\x30\x2E\x30\x20\xE7\x88\xB2\xE8\x87\xAA\xE5\x8B\x95"},
{"\xE5\x90\xAF\xE7\x94\xA8\x20\x46\x53\x52\x33\x2E\x31\x2D\x46\x47\x20\xE8\xB0\x83\xE8\xAF\x95\xE8\xA7\x86\xE5\x9B\xBE\x0A\x0A\xE5\xB7\xA6\xE4\xB8\x8A\xEF\xBC\x9A\xE6\xB8\xB8\xE6\x88\x8F\xE8\xBF\x90\xE5\x8A\xA8\xE7\x9F\xA2\xE9\x87\x8F\x0A\xE5\xB7\xA6\xE4\xB8\xAD\xEF\xBC\x9A\x47\x4D\x56\x20\xE6\xB7\xB1\xE5\xBA\xA6\x0A\xE5\x8F\xB3\xE4\xB8\x8A\xEF\xBC\x9A\xE5\x85\x89\xE6\xB5\x81\x20\x4D\x56\x0A\xE4\xB8\xAD\xE9\x97\xB4\xEF\xBC\x9A\xE4\xBB\x85\xE6\x8F\x92\xE5\x80\xBC\xE5\xB8\xA7\x0A\xE5\xB7\xA6\xE4\xB8\x8B\xEF\xBC\x9A\xE5\x8E\xBB\xE9\x81\xAE\xE6\x8C\xA1\xE9\x81\xAE\xE7\xBD\xA9\x0A\xE4\xB8\xAD\xE4\xB8\x8B\xEF\xBC\x9A\xE6\x8F\x92\xE5\x80\xBC\xE6\xBA\x90\xEF\xBC\x88\xE4\xB8\x8D\xE5\x90\xAB\x20\x55\x49\xEF\xBC\x89\x0A\xE5\x8F\xB3\xE4\xB8\x8B\xEF\xBC\x9A\x48\x55\x44\x6C\x65\x73\x73\x20\xE8\xB5\x84\xE6\xBA\x90", "\xE5\x95\x93\xE7\x94\xA8\x20\x46\x53\x52\x33\x2E\x31\x2D\x46\x47\x20\xE8\xAA\xBF\xE8\xA9\xA6\xE8\xA6\x96\xE5\x9C\x96\x0A\x0A\xE5\xB7\xA6\xE4\xB8\x8A\xEF\xBC\x9A\xE9\x81\x8A\xE6\x88\xB2\xE9\x81\x8B\xE5\x8B\x95\xE7\x9F\xA2\xE9\x87\x8F\x0A\xE5\xB7\xA6\xE4\xB8\xAD\xEF\xBC\x9A\x47\x4D\x56\x20\xE6\xB7\xB1\xE5\xBA\xA6\x0A\xE5\x8F\xB3\xE4\xB8\x8A\xEF\xBC\x9A\xE5\x85\x89\xE6\xB5\x81\x20\x4D\x56\x0A\xE4\xB8\xAD\xE9\x96\x93\xEF\xBC\x9A\xE5\x83\x85\xE6\x8F\x92\xE5\x80\xBC\xE5\xB9\x80\x0A\xE5\xB7\xA6\xE4\xB8\x8B\xEF\xBC\x9A\xE5\x8E\xBB\xE9\x81\xAE\xE6\x93\x8B\xE9\x81\xAE\xE7\xBD\xA9\x0A\xE4\xB8\xAD\xE4\xB8\x8B\xEF\xBC\x9A\xE6\x8F\x92\xE5\x80\xBC\xE6\xBA\x90\xEF\xBC\x88\xE4\xB8\x8D\xE5\x90\xAB\x20\x55\x49\xEF\xBC\x89\x0A\xE5\x8F\xB3\xE4\xB8\x8B\xEF\xBC\x9A\x48\x55\x44\x6C\x65\x73\x73\x20\xE8\xB3\x87\xE6\xBA\x90"},
{"\xE6\x9B\xB4\xE6\x94\xB9\xE6\xAD\xA4\xE9\x80\x89\xE9\xA1\xB9\xE5\x90\x8E\xEF\xBC\x8C\xE8\xAF\xB7\xE4\xBF\x9D\xE5\xAD\x98\x20\x49\x4E\x49\x0A\xE5\xB0\x86\xE5\x9C\xA8\xE4\xB8\x8B\xE6\xAC\xA1\xE5\x90\xAF\xE5\x8A\xA8\xE6\x97\xB6\xE7\x94\x9F\xE6\x95\x88", "\xE6\x9B\xB4\xE6\x94\xB9\xE6\xAD\xA4\xE9\x81\xB8\xE9\xA0\x85\xE5\xBE\x8C\xEF\xBC\x8C\xE8\xAB\x8B\xE4\xBF\x9D\xE5\xAD\x98\x20\x49\x4E\x49\x0A\xE5\xB0\x87\xE5\x9C\xA8\xE4\xB8\x8B\xE6\xAC\xA1\xE5\x95\x93\xE5\x8B\x95\xE6\x99\x82\xE7\x94\x9F\xE6\x95\x88"},
{"\xE5\xAE\x89\xE5\x85\xA8\xE4\xBD\x99\xE9\x87\x8F\xEF\xBC\x88\xE6\xAF\xAB\xE7\xA7\x92\xEF\xBC\x89\x0A\x46\x53\x52\x20\xE9\xBB\x98\xE8\xAE\xA4\xE5\x80\xBC\xEF\xBC\x9A\x30\x2E\x31\x6D\x73\x0A\x4F\x70\x74\x69\x20\xE9\xBB\x98\xE8\xAE\xA4\xE5\x80\xBC\xEF\xBC\x9A\x30\x2E\x30\x31\x6D\x73", "\xE5\xAE\x89\xE5\x85\xA8\xE9\xA4\x98\xE9\x87\x8F\xEF\xBC\x88\xE6\xAF\xAB\xE7\xA7\x92\xEF\xBC\x89\x0A\x46\x53\x52\x20\xE9\xBB\x98\xE8\xAA\x8D\xE5\x80\xBC\xEF\xBC\x9A\x30\x2E\x31\x6D\x73\x0A\x4F\x70\x74\x69\x20\xE9\xBB\x98\xE8\xAA\x8D\xE5\x80\xBC\xEF\xBC\x9A\x30\x2E\x30\x31\x6D\x73"},
{"\xE6\x96\xB9\xE5\xB7\xAE\xE5\x9B\xA0\xE5\xAD\x90\x0A\x46\x53\x52\x20\xE9\xBB\x98\xE8\xAE\xA4\xE5\x80\xBC\xEF\xBC\x9A\x30\x2E\x31\x0A\x4F\x70\x74\x69\x20\xE9\xBB\x98\xE8\xAE\xA4\xE5\x80\xBC\xEF\xBC\x9A\x30\x2E\x33", "\xE6\x96\xB9\xE5\xB7\xAE\xE5\x9B\xA0\xE5\xAD\x90\x0A\x46\x53\x52\x20\xE9\xBB\x98\xE8\xAA\x8D\xE5\x80\xBC\xEF\xBC\x9A\x30\x2E\x31\x0A\x4F\x70\x74\x69\x20\xE9\xBB\x98\xE8\xAA\x8D\xE5\x80\xBC\xEF\xBC\x9A\x30\x2E\x33"},
{"\xE5\x85\x81\xE8\xAE\xB8\x20\x70\x61\x63\x69\x6E\x67\x20\xE8\x87\xAA\xE6\x97\x8B\xE9\x94\x81\xE4\xBC\x91\xE7\x9C\xA0\xEF\xBC\x8C\xE5\x8F\xAF\xE9\x99\x8D\xE4\xBD\x8E\x20\x43\x50\x55\x20\xE4\xBD\xBF\xE7\x94\xA8\xE7\x8E\x87\x0A\xE5\x8F\xAF\xE8\x83\xBD\xE5\xAF\xBC\xE8\x87\xB4\x20\x46\x50\x53\x20\xE4\xB8\x8A\xE5\x8D\x87\xE7\xBC\x93\xE6\x85\xA2", "\xE5\x85\x81\xE8\xA8\xB1\x20\x70\x61\x63\x69\x6E\x67\x20\xE8\x87\xAA\xE6\x97\x8B\xE9\x8E\x96\xE4\xBC\x91\xE7\x9C\xA0\xEF\xBC\x8C\xE5\x8F\xAF\xE9\x99\x8D\xE4\xBD\x8E\x20\x43\x50\x55\x20\xE4\xBD\xBF\xE7\x94\xA8\xE7\x8E\x87\x0A\xE5\x8F\xAF\xE8\x83\xBD\xE5\xB0\x8E\xE8\x87\xB4\x20\x46\x50\x53\x20\xE4\xB8\x8A\xE5\x8D\x87\xE7\xB7\xA9\xE6\x85\xA2"},
{"\x46\x50\x54\x48\x79\x62\x72\x69\x64\x53\x70\x69\x6E\x20\xE4\xB8\xBA\x20\x74\x72\x75\x65\x20\xE6\x97\xB6\xE7\x9A\x84\xE8\x87\xAA\xE6\x97\x8B\xE6\x97\xB6\xE9\x95\xBF\xE3\x80\x82\xE4\xBB\xA5\xE8\xAE\xA1\xE6\x97\xB6\xE5\x99\xA8\xE5\x88\x86\xE8\xBE\xA8\xE7\x8E\x87\xE5\x8D\x95\xE4\xBD\x8D\xE8\xAE\xA1\xE9\x87\x8F\xE3\x80\x82\x0A\xE4\xB8\x8D\xE5\xBB\xBA\xE8\xAE\xAE\xE4\xBD\x8E\xE4\xBA\x8E\x20\x32\xEF\xBC\x8C\xE5\x90\xA6\xE5\x88\x99\xE4\xBC\x9A\xE5\xAF\xBC\xE8\x87\xB4\xE9\xA2\x91\xE7\xB9\x81\xE8\xB6\x85\xE8\xB0\x83", "\x46\x50\x54\x48\x79\x62\x72\x69\x64\x53\x70\x69\x6E\x20\xE7\x88\xB2\x20\x74\x72\x75\x65\x20\xE6\x99\x82\xE7\x9A\x84\xE8\x87\xAA\xE6\x97\x8B\xE6\x99\x82\xE9\x95\xB7\xE3\x80\x82\xE4\xBB\xA5\xE8\xA8\x88\xE6\x99\x82\xE5\x99\xA8\xE5\x88\x86\xE8\xBE\xA8\xE7\x8E\x87\xE5\x96\xAE\xE4\xBD\x8D\xE8\xA8\x88\xE9\x87\x8F\xE3\x80\x82\x0A\xE4\xB8\x8D\xE5\xBB\xBA\xE8\xAD\xB0\xE4\xBD\x8E\xE6\x96\xBC\x20\x32\xEF\xBC\x8C\xE5\x90\xA6\xE5\x89\x87\xE6\x9C\x83\xE5\xB0\x8E\xE8\x87\xB4\xE9\xA0\xBB\xE7\xB9\x81\xE8\xB6\x85\xE8\xAA\xBF"},
{"\xE5\xBF\xBD\xE7\x95\xA5\x20\x58\x65\x46\x47\x20\xE7\x9A\x84\xE6\x89\x80\xE6\x9C\x89\xE9\xA2\x84\xE6\xA3\x80\x0A\xE4\xB8\x8D\xE8\xA6\x81\xE7\x94\xA8\xE6\xAD\xA4\xE9\x80\x89\xE9\xA1\xB9\xE8\xB7\xB3\xE8\xBF\x87\x20\x55\x45\x20\xE6\xB8\xB8\xE6\x88\x8F\xE7\x9A\x84\x20\x4D\x56\x20\xE5\xB0\xBA\xE5\xAF\xB8\xE8\xAD\xA6\xE5\x91\x8A\xEF\xBC\x81\x0A\xE5\x8F\xAF\xE8\x83\xBD\xE5\xAF\xBC\xE8\x87\xB4\xE5\xB4\xA9\xE6\xBA\x83\xE5\x92\x8C\xE7\x94\xBB\xE8\xB4\xA8\xE4\xB8\x8B\xE9\x99\x8D\xEF\xBC\x81", "\xE5\xBF\xBD\xE7\x95\xA5\x20\x58\x65\x46\x47\x20\xE7\x9A\x84\xE6\x89\x80\xE6\x9C\x89\xE9\xA0\x90\xE6\xAA\xA2\x0A\xE4\xB8\x8D\xE8\xA6\x81\xE7\x94\xA8\xE6\xAD\xA4\xE9\x81\xB8\xE9\xA0\x85\xE8\xB7\xB3\xE9\x81\x8E\x20\x55\x45\x20\xE9\x81\x8A\xE6\x88\xB2\xE7\x9A\x84\x20\x4D\x56\x20\xE5\xB0\xBA\xE5\xAF\xB8\xE8\xAD\xA6\xE5\x91\x8A\xEF\xBC\x81\x0A\xE5\x8F\xAF\xE8\x83\xBD\xE5\xB0\x8E\xE8\x87\xB4\xE5\xB4\xA9\xE6\xBD\xB0\xE5\x92\x8C\xE7\x95\xAB\xE8\xB3\xAA\xE4\xB8\x8B\xE9\x99\x8D\xEF\xBC\x81"},
{"\xE7\xA6\x81\xE7\x94\xA8\x20\x48\x55\x44\x2F\x55\x49\x20\xE6\x8F\x92\xE5\x80\xBC\x0A\xE8\xBF\x98\xE5\x8E\x9F\xE4\xB8\xBA\xE4\xB9\x8B\xE5\x89\x8D\xE7\x9A\x84\x20\x58\x65\x46\x47\x20\x32\x20\xE8\xA1\x8C\xE4\xB8\xBA\x0A\x0A\xE4\xBF\xAE\xE5\xA4\x8D\xE9\x80\x8F\xE6\x98\x8E\x20\x48\x55\x44\x2F\x55\x49\x20\xE7\x9A\x84\xE4\xBC\xAA\xE5\xBD\xB1\xE9\x97\xAE\xE9\xA2\x98", "\xE7\xA6\x81\xE7\x94\xA8\x20\x48\x55\x44\x2F\x55\x49\x20\xE6\x8F\x92\xE5\x80\xBC\x0A\xE9\x82\x84\xE5\x8E\x9F\xE7\x88\xB2\xE4\xB9\x8B\xE5\x89\x8D\xE7\x9A\x84\x20\x58\x65\x46\x47\x20\x32\x20\xE8\xA1\x8C\xE7\x88\xB2\x0A\x0A\xE4\xBF\xAE\xE5\xBE\xA9\xE9\x80\x8F\xE6\x98\x8E\x20\x48\x55\x44\x2F\x55\x49\x20\xE7\x9A\x84\xE5\x83\x9E\xE5\xBD\xB1\xE5\x95\x8F\xE9\xA1\x8C"},
{"\xE5\xBC\xBA\xE5\x88\xB6\xE6\x97\xA0\xE8\xBE\xB9\xE6\xA1\x86\xE6\x98\xBE\xE7\xA4\xBA\xE6\xA8\xA1\xE5\xBC\x8F\x0A\x0A\xE4\xB8\xBA\xE8\x8E\xB7\xE5\xBE\x97\xE6\x9C\x80\xE4\xBD\xB3\xE6\x95\x88\xE6\x9E\x9C\xEF\xBC\x8C\xE8\xAF\xB7\xE5\xB0\x86\xE5\x85\xA8\xE5\xB1\x8F\xE5\x88\x86\xE8\xBE\xA8\xE7\x8E\x87\x0A\xE8\xAE\xBE\xE7\xBD\xAE\xE4\xB8\xBA\xE6\x98\xBE\xE7\xA4\xBA\xE5\x99\xA8\xE5\x88\x86\xE8\xBE\xA8\xE7\x8E\x87\x0A\xE5\x8F\xAF\xE8\x83\xBD\xE5\xAF\xBC\xE8\x87\xB4\xE4\xB8\x80\xE4\xBA\x9B\xE4\xB8\x8D\xE7\xA8\xB3\xE5\xAE\x9A\xE9\x97\xAE\xE9\xA2\x98\xE3\x80\x82\x0A\x0A\xE9\x9C\x80\xE8\xA6\x81\xE9\x87\x8D\xE5\x90\xAF\xE6\xB8\xB8\xE6\x88\x8F\xE6\x89\x8D\xE8\x83\xBD\xE7\x94\x9F\xE6\x95\x88\xEF\xBC\x81", "\xE5\xBC\xB7\xE5\x88\xB6\xE7\x84\xA1\xE9\x82\x8A\xE6\xA1\x86\xE9\xA1\xAF\xE7\xA4\xBA\xE6\xA8\xA1\xE5\xBC\x8F\x0A\x0A\xE7\x88\xB2\xE7\x8D\xB2\xE5\xBE\x97\xE6\x9C\x80\xE4\xBD\xB3\xE6\x95\x88\xE6\x9E\x9C\xEF\xBC\x8C\xE8\xAB\x8B\xE5\xB0\x87\xE5\x85\xA8\xE5\xB1\x8F\xE5\x88\x86\xE8\xBE\xA8\xE7\x8E\x87\x0A\xE8\xA8\xAD\xE7\xBD\xAE\xE7\x88\xB2\xE9\xA1\xAF\xE7\xA4\xBA\xE5\x99\xA8\xE5\x88\x86\xE8\xBE\xA8\xE7\x8E\x87\x0A\xE5\x8F\xAF\xE8\x83\xBD\xE5\xB0\x8E\xE8\x87\xB4\xE4\xB8\x80\xE4\xBA\x9B\xE4\xB8\x8D\xE7\xA9\xA9\xE5\xAE\x9A\xE5\x95\x8F\xE9\xA1\x8C\xE3\x80\x82\x0A\x0A\xE9\x9C\x80\xE8\xA6\x81\xE9\x87\x8D\xE5\x95\x93\xE9\x81\x8A\xE6\x88\xB2\xE6\x89\x8D\xE8\x83\xBD\xE7\x94\x9F\xE6\x95\x88\xEF\xBC\x81"},
{"\xE5\x9C\xA8\xE7\x9D\x80\xE8\x89\xB2\xE5\x99\xA8\xE6\x89\xA7\xE8\xA1\x8C\xE5\x89\x8D\xE5\x90\xAF\xE7\x94\xA8\xE8\xB5\x84\xE6\xBA\x90\xE6\x8D\x95\xE8\x8E\xB7\xE3\x80\x82\x0A\xE5\x8F\xAF\xE6\x8F\x90\xE9\xAB\x98\x20\x48\x75\x64\x6C\x65\x73\x73\x20\xE6\x8D\x95\xE8\x8E\xB7\xE5\x87\xA0\xE7\x8E\x87\xEF\xBC\x8C\xE4\xBD\x86\xE5\x8F\xAF\xE8\x83\xBD\xE5\xAF\xBC\xE8\x87\xB4\xE6\x8D\x95\xE8\x8E\xB7\xE4\xB8\x8D\xE5\xBF\x85\xE8\xA6\x81\xE7\x9A\x84\xE8\xB5\x84\xE6\xBA\x90\xE3\x80\x82", "\xE5\x9C\xA8\xE7\x9D\x80\xE8\x89\xB2\xE5\x99\xA8\xE5\x9F\xB7\xE8\xA1\x8C\xE5\x89\x8D\xE5\x95\x93\xE7\x94\xA8\xE8\xB3\x87\xE6\xBA\x90\xE6\x8D\x95\xE7\x8D\xB2\xE3\x80\x82\x0A\xE5\x8F\xAF\xE6\x8F\x90\xE9\xAB\x98\x20\x48\x75\x64\x6C\x65\x73\x73\x20\xE6\x8D\x95\xE7\x8D\xB2\xE5\xB9\xBE\xE7\x8E\x87\xEF\xBC\x8C\xE4\xBD\x86\xE5\x8F\xAF\xE8\x83\xBD\xE5\xB0\x8E\xE8\x87\xB4\xE6\x8D\x95\xE7\x8D\xB2\xE4\xB8\x8D\xE5\xBF\x85\xE8\xA6\x81\xE7\x9A\x84\xE8\xB3\x87\xE6\xBA\x90\xE3\x80\x82"},
{"\xE7\xA6\x81\xE7\x94\xA8\x20\x43\x72\x65\x61\x74\x65\x52\x65\x6E\x64\x65\x72\x54\x61\x72\x67\x65\x74\x56\x69\x65\x77\x20\xE7\x9A\x84\xE8\xB7\x9F\xE8\xB8\xAA\x0A\xE5\x8F\xAF\xE8\x83\xBD\xE6\x9C\x89\xE5\x8A\xA9\xE4\xBA\x8E\xE8\xBF\x87\xE6\xBB\xA4\xE9\x94\x99\xE8\xAF\xAF\xE7\x9A\x84\x20\x68\x75\x64\x6C\x65\x73\x73\x20\xE8\xB5\x84\xE6\xBA\x90", "\xE7\xA6\x81\xE7\x94\xA8\x20\x43\x72\x65\x61\x74\x65\x52\x65\x6E\x64\x65\x72\x54\x61\x72\x67\x65\x74\x56\x69\x65\x77\x20\xE7\x9A\x84\xE8\xB7\x9F\xE8\xB9\xA4\x0A\xE5\x8F\xAF\xE8\x83\xBD\xE6\x9C\x89\xE5\x8A\xA9\xE6\x96\xBC\xE9\x81\x8E\xE6\xBF\xBE\xE9\x8C\xAF\xE8\xAA\xA4\xE7\x9A\x84\x20\x68\x75\x64\x6C\x65\x73\x73\x20\xE8\xB3\x87\xE6\xBA\x90"},
{"\xE7\xA6\x81\xE7\x94\xA8\x20\x43\x72\x65\x61\x74\x65\x53\x68\x61\x64\x65\x72\x52\x65\x73\x6F\x75\x72\x63\x65\x56\x69\x65\x77\x20\xE7\x9A\x84\xE8\xB7\x9F\xE8\xB8\xAA\x0A\xE5\x8F\xAF\xE8\x83\xBD\xE6\x9C\x89\xE5\x8A\xA9\xE4\xBA\x8E\xE8\xBF\x87\xE6\xBB\xA4\xE9\x94\x99\xE8\xAF\xAF\xE7\x9A\x84\x20\x48\x75\x64\x6C\x65\x73\x73\x20\xE8\xB5\x84\xE6\xBA\x90", "\xE7\xA6\x81\xE7\x94\xA8\x20\x43\x72\x65\x61\x74\x65\x53\x68\x61\x64\x65\x72\x52\x65\x73\x6F\x75\x72\x63\x65\x56\x69\x65\x77\x20\xE7\x9A\x84\xE8\xB7\x9F\xE8\xB9\xA4\x0A\xE5\x8F\xAF\xE8\x83\xBD\xE6\x9C\x89\xE5\x8A\xA9\xE6\x96\xBC\xE9\x81\x8E\xE6\xBF\xBE\xE9\x8C\xAF\xE8\xAA\xA4\xE7\x9A\x84\x20\x48\x75\x64\x6C\x65\x73\x73\x20\xE8\xB3\x87\xE6\xBA\x90"},
{"\xE7\xA6\x81\xE7\x94\xA8\x20\x43\x72\x65\x61\x74\x65\x55\x6E\x6F\x72\x64\x65\x72\x65\x64\x41\x63\x63\x65\x73\x73\x56\x69\x65\x77\x20\xE7\x9A\x84\xE8\xB7\x9F\xE8\xB8\xAA\x0A\xE5\x8F\xAF\xE8\x83\xBD\xE6\x9C\x89\xE5\x8A\xA9\xE4\xBA\x8E\xE8\xBF\x87\xE6\xBB\xA4\xE9\x94\x99\xE8\xAF\xAF\xE7\x9A\x84\x20\x48\x75\x64\x6C\x65\x73\x73\x20\xE8\xB5\x84\xE6\xBA\x90", "\xE7\xA6\x81\xE7\x94\xA8\x20\x43\x72\x65\x61\x74\x65\x55\x6E\x6F\x72\x64\x65\x72\x65\x64\x41\x63\x63\x65\x73\x73\x56\x69\x65\x77\x20\xE7\x9A\x84\xE8\xB7\x9F\xE8\xB9\xA4\x0A\xE5\x8F\xAF\xE8\x83\xBD\xE6\x9C\x89\xE5\x8A\xA9\xE6\x96\xBC\xE9\x81\x8E\xE6\xBF\xBE\xE9\x8C\xAF\xE8\xAA\xA4\xE7\x9A\x84\x20\x48\x75\x64\x6C\x65\x73\x73\x20\xE8\xB3\x87\xE6\xBA\x90"},
{"\xE7\xA6\x81\xE7\x94\xA8\x20\x4F\x4D\x53\x65\x74\x52\x65\x6E\x64\x65\x72\x54\x61\x72\x67\x65\x74\x73\x20\xE7\x9A\x84\xE8\xB7\x9F\xE8\xB8\xAA\x0A\xE5\x8F\xAF\xE8\x83\xBD\xE6\x9C\x89\xE5\x8A\xA9\xE4\xBA\x8E\xE8\xBF\x87\xE6\xBB\xA4\xE9\x94\x99\xE8\xAF\xAF\xE7\x9A\x84\x20\x48\x75\x64\x6C\x65\x73\x73\x20\xE8\xB5\x84\xE6\xBA\x90", "\xE7\xA6\x81\xE7\x94\xA8\x20\x4F\x4D\x53\x65\x74\x52\x65\x6E\x64\x65\x72\x54\x61\x72\x67\x65\x74\x73\x20\xE7\x9A\x84\xE8\xB7\x9F\xE8\xB9\xA4\x0A\xE5\x8F\xAF\xE8\x83\xBD\xE6\x9C\x89\xE5\x8A\xA9\xE6\x96\xBC\xE9\x81\x8E\xE6\xBF\xBE\xE9\x8C\xAF\xE8\xAA\xA4\xE7\x9A\x84\x20\x48\x75\x64\x6C\x65\x73\x73\x20\xE8\xB3\x87\xE6\xBA\x90"},
{"\xE7\xA6\x81\xE7\x94\xA8\x20\x53\x65\x74\x43\x6F\x6D\x70\x75\x74\x65\x52\x6F\x6F\x74\x44\x65\x73\x63\x72\x69\x70\x74\x6F\x72\x54\x61\x62\x6C\x65\x20\xE7\x9A\x84\xE8\xB7\x9F\xE8\xB8\xAA\x0A\xE5\x8F\xAF\xE8\x83\xBD\xE6\x9C\x89\xE5\x8A\xA9\xE4\xBA\x8E\xE8\xBF\x87\xE6\xBB\xA4\xE9\x94\x99\xE8\xAF\xAF\xE7\x9A\x84\x20\x48\x75\x64\x6C\x65\x73\x73\x20\xE8\xB5\x84\xE6\xBA\x90", "\xE7\xA6\x81\xE7\x94\xA8\x20\x53\x65\x74\x43\x6F\x6D\x70\x75\x74\x65\x52\x6F\x6F\x74\x44\x65\x73\x63\x72\x69\x70\x74\x6F\x72\x54\x61\x62\x6C\x65\x20\xE7\x9A\x84\xE8\xB7\x9F\xE8\xB9\xA4\x0A\xE5\x8F\xAF\xE8\x83\xBD\xE6\x9C\x89\xE5\x8A\xA9\xE6\x96\xBC\xE9\x81\x8E\xE6\xBF\xBE\xE9\x8C\xAF\xE8\xAA\xA4\xE7\x9A\x84\x20\x48\x75\x64\x6C\x65\x73\x73\x20\xE8\xB3\x87\xE6\xBA\x90"},
{"\xE7\xA6\x81\xE7\x94\xA8\x20\x53\x65\x74\x47\x72\x61\x70\x68\x69\x63\x73\x52\x6F\x6F\x74\x44\x65\x73\x63\x72\x69\x70\x74\x6F\x72\x54\x61\x62\x6C\x65\x20\xE7\x9A\x84\xE8\xB7\x9F\xE8\xB8\xAA\x0A\xE5\x8F\xAF\xE8\x83\xBD\xE6\x9C\x89\xE5\x8A\xA9\xE4\xBA\x8E\xE8\xBF\x87\xE6\xBB\xA4\xE9\x94\x99\xE8\xAF\xAF\xE7\x9A\x84\x20\x48\x75\x64\x6C\x65\x73\x73\x20\xE8\xB5\x84\xE6\xBA\x90", "\xE7\xA6\x81\xE7\x94\xA8\x20\x53\x65\x74\x47\x72\x61\x70\x68\x69\x63\x73\x52\x6F\x6F\x74\x44\x65\x73\x63\x72\x69\x70\x74\x6F\x72\x54\x61\x62\x6C\x65\x20\xE7\x9A\x84\xE8\xB7\x9F\xE8\xB9\xA4\x0A\xE5\x8F\xAF\xE8\x83\xBD\xE6\x9C\x89\xE5\x8A\xA9\xE6\x96\xBC\xE9\x81\x8E\xE6\xBF\xBE\xE9\x8C\xAF\xE8\xAA\xA4\xE7\x9A\x84\x20\x48\x75\x64\x6C\x65\x73\x73\x20\xE8\xB3\x87\xE6\xBA\x90"},
{"\xE7\xA6\x81\xE7\x94\xA8\x20\x44\x72\x61\x77\x49\x6E\x73\x74\x61\x6E\x63\x65\x64\x20\xE7\x9A\x84\xE8\xB7\x9F\xE8\xB8\xAA\x0A\xE5\x8F\xAF\xE8\x83\xBD\xE6\x9C\x89\xE5\x8A\xA9\xE4\xBA\x8E\xE8\xBF\x87\xE6\xBB\xA4\xE9\x94\x99\xE8\xAF\xAF\xE7\x9A\x84\x20\x48\x75\x64\x6C\x65\x73\x73\x20\xE8\xB5\x84\xE6\xBA\x90", "\xE7\xA6\x81\xE7\x94\xA8\x20\x44\x72\x61\x77\x49\x6E\x73\x74\x61\x6E\x63\x65\x64\x20\xE7\x9A\x84\xE8\xB7\x9F\xE8\xB9\xA4\x0A\xE5\x8F\xAF\xE8\x83\xBD\xE6\x9C\x89\xE5\x8A\xA9\xE6\x96\xBC\xE9\x81\x8E\xE6\xBF\xBE\xE9\x8C\xAF\xE8\xAA\xA4\xE7\x9A\x84\x20\x48\x75\x64\x6C\x65\x73\x73\x20\xE8\xB3\x87\xE6\xBA\x90"},
{"\xE7\xA6\x81\xE7\x94\xA8\x20\x44\x72\x61\x77\x49\x6E\x64\x65\x78\x65\x64\x49\x6E\x73\x74\x61\x6E\x63\x65\x64\x20\xE7\x9A\x84\xE8\xB7\x9F\xE8\xB8\xAA\x0A\xE5\x8F\xAF\xE8\x83\xBD\xE6\x9C\x89\xE5\x8A\xA9\xE4\xBA\x8E\xE8\xBF\x87\xE6\xBB\xA4\xE9\x94\x99\xE8\xAF\xAF\xE7\x9A\x84\x20\x48\x75\x64\x6C\x65\x73\x73\x20\xE8\xB5\x84\xE6\xBA\x90", "\xE7\xA6\x81\xE7\x94\xA8\x20\x44\x72\x61\x77\x49\x6E\x64\x65\x78\x65\x64\x49\x6E\x73\x74\x61\x6E\x63\x65\x64\x20\xE7\x9A\x84\xE8\xB7\x9F\xE8\xB9\xA4\x0A\xE5\x8F\xAF\xE8\x83\xBD\xE6\x9C\x89\xE5\x8A\xA9\xE6\x96\xBC\xE9\x81\x8E\xE6\xBF\xBE\xE9\x8C\xAF\xE8\xAA\xA4\xE7\x9A\x84\x20\x48\x75\x64\x6C\x65\x73\x73\x20\xE8\xB3\x87\xE6\xBA\x90"},
{"\xE7\xA6\x81\xE7\x94\xA8\x20\x44\x69\x73\x70\x61\x74\x63\x68\x20\xE7\x9A\x84\xE8\xB7\x9F\xE8\xB8\xAA\x0A\xE5\x8F\xAF\xE8\x83\xBD\xE6\x9C\x89\xE5\x8A\xA9\xE4\xBA\x8E\xE8\xBF\x87\xE6\xBB\xA4\xE9\x94\x99\xE8\xAF\xAF\xE7\x9A\x84\x20\x48\x75\x64\x6C\x65\x73\x73\x20\xE8\xB5\x84\xE6\xBA\x90", "\xE7\xA6\x81\xE7\x94\xA8\x20\x44\x69\x73\x70\x61\x74\x63\x68\x20\xE7\x9A\x84\xE8\xB7\x9F\xE8\xB9\xA4\x0A\xE5\x8F\xAF\xE8\x83\xBD\xE6\x9C\x89\xE5\x8A\xA9\xE6\x96\xBC\xE9\x81\x8E\xE6\xBF\xBE\xE9\x8C\xAF\xE8\xAA\xA4\xE7\x9A\x84\x20\x48\x75\x64\x6C\x65\x73\x73\x20\xE8\xB3\x87\xE6\xBA\x90"},
{"\xE5\x8F\xAF\xE8\x83\xBD\xE6\x9C\x89\xE5\x8A\xA9\xE4\xBA\x8E\xE5\xAE\x9E\xE7\x8E\xB0\xE6\x9B\xB4\xE5\xA5\xBD\xE7\x9A\x84\xE5\x9B\xBE\xE5\x83\x8F\xE8\xB4\xA8\xE9\x87\x8F\x0A\xE5\xB9\xB6\xE5\x8F\xAF\xE8\x83\xBD\xE5\x87\x8F\xE5\xB0\x91\xE9\xAC\xBC\xE5\xBD\xB1", "\xE5\x8F\xAF\xE8\x83\xBD\xE6\x9C\x89\xE5\x8A\xA9\xE6\x96\xBC\xE5\xAF\xA6\xE7\x8F\xBE\xE6\x9B\xB4\xE5\xA5\xBD\xE7\x9A\x84\xE5\x9C\x96\xE5\x83\x8F\xE8\xB3\xAA\xE9\x87\x8F\x0A\xE4\xB8\xA6\xE5\x8F\xAF\xE8\x83\xBD\xE6\xB8\x9B\xE5\xB0\x91\xE9\xAC\xBC\xE5\xBD\xB1"},
{"\xE9\xBB\x98\xE8\xAE\xA4\xE6\x83\x85\xE5\x86\xB5\xE4\xB8\x8B\xEF\xBC\x8C\xE4\xBC\x9A\xE4\xBD\xBF\xE7\x94\xA8\x20\x46\x53\x52\x20\x4C\x61\x74\x65\x6E\x63\x79\x20\x52\x65\x64\x75\x63\x74\x69\x6F\x6E\x20\x32\x2E\x30\x2F\x58\x65\x4C\x4C\xEF\xBC\x88\xE5\x8F\xAF\xE7\x94\xA8\xE6\x97\xB6\xEF\xBC\x89\xE3\x80\x82\x0A\xE6\xAD\xA4\xE8\xAE\xBE\xE7\xBD\xAE\xE5\x8F\xAF\xE8\xAE\xA9\xE4\xBD\xA0\xE5\xBC\xBA\xE5\x88\xB6\xE4\xBD\xBF\xE7\x94\xA8\x20\x4C\x61\x74\x65\x6E\x63\x79\x46\x6C\x65\x78\x20\xE6\x9B\xBF\xE4\xBB\xA3", "\xE9\xBB\x98\xE8\xAA\x8D\xE6\x83\x85\xE6\xB3\x81\xE4\xB8\x8B\xEF\xBC\x8C\xE6\x9C\x83\xE4\xBD\xBF\xE7\x94\xA8\x20\x46\x53\x52\x20\x4C\x61\x74\x65\x6E\x63\x79\x20\x52\x65\x64\x75\x63\x74\x69\x6F\x6E\x20\x32\x2E\x30\x2F\x58\x65\x4C\x4C\xEF\xBC\x88\xE5\x8F\xAF\xE7\x94\xA8\xE6\x99\x82\xEF\xBC\x89\xE3\x80\x82\x0A\xE6\xAD\xA4\xE8\xA8\xAD\xE7\xBD\xAE\xE5\x8F\xAF\xE8\xAE\x93\xE4\xBD\xA0\xE5\xBC\xB7\xE5\x88\xB6\xE4\xBD\xBF\xE7\x94\xA8\x20\x4C\x61\x74\x65\x6E\x63\x79\x46\x6C\x65\x78\x20\xE6\x9B\xBF\xE4\xBB\xA3"},
{"\xE5\x85\x81\xE8\xAE\xB8\x20\x58\x65\x4C\x4C\x20\xE5\x9C\xA8\xE9\x9D\x9E\x20\x49\x6E\x74\x65\x6C\x20\xE6\x98\xBE\xE5\x8D\xA1\xE4\xB8\x8A\xE6\x97\xA0\xE9\x9C\x80\x20\x46\x47\x20\xE5\xB7\xA5\xE4\xBD\x9C\xE3\x80\x82\x0A\x0A\xE7\xA6\x81\xE7\x94\xA8\x20\x46\x47\x20\xE9\x80\x89\xE9\xA1\xB9\x0A\x0A\xE9\x9C\x80\xE8\xA6\x81\xE9\x87\x8D\xE5\x90\xAF", "\xE5\x85\x81\xE8\xA8\xB1\x20\x58\x65\x4C\x4C\x20\xE5\x9C\xA8\xE9\x9D\x9E\x20\x49\x6E\x74\x65\x6C\x20\xE9\xA1\xAF\xE5\x8D\xA1\xE4\xB8\x8A\xE7\x84\xA1\xE9\x9C\x80\x20\x46\x47\x20\xE5\xB7\xA5\xE4\xBD\x9C\xE3\x80\x82\x0A\x0A\xE7\xA6\x81\xE7\x94\xA8\x20\x46\x47\x20\xE9\x81\xB8\xE9\xA0\x85\x0A\x0A\xE9\x9C\x80\xE8\xA6\x81\xE9\x87\x8D\xE5\x95\x93"},
{"\xE5\x90\xAF\xE7\x94\xA8\x20\x44\x41\x20\x2B\x20\x4D\x41\x53\x20\xE8\xB0\x83\xE8\xAF\x95\xE8\xA7\x86\xE5\x9B\xBE\x0A\x44\x41\x20\xE6\xA3\x80\xE6\xB5\x8B\xE5\x88\xB0\xE7\x9A\x84\xE8\xBE\xB9\xE7\xBC\x98\xE6\x98\xBE\xE7\xA4\xBA\xE8\x93\x9D\xE8\x89\xB2\xE8\xB0\x83\x0A\x0A\xE7\xBA\xA2\xE8\x89\xB2\xE5\x8C\xBA\xE5\x9F\x9F\xE8\xB6\x8A\xE5\xA4\x9A\xEF\xBC\x8C\xE9\x94\x90\xE5\x8C\x96\xE7\xA8\x8B\xE5\xBA\xA6\xE8\xB6\x8A\xE9\xAB\x98\x0A\xE7\xBB\xBF\xE8\x89\xB2\xE5\x8C\xBA\xE5\x9F\x9F\xE9\x94\x90\xE5\x8C\x96\xE7\xA8\x8B\xE5\xBA\xA6\xE9\x99\x8D\xE4\xBD\x8E", "\xE5\x95\x93\xE7\x94\xA8\x20\x44\x41\x20\x2B\x20\x4D\x41\x53\x20\xE8\xAA\xBF\xE8\xA9\xA6\xE8\xA6\x96\xE5\x9C\x96\x0A\x44\x41\x20\xE6\xAA\xA2\xE6\xB8\xAC\xE5\x88\xB0\xE7\x9A\x84\xE9\x82\x8A\xE7\xB7\xA3\xE9\xA1\xAF\xE7\xA4\xBA\xE8\x97\x8D\xE8\x89\xB2\xE8\xAA\xBF\x0A\x0A\xE7\xB4\x85\xE8\x89\xB2\xE5\x8D\x80\xE5\x9F\x9F\xE8\xB6\x8A\xE5\xA4\x9A\xEF\xBC\x8C\xE9\x8A\xB3\xE5\x8C\x96\xE7\xA8\x8B\xE5\xBA\xA6\xE8\xB6\x8A\xE9\xAB\x98\x0A\xE7\xB6\xA0\xE8\x89\xB2\xE5\x8D\x80\xE5\x9F\x9F\xE9\x8A\xB3\xE5\x8C\x96\xE7\xA8\x8B\xE5\xBA\xA6\xE9\x99\x8D\xE4\xBD\x8E"},
{"\xE5\x86\x85\xE9\x83\xA8\xE5\xB0\x86\xE5\x9B\xBE\xE5\x83\x8F\xE4\xB8\x8A\xE9\x87\x87\xE6\xA0\xB7\xE5\x88\xB0\xE6\x9B\xB4\xE9\xAB\x98\xE7\x9A\x84\xE8\xBE\x93\xE5\x87\xBA\xE5\x88\x86\xE8\xBE\xA8\xE7\x8E\x87\x0A\xE7\x84\xB6\xE5\x90\x8E\xE9\x99\x8D\xE9\x87\x87\xE6\xA0\xB7\xE5\x9B\x9E\xE4\xBD\xA0\xE7\x9A\x84\xE6\x98\xBE\xE7\xA4\xBA\xE5\x88\x86\xE8\xBE\xA8\xE7\x8E\x87\x0A\x0A\xE5\x80\xBC\x20\x3C\x31\x2E\x30\x20\xE4\xBD\xBF\xE4\xB8\x8A\xE9\x87\x87\xE6\xA0\xB7\xE5\x99\xA8\xE6\x9B\xB4\xE7\x9C\x81\xE6\x80\xA7\xE8\x83\xBD\x0A\xE5\x80\xBC\x20\x3E\x31\x2E\x30\x20\xE4\xBD\xBF\xE5\x9B\xBE\xE5\x83\x8F\xE6\x9B\xB4\xE9\x94\x90\xE5\x88\xA9\xEF\xBC\x8C\xE4\xBD\x86\xE7\x89\xBA\xE7\x89\xB2\xE6\x80\xA7\xE8\x83\xBD\x0A\x0A\xE5\xA6\x82\xE6\x9E\x9C\xE7\x81\xB0\xE8\x89\xB2\xE4\xB8\x8D\xE5\x8F\xAF\xE7\x94\xA8\xEF\xBC\x8C\xE8\xAF\xB7\xE6\x9F\xA5\xE7\x9C\x8B\x20\x47\x69\x74\x20\x57\x69\x6B\x69\x20\x2D\x20\x55\x6E\x72\x65\x61\x6C\x20\x45\x6E\x67\x69\x6E\x65\x20\xE8\xB0\x83\xE6\x95\xB4\x0A\x0A\xE5\xBA\x95\xE9\x83\xA8\xE6\x98\xBE\xE7\xA4\xBA\xE7\x9B\xAE\xE6\xA0\x87\xE5\x88\x86\xE8\xBE\xA8\xE7\x8E\x87\xE5\x92\x8C\xE6\x80\xBB\xE6\xAF\x94\xE4\xBE\x8B\xEF\xBC\x88\xE6\x9C\x80\xE5\xA4\xA7\xE6\x80\xBB\xE6\xAF\x94\xE4\xBE\x8B\x20\x33\x2E\x30\xEF\xBC\x81\xEF\xBC\x89", "\xE5\x85\xA7\xE9\x83\xA8\xE5\xB0\x87\xE5\x9C\x96\xE5\x83\x8F\xE4\xB8\x8A\xE6\x8E\xA1\xE6\xA8\xA3\xE5\x88\xB0\xE6\x9B\xB4\xE9\xAB\x98\xE7\x9A\x84\xE8\xBC\xB8\xE5\x87\xBA\xE5\x88\x86\xE8\xBE\xA8\xE7\x8E\x87\x0A\xE7\x84\xB6\xE5\xBE\x8C\xE9\x99\x8D\xE6\x8E\xA1\xE6\xA8\xA3\xE5\x9B\x9E\xE4\xBD\xA0\xE7\x9A\x84\xE9\xA1\xAF\xE7\xA4\xBA\xE5\x88\x86\xE8\xBE\xA8\xE7\x8E\x87\x0A\x0A\xE5\x80\xBC\x20\x3C\x31\x2E\x30\x20\xE4\xBD\xBF\xE4\xB8\x8A\xE6\x8E\xA1\xE6\xA8\xA3\xE5\x99\xA8\xE6\x9B\xB4\xE7\x9C\x81\xE6\x80\xA7\xE8\x83\xBD\x0A\xE5\x80\xBC\x20\x3E\x31\x2E\x30\x20\xE4\xBD\xBF\xE5\x9C\x96\xE5\x83\x8F\xE6\x9B\xB4\xE9\x8A\xB3\xE5\x88\xA9\xEF\xBC\x8C\xE4\xBD\x86\xE7\x8A\xA7\xE7\x89\xB2\xE6\x80\xA7\xE8\x83\xBD\x0A\x0A\xE5\xA6\x82\xE6\x9E\x9C\xE7\x81\xB0\xE8\x89\xB2\xE4\xB8\x8D\xE5\x8F\xAF\xE7\x94\xA8\xEF\xBC\x8C\xE8\xAB\x8B\xE6\x9F\xA5\xE7\x9C\x8B\x20\x47\x69\x74\x20\x57\x69\x6B\x69\x20\x2D\x20\x55\x6E\x72\x65\x61\x6C\x20\x45\x6E\x67\x69\x6E\x65\x20\xE8\xAA\xBF\xE6\x95\xB4\x0A\x0A\xE5\xBA\x95\xE9\x83\xA8\xE9\xA1\xAF\xE7\xA4\xBA\xE7\x9B\xAE\xE6\xA8\x99\xE5\x88\x86\xE8\xBE\xA8\xE7\x8E\x87\xE5\x92\x8C\xE7\xB8\xBD\xE6\xAF\x94\xE4\xBE\x8B\xEF\xBC\x88\xE6\x9C\x80\xE5\xA4\xA7\xE7\xB8\xBD\xE6\xAF\x94\xE4\xBE\x8B\x20\x33\x2E\x30\xEF\xBC\x81\xEF\xBC\x89"},
{"\x56\x61\x6C\x75\x65\x20\x6F\x66\x20\x30\x2E\x30\x66\x20\x63\x61\x6E\x20\x69\x6D\x70\x72\x6F\x76\x65\x20\x74\x65\x6D\x70\x6F\x72\x61\x6C\x20\x73\x74\x61\x62\x69\x6C\x69\x74\x79\x20\x6F\x66\x20\x62\x72\x69\x67\x68\x74\x20\x70\x69\x78\x65\x6C\x73\x5C\x6E\x4C\x6F\x77\x65\x72\x20\x76\x61\x6C\x75\x65\x73\x20\x61\x72\x65\x20\x6D\x6F\x72\x65\x20\x73\x74\x61\x62\x6C\x65\x20\x77\x69\x74\x68\x20\x67\x68\x6F\x73\x74\x69\x6E\x67\x5C\x6E\x48\x69\x67\x68\x65\x72\x20\x76\x61\x6C\x75\x65\x73\x20\x61\x72\x65\x20\x6D\x6F\x72\x65\x20\x70\x69\x78\x65\x6C\x6C\x79\x20\x62\x75\x74\x20\x6C\x65\x73\x73\x20\x67\x68\x6F\x73\x74\x69\x6E\x67\x2E", "\x56\x61\x6C\x75\x65\x20\x6F\x66\x20\x30\x2E\x30\x66\x20\x63\x61\x6E\x20\x69\x6D\x70\x72\x6F\x76\x65\x20\x74\x65\x6D\x70\x6F\x72\x61\x6C\x20\x73\x74\x61\x62\x69\x6C\x69\x74\x79\x20\x6F\x66\x20\x62\x72\x69\x67\x68\x74\x20\x70\x69\x78\x65\x6C\x73\x5C\x6E\x4C\x6F\x77\x65\x72\x20\x76\x61\x6C\x75\x65\x73\x20\x61\x72\x65\x20\x6D\x6F\x72\x65\x20\x73\x74\x61\x62\x6C\x65\x20\x77\x69\x74\x68\x20\x67\x68\x6F\x73\x74\x69\x6E\x67\x5C\x6E\x48\x69\x67\x68\x65\x72\x20\x76\x61\x6C\x75\x65\x73\x20\x61\x72\x65\x20\x6D\x6F\x72\x65\x20\x70\x69\x78\x65\x6C\x6C\x79\x20\x62\x75\x74\x20\x6C\x65\x73\x73\x20\x67\x68\x6F\x73\x74\x69\x6E\x67\x2E"},
{"\x43\x6F\x72\x72\x65\x73\x70\x6F\x6E\x64\x73\x20\x74\x6F\x20\x61\x6D\x6F\x75\x6E\x74\x20\x6F\x66\x20\x61\x63\x63\x75\x6D\x75\x6C\x61\x74\x69\x6F\x6E\x20\x61\x64\x64\x65\x64\x20\x70\x65\x72\x20\x66\x72\x61\x6D\x65\x5C\x6E\x61\x74\x20\x70\x69\x78\x65\x6C\x20\x63\x6F\x6F\x72\x64\x69\x6E\x61\x74\x65\x20\x77\x68\x65\x72\x65\x20\x64\x69\x73\x6F\x63\x63\x6C\x75\x73\x69\x6F\x6E\x20\x6F\x63\x63\x75\x72\x65\x64\x20\x6F\x72\x20\x77\x68\x65\x6E\x5C\x6E\x72\x65\x61\x63\x74\x69\x76\x65\x20\x6D\x61\x73\x6B\x20\x76\x61\x6C\x75\x65\x20\x69\x73\x20\x3E\x20\x30\x2E\x30\x66\x2E\x20\x44\x65\x63\x72\x65\x61\x73\x69\x6E\x67\x20\x74\x68\x69\x73\x20\x61\x6E\x64\x20\x5C\x6E\x64\x72\x61\x77\x69\x6E\x67\x20\x74\x68\x65\x20\x67\x68\x6F\x73\x74\x69\x6E\x67\x20\x6F\x62\x6A\x65\x63\x74\x20\x28\x49\x45\x20\x6E\x6F\x20\x6D\x76\x29\x20\x74\x6F\x20\x72\x65\x61\x63\x74\x69\x76\x65\x20\x6D\x61\x73\x6B\x20\x5C\x6E\x77\x69\x74\x68\x20\x76\x61\x6C\x75\x65\x20\x63\x6C\x6F\x73\x65\x20\x74\x6F\x20\x31\x2E\x30\x66\x20\x63\x61\x6E\x20\x64\x65\x63\x72\x65\x61\x73\x65\x20\x74\x65\x6D\x70\x6F\x72\x61\x6C\x20\x67\x68\x6F\x73\x74\x69\x6E\x67\x2E\x5C\x6E\x44\x65\x63\x72\x65\x61\x73\x69\x6E\x67\x20\x74\x68\x69\x73\x20\x63\x6F\x75\x6C\x64\x20\x72\x65\x73\x75\x6C\x74\x20\x69\x6E\x20\x6D\x6F\x72\x65\x20\x74\x68\x69\x6E\x20\x66\x65\x61\x74\x75\x72\x65\x20\x70\x69\x78\x65\x6C\x73\x20\x66\x6C\x69\x63\x6B\x65\x72\x69\x6E\x67\x2E", "\x43\x6F\x72\x72\x65\x73\x70\x6F\x6E\x64\x73\x20\x74\x6F\x20\x61\x6D\x6F\x75\x6E\x74\x20\x6F\x66\x20\x61\x63\x63\x75\x6D\x75\x6C\x61\x74\x69\x6F\x6E\x20\x61\x64\x64\x65\x64\x20\x70\x65\x72\x20\x66\x72\x61\x6D\x65\x5C\x6E\x61\x74\x20\x70\x69\x78\x65\x6C\x20\x63\x6F\x6F\x72\x64\x69\x6E\x61\x74\x65\x20\x77\x68\x65\x72\x65\x20\x64\x69\x73\x6F\x63\x63\x6C\x75\x73\x69\x6F\x6E\x20\x6F\x63\x63\x75\x72\x65\x64\x20\x6F\x72\x20\x77\x68\x65\x6E\x5C\x6E\x72\x65\x61\x63\x74\x69\x76\x65\x20\x6D\x61\x73\x6B\x20\x76\x61\x6C\x75\x65\x20\x69\x73\x20\x3E\x20\x30\x2E\x30\x66\x2E\x20\x44\x65\x63\x72\x65\x61\x73\x69\x6E\x67\x20\x74\x68\x69\x73\x20\x61\x6E\x64\x20\x5C\x6E\x64\x72\x61\x77\x69\x6E\x67\x20\x74\x68\x65\x20\x67\x68\x6F\x73\x74\x69\x6E\x67\x20\x6F\x62\x6A\x65\x63\x74\x20\x28\x49\x45\x20\x6E\x6F\x20\x6D\x76\x29\x20\x74\x6F\x20\x72\x65\x61\x63\x74\x69\x76\x65\x20\x6D\x61\x73\x6B\x20\x5C\x6E\x77\x69\x74\x68\x20\x76\x61\x6C\x75\x65\x20\x63\x6C\x6F\x73\x65\x20\x74\x6F\x20\x31\x2E\x30\x66\x20\x63\x61\x6E\x20\x64\x65\x63\x72\x65\x61\x73\x65\x20\x74\x65\x6D\x70\x6F\x72\x61\x6C\x20\x67\x68\x6F\x73\x74\x69\x6E\x67\x2E\x5C\x6E\x44\x65\x63\x72\x65\x61\x73\x69\x6E\x67\x20\x74\x68\x69\x73\x20\x63\x6F\x75\x6C\x64\x20\x72\x65\x73\x75\x6C\x74\x20\x69\x6E\x20\x6D\x6F\x72\x65\x20\x74\x68\x69\x6E\x20\x66\x65\x61\x74\x75\x72\x65\x20\x70\x69\x78\x65\x6C\x73\x20\x66\x6C\x69\x63\x6B\x65\x72\x69\x6E\x67\x2E"},
{"\x49\x6E\x63\x72\x65\x61\x73\x69\x6E\x67\x20\x74\x68\x69\x73\x20\x76\x61\x6C\x75\x65\x20\x6D\x61\x79\x20\x72\x65\x64\x75\x63\x65\x20\x77\x68\x69\x74\x65\x20\x70\x69\x78\x65\x6C\x20\x74\x65\x6D\x70\x6F\x72\x61\x6C\x5C\x6E\x66\x6C\x69\x63\x6B\x65\x72\x69\x6E\x67\x20\x61\x72\x6F\x75\x6E\x64\x20\x73\x77\x61\x79\x69\x6E\x67\x20\x74\x68\x69\x6E\x20\x6F\x62\x6A\x65\x63\x74\x73\x20\x74\x68\x61\x74\x20\x61\x72\x65\x20\x64\x69\x73\x6F\x63\x63\x6C\x75\x64\x69\x6E\x67\x20\x5C\x6E\x6F\x6E\x65\x20\x61\x6E\x6F\x74\x68\x65\x72\x20\x6F\x66\x74\x65\x6E\x2E\x20\x54\x6F\x6F\x20\x68\x69\x67\x68\x20\x76\x61\x6C\x75\x65\x20\x6D\x61\x79\x20\x69\x6E\x63\x72\x65\x61\x73\x65\x20\x67\x68\x6F\x73\x74\x69\x6E\x67\x2E", "\x49\x6E\x63\x72\x65\x61\x73\x69\x6E\x67\x20\x74\x68\x69\x73\x20\x76\x61\x6C\x75\x65\x20\x6D\x61\x79\x20\x72\x65\x64\x75\x63\x65\x20\x77\x68\x69\x74\x65\x20\x70\x69\x78\x65\x6C\x20\x74\x65\x6D\x70\x6F\x72\x61\x6C\x5C\x6E\x66\x6C\x69\x63\x6B\x65\x72\x69\x6E\x67\x20\x61\x72\x6F\x75\x6E\x64\x20\x73\x77\x61\x79\x69\x6E\x67\x20\x74\x68\x69\x6E\x20\x6F\x62\x6A\x65\x63\x74\x73\x20\x74\x68\x61\x74\x20\x61\x72\x65\x20\x64\x69\x73\x6F\x63\x63\x6C\x75\x64\x69\x6E\x67\x20\x5C\x6E\x6F\x6E\x65\x20\x61\x6E\x6F\x74\x68\x65\x72\x20\x6F\x66\x74\x65\x6E\x2E\x20\x54\x6F\x6F\x20\x68\x69\x67\x68\x20\x76\x61\x6C\x75\x65\x20\x6D\x61\x79\x20\x69\x6E\x63\x72\x65\x61\x73\x65\x20\x67\x68\x6F\x73\x74\x69\x6E\x67\x2E"},
{"\x53\x65\x6C\x65\x63\x74\x20\x73\x6F\x75\x72\x63\x65\x20\x66\x6F\x72\x20\x66\x72\x61\x6D\x65\x74\x69\x6D\x65\x5C\x6E\x4D\x69\x67\x68\x74\x20\x68\x65\x6C\x70\x20\x66\x72\x61\x6D\x65\x20\x70\x61\x63\x69\x6E\x67\x20\x61\x6E\x64\x20\x73\x74\x75\x74\x74\x65\x72\x20\x69\x73\x73\x75\x65\x73", "\x53\x65\x6C\x65\x63\x74\x20\x73\x6F\x75\x72\x63\x65\x20\x66\x6F\x72\x20\x66\x72\x61\x6D\x65\x74\x69\x6D\x65\x5C\x6E\x4D\x69\x67\x68\x74\x20\x68\x65\x6C\x70\x20\x66\x72\x61\x6D\x65\x20\x70\x61\x63\x69\x6E\x67\x20\x61\x6E\x64\x20\x73\x74\x75\x74\x74\x65\x72\x20\x69\x73\x73\x75\x65\x73"},
{"\x56\x61\x72\x69\x61\x6E\x63\x65\x20\x66\x61\x63\x74\x6F\x72\x5C\x6E\x46\x53\x52\x20\x64\x65\x66\x61\x75\x6C\x74\x20\x76\x61\x6C\x75\x65\x3A\x20\x30\x2E\x31\x5C\x6E\x4F\x70\x74\x69\x20\x64\x65\x66\x61\x75\x6C\x74\x20\x76\x61\x6C\x75\x65\x3A\x20\x30\x2E\x33", "\x56\x61\x72\x69\x61\x6E\x63\x65\x20\x66\x61\x63\x74\x6F\x72\x5C\x6E\x46\x53\x52\x20\x64\x65\x66\x61\x75\x6C\x74\x20\x76\x61\x6C\x75\x65\x3A\x20\x30\x2E\x31\x5C\x6E\x4F\x70\x74\x69\x20\x64\x65\x66\x61\x75\x6C\x74\x20\x76\x61\x6C\x75\x65\x3A\x20\x30\x2E\x33"},
{"\x4D\x69\x67\x68\x74\x20\x62\x65\x20\x72\x65\x71\x75\x69\x72\x65\x64\x20\x66\x6F\x72\x20\x73\x6F\x6D\x65\x20\x73\x65\x74\x73\x20\x6F\x66\x20\x44\x69\x73\x70\x61\x74\x63\x68\x46\x6C\x61\x67\x73", "\x4D\x69\x67\x68\x74\x20\x62\x65\x20\x72\x65\x71\x75\x69\x72\x65\x64\x20\x66\x6F\x72\x20\x73\x6F\x6D\x65\x20\x73\x65\x74\x73\x20\x6F\x66\x20\x44\x69\x73\x70\x61\x74\x63\x68\x46\x6C\x61\x67\x73"},
{"\x52\x65\x71\x75\x69\x72\x65\x64\x20\x66\x6F\x72\x20\x44\x65\x62\x75\x67\x20\x66\x6C\x61\x67\x73\x20\x74\x6F\x20\x77\x6F\x72\x6B\x20\x63\x6F\x72\x72\x65\x63\x74\x6C\x79", "\x52\x65\x71\x75\x69\x72\x65\x64\x20\x66\x6F\x72\x20\x44\x65\x62\x75\x67\x20\x66\x6C\x61\x67\x73\x20\x74\x6F\x20\x77\x6F\x72\x6B\x20\x63\x6F\x72\x72\x65\x63\x74\x6C\x79"},
{"\x55\x73\x65\x20\x41\x4D\x44\x27\x73\x20\x52\x43\x41\x53\x5C\x6E\x4D\x6F\x64\x69\x66\x69\x65\x64\x20\x74\x6F\x20\x61\x64\x64\x20\x43\x6F\x6E\x74\x72\x61\x73\x74\x20\x70\x61\x72\x61\x6D\x65\x74\x65\x72\x5C\x6E\x61\x6E\x64\x20\x4D\x41\x53\x20\x73\x75\x70\x70\x6F\x72\x74", "\x55\x73\x65\x20\x41\x4D\x44\x27\x73\x20\x52\x43\x41\x53\x5C\x6E\x4D\x6F\x64\x69\x66\x69\x65\x64\x20\x74\x6F\x20\x61\x64\x64\x20\x43\x6F\x6E\x74\x72\x61\x73\x74\x20\x70\x61\x72\x61\x6D\x65\x74\x65\x72\x5C\x6E\x61\x6E\x64\x20\x4D\x41\x53\x20\x73\x75\x70\x70\x6F\x72\x74"},
{"\xE4\xBD\xBF\xE7\x94\xA8\xE4\xB8\xBB\xE9\xA2\x98\xE9\xA2\x9C\xE8\x89\xB2", "\xE4\xBD\xBF\xE7\x94\xA8\xE4\xB8\xBB\xE9\xA1\x8C\xE9\xA1\x8F\xE8\x89\xB2"},
{"\x44\x4D\x46\x47\x20\x46\x50\x53\x20\xE7\x9B\xAE\xE6\xA0\x87", "\x44\x4D\x46\x47\x20\x46\x50\x53\x20\xE7\x9B\xAE\xE6\xA8\x99"},
{"\x48\x55\x44\x20\xE6\x88\xAA\xE6\x96\xAD", "\x48\x55\x44\x20\xE6\x88\xAA\xE6\x96\xB7"},
{"\xE6\x98\xBE\xE7\xA4\xBA\xE8\xB0\x83\xE8\xAF\x95", "\xE9\xA1\xAF\xE7\xA4\xBA\xE8\xAA\xBF\xE8\xA9\xA6"},
{"\xE6\xA8\xA1\xE5\x9E\x8B\x20\x30", "\xE6\xA8\xA1\xE5\x9E\x8B\x20\x30"},
{"\xE6\xA8\xA1\xE5\x9E\x8B\x20\x31", "\xE6\xA8\xA1\xE5\x9E\x8B\x20\x31"},
{"\xE6\xA8\xA1\xE5\x9E\x8B\x20\x32", "\xE6\xA8\xA1\xE5\x9E\x8B\x20\x32"},
{"\xE6\xA8\xA1\xE5\x9E\x8B\x20\x33", "\xE6\xA8\xA1\xE5\x9E\x8B\x20\x33"},
{"\xE6\xA8\xA1\xE5\x9E\x8B\x20\x34", "\xE6\xA8\xA1\xE5\x9E\x8B\x20\x34"},
{"\xE6\xA8\xA1\xE5\x9E\x8B\x20\x35", "\xE6\xA8\xA1\xE5\x9E\x8B\x20\x35"},
{"\xE4\xBF\x9D\xE5\xAD\x98\x20\x49\x4E\x49\x20\xE5\xB9\xB6\xE9\x87\x8D\xE5\x90\xAF\xE4\xBB\xA5\xE5\xBA\x94\xE7\x94\xA8\xE6\x9B\xB4\xE6\x94\xB9", "\xE4\xBF\x9D\xE5\xAD\x98\x20\x49\x4E\x49\x20\xE4\xB8\xA6\xE9\x87\x8D\xE5\x95\x93\xE4\xBB\xA5\xE6\x87\x89\xE7\x94\xA8\xE6\x9B\xB4\xE6\x94\xB9"},
{"\xE5\xB8\xA7\xE7\x94\x9F\xE6\x88\x90\x20\x28\x44\x4C\x53\x53\x47\x29", "\xE5\xB9\x80\xE7\x94\x9F\xE6\x88\x90\x20\x28\x44\x4C\x53\x53\x47\x29"},
{"\xE5\x8E\x9F\xE5\xA7\x8B\x20\x44\x69\x73\x70\x61\x74\x63\x68\x46\x6C\x61\x67\x73\x3A", "\xE5\x8E\x9F\xE5\xA7\x8B\x20\x44\x69\x73\x70\x61\x74\x63\x68\x46\x6C\x61\x67\x73\x3A"},
{"\xE6\xBF\x80\xE6\xB4\xBB\x20\x44\x69\x73\x70\x61\x74\x63\x68\x46\x6C\x61\x67\x73\x3A", "\xE6\xBF\x80\xE6\xB4\xBB\x20\x44\x69\x73\x70\x61\x74\x63\x68\x46\x6C\x61\x67\x73\x3A"},
{"\x4E\x75\x6B\x65\x6D\x2F\x41\x72\x74\x75\x72\x20\x44\x4C\x53\x53\x47", "\x4E\x75\x6B\x65\x6D\x2F\x41\x72\x74\x75\x72\x20\x44\x4C\x53\x53\x47"},
{"\xE4\xBB\x85\xE9\x99\x90\x20\x46\x53\x52\x33\x2D\x46\x47\x0A\x0A\xE5\xBC\x80\xE7\xAE\xB1\xE5\x8D\xB3\xE6\x94\xAF\xE6\x8C\x81\x20\x48\x75\x64\x6C\x65\x73\x73\x0A\x0A\xE4\xBD\xBF\xE7\x94\xA8\x20\x53\x74\x72\x65\x61\x6D\x6C\x69\x6E\x65\x20\xE4\xBA\xA4\xE6\x8D\xA2\xE9\x93\xBE\xE8\xBF\x9B\xE8\xA1\x8C\xE8\x8A\x82\xE5\xA5\x8F\xE6\x8E\xA7\xE5\x88\xB6", "\xE5\x83\x85\xE9\x99\x90\x20\x46\x53\x52\x33\x2D\x46\x47\x0A\x0A\xE9\x96\x8B\xE7\xAE\xB1\xE5\x8D\xB3\xE6\x94\xAF\xE6\x8C\x81\x20\x48\x75\x64\x6C\x65\x73\x73\x0A\x0A\xE4\xBD\xBF\xE7\x94\xA8\x20\x53\x74\x72\x65\x61\x6D\x6C\x69\x6E\x65\x20\xE4\xBA\xA4\xE6\x8F\x9B\xE9\x8F\x88\xE9\x80\xB2\xE8\xA1\x8C\xE7\xAF\x80\xE5\xA5\x8F\xE6\x8E\xA7\xE5\x88\xB6"},
{"\x46\x53\x52\x20\x33\x2E\x31\x20\x46\x47", "\x46\x53\x52\x20\x33\x2E\x31\x20\x46\x47"},
{"\xE5\x8F\xAF\xE4\xB8\x8E\xE4\xBB\xBB\xE4\xBD\x95\x20\x46\x47\x20\xE8\xBE\x93\xE5\x87\xBA\xE9\x85\x8D\xE5\x90\x88\xE4\xBD\xBF\xE7\x94\xA8\x0A\x0A\xE5\xBC\x80\xE7\xAE\xB1\xE5\x8D\xB3\xE6\x94\xAF\xE6\x8C\x81\x20\x48\x75\x64\x6C\x65\x73\x73", "\xE5\x8F\xAF\xE8\x88\x87\xE4\xBB\xBB\xE4\xBD\x95\x20\x46\x47\x20\xE8\xBC\xB8\xE5\x87\xBA\xE9\x85\x8D\xE5\x90\x88\xE4\xBD\xBF\xE7\x94\xA8\x0A\x0A\xE9\x96\x8B\xE7\xAE\xB1\xE5\x8D\xB3\xE6\x94\xAF\xE6\x8C\x81\x20\x48\x75\x64\x6C\x65\x73\x73"},
{"\x44\x4C\x53\x53\x47\xEF\xBC\x88\xE9\x80\x9A\xE8\xBF\x87\x20\x53\x74\x72\x65\x61\x6D\x6C\x69\x6E\x65\xEF\xBC\x89", "\x44\x4C\x53\x53\x47\xEF\xBC\x88\xE9\x80\x9A\xE9\x81\x8E\x20\x53\x74\x72\x65\x61\x6D\x6C\x69\x6E\x65\xEF\xBC\x89"},
{"\x46\x53\x52\x20\x33\x2E\x30\x20\x46\x47", "\x46\x53\x52\x20\x33\x2E\x30\x20\x46\x47"},
{"\xE9\x9C\x80\xE5\x90\xAF\xE7\x94\xA8\xE8\xB6\x85\xE5\x88\x86\xE8\xBE\xA8\xE7\x8E\x87\x0A\x0A\xE5\x8F\xAF\xE4\xB8\x8E\xE4\xBB\xBB\xE4\xBD\x95\x20\x46\x47\x20\xE8\xBE\x93\xE5\x87\xBA\xE9\x85\x8D\xE5\x90\x88\xE4\xBD\xBF\xE7\x94\xA8\xEF\xBC\x8C\xE4\xBD\x86\xE5\x8F\xAF\xE8\x83\xBD\xE5\x9C\xA8\xE6\x9F\x90\xE4\xBA\x9B\xE6\x83\x85\xE5\x86\xB5\xE4\xB8\x8B\xE4\xB8\x8D\xE5\xAE\x8C\xE7\xBE\x8E\x0A\x0A\xE4\xB8\xBA\xE9\x98\xB2\xE6\xAD\xA2\x20\x55\x49\x20\xE9\x97\xAA\xE7\x83\x81\xEF\xBC\x8C\xE9\x9C\x80\xE8\xA6\x81\x20\x48\x55\x44\x66\x69\x78", "\xE9\x9C\x80\xE5\x95\x93\xE7\x94\xA8\xE8\xB6\x85\xE5\x88\x86\xE8\xBE\xA8\xE7\x8E\x87\x0A\x0A\xE5\x8F\xAF\xE8\x88\x87\xE4\xBB\xBB\xE4\xBD\x95\x20\x46\x47\x20\xE8\xBC\xB8\xE5\x87\xBA\xE9\x85\x8D\xE5\x90\x88\xE4\xBD\xBF\xE7\x94\xA8\xEF\xBC\x8C\xE4\xBD\x86\xE5\x8F\xAF\xE8\x83\xBD\xE5\x9C\xA8\xE6\x9F\x90\xE4\xBA\x9B\xE6\x83\x85\xE6\xB3\x81\xE4\xB8\x8B\xE4\xB8\x8D\xE5\xAE\x8C\xE7\xBE\x8E\x0A\x0A\xE7\x88\xB2\xE9\x98\xB2\xE6\xAD\xA2\x20\x55\x49\x20\xE9\x96\x83\xE7\x88\x8D\xEF\xBC\x8C\xE9\x9C\x80\xE8\xA6\x81\x20\x48\x55\x44\x66\x69\x78"},
{"\x41\x72\x74\x75\x72\x20\xE7\x89\x88\x20\x44\x4C\x53\x53\x47", "\x41\x72\x74\x75\x72\x20\xE7\x89\x88\x20\x44\x4C\x53\x53\x47"},
{"\x4E\x75\x6B\x65\x6D\x20\xE7\x89\x88\x20\x44\x4C\x53\x53\x47", "\x4E\x75\x6B\x65\x6D\x20\xE7\x89\x88\x20\x44\x4C\x53\x53\x47"},
{"\xE5\xB0\x9A\xE6\x9C\xAA\xE5\xAE\x9E\xE7\x8E\xB0\xE6\x94\xAF\xE6\x8C\x81", "\xE5\xB0\x9A\xE6\x9C\xAA\xE5\xAF\xA6\xE7\x8F\xBE\xE6\x94\xAF\xE6\x8C\x81"},
{"\xE7\xBC\xBA\xE5\xB0\x91\x20\x61\x6D\x64\x5F\x66\x69\x64\x65\x6C\x69\x74\x79\x66\x78\x5F\x64\x78\x31\x32\x2E\x64\x6C\x6C", "\xE7\xBC\xBA\xE5\xB0\x91\x20\x61\x6D\x64\x5F\x66\x69\x64\x65\x6C\x69\x74\x79\x66\x78\x5F\x64\x78\x31\x32\x2E\x64\x6C\x6C"},
{"\xE7\xBC\xBA\xE5\xB0\x91\x20\x6C\x69\x62\x78\x65\x73\x73\x5F\x66\x67\x2E\x64\x6C\x6C", "\xE7\xBC\xBA\xE5\xB0\x91\x20\x6C\x69\x62\x78\x65\x73\x73\x5F\x66\x67\x2E\x64\x6C\x6C"},
{"\x46\x53\x52\x20\x46\x47", "\x46\x53\x52\x20\x46\x47"},
{"\x46\x53\x52\x33\x2F\x34\x20\x46\x47", "\x46\x53\x52\x33\x2F\x34\x20\x46\x47"},
{"\xE9\x80\x82\xE7\x94\xA8\xE4\xBA\x8E\x20\x34\x30\x78\x78\x20\xE5\x8F\x8A\xE4\xBB\xA5\xE4\xB8\x8A\xE6\x98\xBE\xE5\x8D\xA1", "\xE9\x81\xA9\xE7\x94\xA8\xE6\x96\xBC\x20\x34\x30\x78\x78\x20\xE5\x8F\x8A\xE4\xBB\xA5\xE4\xB8\x8A\xE9\xA1\xAF\xE5\x8D\xA1"},
{"\x44\x4C\x53\x53\x47\x20\xE4\xB8\x8E\x20\x4E\x76\x6E\x67\x78\x20\x46\x47", "\x44\x4C\x53\x53\x47\x20\xE8\x88\x87\x20\x4E\x76\x6E\x67\x78\x20\x46\x47"},
{"\x46\x53\x52\x33\x2D\x4D\x46\x47\xEF\xBC\x88\xE9\x80\x9A\xE8\xBF\x87\x20\x44\x4C\x53\x53\x20\x45\x6E\x61\x62\x6C\x65\x72\xEF\xBC\x89", "\x46\x53\x52\x33\x2D\x4D\x46\x47\xEF\xBC\x88\xE9\x80\x9A\xE9\x81\x8E\x20\x44\x4C\x53\x53\x20\x45\x6E\x61\x62\x6C\x65\x72\xEF\xBC\x89"},
{"\x46\x53\x52\x33\x2D\x46\x47\xEF\xBC\x88\xE9\x80\x9A\xE8\xBF\x87\x20\x4E\x75\x6B\x65\x6D\xEF\xBC\x89", "\x46\x53\x52\x33\x2D\x46\x47\xEF\xBC\x88\xE9\x80\x9A\xE9\x81\x8E\x20\x4E\x75\x6B\x65\x6D\xEF\xBC\x89"},
{"\x46\x47\x20\xE6\x95\xB0\xE6\x8D\xAE\xE6\x9D\xA5\xE6\xBA\x90\x0A\xE6\xB8\xB8\xE6\x88\x8F\xE6\x94\xAF\xE6\x8C\x81\xE7\x9A\x84\xE5\x8E\x9F\xE7\x94\x9F\x20\x46\x47", "\x46\x47\x20\xE6\x95\xB8\xE6\x93\x9A\xE4\xBE\x86\xE6\xBA\x90\x0A\xE9\x81\x8A\xE6\x88\xB2\xE6\x94\xAF\xE6\x8C\x81\xE7\x9A\x84\xE5\x8E\x9F\xE7\x94\x9F\x20\x46\x47"},
{"\xE5\x9C\xA8\xE5\xBD\x93\xE5\x89\x8D\x20\x46\x47\x20\xE6\x9D\xA5\xE6\xBA\x90\xE4\xB8\x8B\xE6\x97\xA0\xE5\x85\xB3\xE7\xB4\xA7\xE8\xA6\x81", "\xE5\x9C\xA8\xE7\x95\xB6\xE5\x89\x8D\x20\x46\x47\x20\xE4\xBE\x86\xE6\xBA\x90\xE4\xB8\x8B\xE7\x84\xA1\xE9\x97\x9C\xE7\xB7\x8A\xE8\xA6\x81"},
{"\xE4\xBD\xA0\xE5\xAE\x9E\xE9\x99\x85\xE4\xBD\xBF\xE7\x94\xA8\xE7\x9A\x84\x20\x46\x47", "\xE4\xBD\xA0\xE5\xAF\xA6\xE9\x9A\x9B\xE4\xBD\xBF\xE7\x94\xA8\xE7\x9A\x84\x20\x46\x47"},
{"\xE8\xAF\xB7\xE9\x87\x8D\xE5\x90\xAF\xE6\xB8\xB8\xE6\x88\x8F\xE4\xBB\xA5\xE5\xBA\x94\xE7\x94\xA8\xE6\xAD\xA3\xE7\xA1\xAE\xE7\x9A\x84\x20\x58\x65\x46\x47\x20\xE8\xAE\xBE\xE7\xBD\xAE\xEF\xBC\x81", "\xE8\xAB\x8B\xE9\x87\x8D\xE5\x95\x93\xE9\x81\x8A\xE6\x88\xB2\xE4\xBB\xA5\xE6\x87\x89\xE7\x94\xA8\xE6\xAD\xA3\xE7\xA2\xBA\xE7\x9A\x84\x20\x58\x65\x46\x47\x20\xE8\xA8\xAD\xE7\xBD\xAE\xEF\xBC\x81"},
{"\xE9\x9C\x80\xE8\xA6\x81\xE7\xA6\x81\xE7\x94\xA8\xE6\x89\xA9\xE5\xB1\x95\xE8\xBF\x90\xE5\x8A\xA8\xE5\x90\x91\xE9\x87\x8F", "\xE9\x9C\x80\xE8\xA6\x81\xE7\xA6\x81\xE7\x94\xA8\xE6\x93\xB4\xE5\xB1\x95\xE9\x81\x8B\xE5\x8B\x95\xE5\x90\x91\xE9\x87\x8F"},
{"\xE4\xBD\xBF\xE7\x94\xA8\x20\x44\x4C\x53\x53\x47\x20\xE6\x88\x96\x20\x46\x53\x52\x2D\x46\x47\x20\xE6\x8F\x90\xE4\xBE\x9B\xE7\x9A\x84\xE5\xB8\xA7\xE6\x97\xB6\xE9\x97\xB4", "\xE4\xBD\xBF\xE7\x94\xA8\x20\x44\x4C\x53\x53\x47\x20\xE6\x88\x96\x20\x46\x53\x52\x2D\x46\x47\x20\xE6\x8F\x90\xE4\xBE\x9B\xE7\x9A\x84\xE5\xB9\x80\xE6\x99\x82\xE9\x96\x93"},
{"\xE4\xBD\xA0\xE9\x80\x89\xE5\x93\xAA\xE4\xB8\xAA\xEF\xBC\x9F", "\xE4\xBD\xA0\xE9\x81\xB8\xE5\x93\xAA\xE5\x80\x8B\xEF\xBC\x9F"},
{"\xE6\xB8\xB8\xE6\x88\x8F\xE9\xBB\x98\xE8\xAE\xA4\xE4\xBD\xBF\xE7\x94\xA8\xE7\x9A\x84\xE9\xA2\x84\xE8\xAE\xBE", "\xE9\x81\x8A\xE6\x88\xB2\xE9\xBB\x98\xE8\xAA\x8D\xE4\xBD\xBF\xE7\x94\xA8\xE7\x9A\x84\xE9\xA0\x90\xE8\xA8\xAD"},
{"\xE9\x80\x82\xE7\x94\xA8\xE4\xBA\x8E\xE6\x80\xA7\xE8\x83\xBD\x2F\xE5\x9D\x87\xE8\xA1\xA1\x2F\xE8\xB4\xA8\xE9\x87\x8F\xE6\xA8\xA1\xE5\xBC\x8F\x0A\xE8\xBE\x83\xE6\x97\xA9\xE7\x89\x88\xE6\x9C\xAC\xEF\xBC\x8C\xE6\x9C\x80\xE9\x80\x82\xE5\x90\x88\xE5\xAF\xB9\xE6\x8A\x97\xE9\xAC\xBC\xE5\xBD\xB1\x0A\xE5\xB7\xB2\xE5\x9C\xA8\xE6\x9C\x80\xE6\x96\xB0\xE7\x89\x88\xE6\x9C\xAC\xE4\xB8\xAD\xE5\x88\xA0\xE9\x99\xA4\xEF\xBC\x81", "\xE9\x81\xA9\xE7\x94\xA8\xE6\x96\xBC\xE6\x80\xA7\xE8\x83\xBD\x2F\xE5\x9D\x87\xE8\xA1\xA1\x2F\xE8\xB3\xAA\xE9\x87\x8F\xE6\xA8\xA1\xE5\xBC\x8F\x0A\xE8\xBC\x83\xE6\x97\xA9\xE7\x89\x88\xE6\x9C\xAC\xEF\xBC\x8C\xE6\x9C\x80\xE9\x81\xA9\xE5\x90\x88\xE5\xB0\x8D\xE6\x8A\x97\xE9\xAC\xBC\xE5\xBD\xB1\x0A\xE5\xB7\xB2\xE5\x9C\xA8\xE6\x9C\x80\xE6\x96\xB0\xE7\x89\x88\xE6\x9C\xAC\xE4\xB8\xAD\xE5\x88\xAA\xE9\x99\xA4\xEF\xBC\x81"},
{"\xE9\x80\x82\xE7\x94\xA8\xE4\xBA\x8E\xE8\xB6\x85\xE7\xBA\xA7\xE6\x80\xA7\xE8\x83\xBD\xE6\xA8\xA1\xE5\xBC\x8F\x0A\xE4\xB8\x8E\xE9\xA2\x84\xE8\xAE\xBE\x20\x41\x20\xE7\xB1\xBB\xE4\xBC\xBC\x0A\xE5\xB7\xB2\xE5\x9C\xA8\xE6\x9C\x80\xE6\x96\xB0\xE7\x89\x88\xE6\x9C\xAC\xE4\xB8\xAD\xE5\x88\xA0\xE9\x99\xA4\xEF\xBC\x81", "\xE9\x81\xA9\xE7\x94\xA8\xE6\x96\xBC\xE8\xB6\x85\xE7\xB4\x9A\xE6\x80\xA7\xE8\x83\xBD\xE6\xA8\xA1\xE5\xBC\x8F\x0A\xE8\x88\x87\xE9\xA0\x90\xE8\xA8\xAD\x20\x41\x20\xE9\xA1\x9E\xE4\xBC\xBC\x0A\xE5\xB7\xB2\xE5\x9C\xA8\xE6\x9C\x80\xE6\x96\xB0\xE7\x89\x88\xE6\x9C\xAC\xE4\xB8\xAD\xE5\x88\xAA\xE9\x99\xA4\xEF\xBC\x81"},
{"\xE9\x80\x82\xE7\x94\xA8\xE4\xBA\x8E\xE6\x80\xA7\xE8\x83\xBD\x2F\xE5\x9D\x87\xE8\xA1\xA1\x2F\xE8\xB4\xA8\xE9\x87\x8F\xE6\xA8\xA1\xE5\xBC\x8F\x0A\xE9\x80\x9A\xE5\xB8\xB8\xE5\x81\x8F\xE5\xA5\xBD\xE5\xBD\x93\xE5\x89\x8D\xE5\xB8\xA7\xE4\xBF\xA1\xE6\x81\xAF\x0A\xE5\xB7\xB2\xE5\x9C\xA8\xE6\x9C\x80\xE6\x96\xB0\xE7\x89\x88\xE6\x9C\xAC\xE4\xB8\xAD\xE5\x88\xA0\xE9\x99\xA4\xEF\xBC\x81", "\xE9\x81\xA9\xE7\x94\xA8\xE6\x96\xBC\xE6\x80\xA7\xE8\x83\xBD\x2F\xE5\x9D\x87\xE8\xA1\xA1\x2F\xE8\xB3\xAA\xE9\x87\x8F\xE6\xA8\xA1\xE5\xBC\x8F\x0A\xE9\x80\x9A\xE5\xB8\xB8\xE5\x81\x8F\xE5\xA5\xBD\xE7\x95\xB6\xE5\x89\x8D\xE5\xB9\x80\xE4\xBF\xA1\xE6\x81\xAF\x0A\xE5\xB7\xB2\xE5\x9C\xA8\xE6\x9C\x80\xE6\x96\xB0\xE7\x89\x88\xE6\x9C\xAC\xE4\xB8\xAD\xE5\x88\xAA\xE9\x99\xA4\xEF\xBC\x81"},
{"\xE6\x80\xA7\xE8\x83\xBD\x2F\xE5\x9D\x87\xE8\xA1\xA1\x2F\xE8\xB4\xA8\xE9\x87\x8F\xE6\xA8\xA1\xE5\xBC\x8F\xE7\x9A\x84\xE9\xBB\x98\xE8\xAE\xA4\xE9\xA2\x84\xE8\xAE\xBE\x0A\xE9\x80\x9A\xE5\xB8\xB8\xE5\x81\x8F\xE5\xA5\xBD\xE5\x9B\xBE\xE5\x83\x8F\xE7\xA8\xB3\xE5\xAE\x9A\xE6\x80\xA7\x0A\xE5\xB7\xB2\xE5\x9C\xA8\xE6\x9C\x80\xE6\x96\xB0\xE7\x89\x88\xE6\x9C\xAC\xE4\xB8\xAD\xE5\x88\xA0\xE9\x99\xA4\xEF\xBC\x81", "\xE6\x80\xA7\xE8\x83\xBD\x2F\xE5\x9D\x87\xE8\xA1\xA1\x2F\xE8\xB3\xAA\xE9\x87\x8F\xE6\xA8\xA1\xE5\xBC\x8F\xE7\x9A\x84\xE9\xBB\x98\xE8\xAA\x8D\xE9\xA0\x90\xE8\xA8\xAD\x0A\xE9\x80\x9A\xE5\xB8\xB8\xE5\x81\x8F\xE5\xA5\xBD\xE5\x9C\x96\xE5\x83\x8F\xE7\xA9\xA9\xE5\xAE\x9A\xE6\x80\xA7\x0A\xE5\xB7\xB2\xE5\x9C\xA8\xE6\x9C\x80\xE6\x96\xB0\xE7\x89\x88\xE6\x9C\xAC\xE4\xB8\xAD\xE5\x88\xAA\xE9\x99\xA4\xEF\xBC\x81"},
{"\x44\x4C\x53\x53\x20\x33\x2E\x37\x2B\xEF\xBC\x8C\xE6\x9B\xB4\xE5\xA5\xBD\xE7\x9A\x84\x20\x44\x20\xE9\xA2\x84\xE8\xAE\xBE\x0A\xE5\xB7\xB2\xE5\x9C\xA8\xE6\x9C\x80\xE6\x96\xB0\xE7\x89\x88\xE6\x9C\xAC\xE4\xB8\xAD\xE5\x88\xA0\xE9\x99\xA4\xEF\xBC\x81", "\x44\x4C\x53\x53\x20\x33\x2E\x37\x2B\xEF\xBC\x8C\xE6\x9B\xB4\xE5\xA5\xBD\xE7\x9A\x84\x20\x44\x20\xE9\xA0\x90\xE8\xA8\xAD\x0A\xE5\xB7\xB2\xE5\x9C\xA8\xE6\x9C\x80\xE6\x96\xB0\xE7\x89\x88\xE6\x9C\xAC\xE4\xB8\xAD\xE5\x88\xAA\xE9\x99\xA4\xEF\xBC\x81"},
{"\xE8\xB6\x85\xE7\xBA\xA7\xE6\x80\xA7\xE8\x83\xBD\xE5\x92\x8C\x20\x44\x4C\x41\x41\x20\xE6\xA8\xA1\xE5\xBC\x8F\xE7\x9A\x84\xE9\xBB\x98\xE8\xAE\xA4\xE9\xA2\x84\xE8\xAE\xBE\x0A\xE5\xB7\xB2\xE5\x9C\xA8\xE6\x9C\x80\xE6\x96\xB0\xE7\x89\x88\xE6\x9C\xAC\xE4\xB8\xAD\xE5\x88\xA0\xE9\x99\xA4\xEF\xBC\x81", "\xE8\xB6\x85\xE7\xB4\x9A\xE6\x80\xA7\xE8\x83\xBD\xE5\x92\x8C\x20\x44\x4C\x41\x41\x20\xE6\xA8\xA1\xE5\xBC\x8F\xE7\x9A\x84\xE9\xBB\x98\xE8\xAA\x8D\xE9\xA0\x90\xE8\xA8\xAD\x0A\xE5\xB7\xB2\xE5\x9C\xA8\xE6\x9C\x80\xE6\x96\xB0\xE7\x89\x88\xE6\x9C\xAC\xE4\xB8\xAD\xE5\x88\xAA\xE9\x99\xA4\xEF\xBC\x81"},
{"\xE4\xB8\x8E\xE9\xA2\x84\xE8\xAE\xBE\x20\x4B\x20\xE7\xB1\xBB\xE4\xBC\xBC\xEF\xBC\x8C\xE9\xA2\x84\xE8\xAE\xBE\x20\x4A\x20\xE5\x8F\xAF\xE8\x83\xBD\xE7\x95\xA5\xE6\x9C\x89\x0A\xE8\xBE\x83\xE5\xB0\x91\xE7\x9A\x84\xE9\xAC\xBC\xE5\xBD\xB1\x0A\xE7\xAC\xAC\xE4\xB8\x80\xE4\xBB\xA3\x20\x54\x72\x61\x6E\x73\x66\x6F\x72\x6D\x65\x72", "\xE8\x88\x87\xE9\xA0\x90\xE8\xA8\xAD\x20\x4B\x20\xE9\xA1\x9E\xE4\xBC\xBC\xEF\xBC\x8C\xE9\xA0\x90\xE8\xA8\xAD\x20\x4A\x20\xE5\x8F\xAF\xE8\x83\xBD\xE7\x95\xA5\xE6\x9C\x89\x0A\xE8\xBC\x83\xE5\xB0\x91\xE7\x9A\x84\xE9\xAC\xBC\xE5\xBD\xB1\x0A\xE7\xAC\xAC\xE4\xB8\x80\xE4\xBB\xA3\x20\x54\x72\x61\x6E\x73\x66\x6F\x72\x6D\x65\x72"},
{"\x44\x4C\x41\x41\x2F\xE5\x9D\x87\xE8\xA1\xA1\x2F\xE8\xB4\xA8\xE9\x87\x8F\xE6\xA8\xA1\xE5\xBC\x8F\xE7\x9A\x84\xE9\xBB\x98\xE8\xAE\xA4\xE9\xA2\x84\xE8\xAE\xBE\x0A\xE7\xAC\xAC\xE4\xB8\x80\xE4\xBB\xA3\x20\x54\x72\x61\x6E\x73\x66\x6F\x72\x6D\x65\x72", "\x44\x4C\x41\x41\x2F\xE5\x9D\x87\xE8\xA1\xA1\x2F\xE8\xB3\xAA\xE9\x87\x8F\xE6\xA8\xA1\xE5\xBC\x8F\xE7\x9A\x84\xE9\xBB\x98\xE8\xAA\x8D\xE9\xA0\x90\xE8\xA8\xAD\x0A\xE7\xAC\xAC\xE4\xB8\x80\xE4\xBB\xA3\x20\x54\x72\x61\x6E\x73\x66\x6F\x72\x6D\x65\x72"},
{"\xE8\xB6\x85\xE7\xBA\xA7\xE6\x80\xA7\xE8\x83\xBD\xE6\xA8\xA1\xE5\xBC\x8F\xE9\xBB\x98\xE8\xAE\xA4\xE9\xA2\x84\xE8\xAE\xBE\x0A\xE7\xAC\xAC\xE4\xBA\x8C\xE4\xBB\xA3\x20\x54\x72\x61\x6E\x73\x66\x6F\x72\x6D\x65\x72", "\xE8\xB6\x85\xE7\xB4\x9A\xE6\x80\xA7\xE8\x83\xBD\xE6\xA8\xA1\xE5\xBC\x8F\xE9\xBB\x98\xE8\xAA\x8D\xE9\xA0\x90\xE8\xA8\xAD\x0A\xE7\xAC\xAC\xE4\xBA\x8C\xE4\xBB\xA3\x20\x54\x72\x61\x6E\x73\x66\x6F\x72\x6D\x65\x72"},
{"\xE6\x80\xA7\xE8\x83\xBD\xE6\xA8\xA1\xE5\xBC\x8F\xE9\xBB\x98\xE8\xAE\xA4\xE9\xA2\x84\xE8\xAE\xBE\x0A\xE7\xAC\xAC\xE4\xBA\x8C\xE4\xBB\xA3\x20\x54\x72\x61\x6E\x73\x66\x6F\x72\x6D\x65\x72", "\xE6\x80\xA7\xE8\x83\xBD\xE6\xA8\xA1\xE5\xBC\x8F\xE9\xBB\x98\xE8\xAA\x8D\xE9\xA0\x90\xE8\xA8\xAD\x0A\xE7\xAC\xAC\xE4\xBA\x8C\xE4\xBB\xA3\x20\x54\x72\x61\x6E\x73\x66\x6F\x72\x6D\x65\x72"},
{"\x44\x4C\x4C\x20\xE6\x94\xAF\xE6\x8C\x81\xE7\x9A\x84\xE6\x9C\x80\xE6\x96\xB0\xE9\xA2\x84\xE8\xAE\xBE", "\x44\x4C\x4C\x20\xE6\x94\xAF\xE6\x8C\x81\xE7\x9A\x84\xE6\x9C\x80\xE6\x96\xB0\xE9\xA0\x90\xE8\xA8\xAD"},
{"\xE9\xA2\x84\xE8\xAE\xBE\x20\x41\x0A\xE5\xB7\xB2\xE5\x9C\xA8\xE6\x9C\x80\xE6\x96\xB0\xE7\x89\x88\xE6\x9C\xAC\xE4\xB8\xAD\xE5\x88\xA0\xE9\x99\xA4\xEF\xBC\x81", "\xE9\xA0\x90\xE8\xA8\xAD\x20\x41\x0A\xE5\xB7\xB2\xE5\x9C\xA8\xE6\x9C\x80\xE6\x96\xB0\xE7\x89\x88\xE6\x9C\xAC\xE4\xB8\xAD\xE5\x88\xAA\xE9\x99\xA4\xEF\xBC\x81"},
{"\xE9\xA2\x84\xE8\xAE\xBE\x20\x42\x0A\xE5\xB7\xB2\xE5\x9C\xA8\xE6\x9C\x80\xE6\x96\xB0\xE7\x89\x88\xE6\x9C\xAC\xE4\xB8\xAD\xE5\x88\xA0\xE9\x99\xA4\xEF\xBC\x81", "\xE9\xA0\x90\xE8\xA8\xAD\x20\x42\x0A\xE5\xB7\xB2\xE5\x9C\xA8\xE6\x9C\x80\xE6\x96\xB0\xE7\x89\x88\xE6\x9C\xAC\xE4\xB8\xAD\xE5\x88\xAA\xE9\x99\xA4\xEF\xBC\x81"},
{"\xE9\xA2\x84\xE8\xAE\xBE\x20\x43\x0A\xE5\xB7\xB2\xE5\x9C\xA8\xE6\x9C\x80\xE6\x96\xB0\xE7\x89\x88\xE6\x9C\xAC\xE4\xB8\xAD\xE5\x88\xA0\xE9\x99\xA4\xEF\xBC\x81", "\xE9\xA0\x90\xE8\xA8\xAD\x20\x43\x0A\xE5\xB7\xB2\xE5\x9C\xA8\xE6\x9C\x80\xE6\x96\xB0\xE7\x89\x88\xE6\x9C\xAC\xE4\xB8\xAD\xE5\x88\xAA\xE9\x99\xA4\xEF\xBC\x81"},
{"\xE6\x9C\x80\xE6\x96\xB0\x20\x54\x72\x61\x6E\x73\x66\x6F\x72\x6D\x65\x72\x20\xE6\xA8\xA1\xE5\x9E\x8B\x0A\xE5\xA6\x82\xE9\x9C\x80\xE8\xA6\x81\x20\x44\x6F\x46\x20\xE5\xBC\x95\xE5\xAF\xBC\xE5\xBF\x85\xE9\xA1\xBB\xE4\xBD\xBF\xE7\x94\xA8", "\xE6\x9C\x80\xE6\x96\xB0\x20\x54\x72\x61\x6E\x73\x66\x6F\x72\x6D\x65\x72\x20\xE6\xA8\xA1\xE5\x9E\x8B\x0A\xE5\xA6\x82\xE9\x9C\x80\xE8\xA6\x81\x20\x44\x6F\x46\x20\xE5\xBC\x95\xE5\xB0\x8E\xE5\xBF\x85\xE9\xA0\x88\xE4\xBD\xBF\xE7\x94\xA8"},
{"\xE8\xB6\x85\xE7\xBA\xA7\xE8\xB4\xA8\xE9\x87\x8F\xE9\xA2\x84\xE8\xAE\xBE", "\xE8\xB6\x85\xE7\xB4\x9A\xE8\xB3\xAA\xE9\x87\x8F\xE9\xA0\x90\xE8\xA8\xAD"},
{"\xE8\xB4\xA8\xE9\x87\x8F\xE9\xA2\x84\xE8\xAE\xBE", "\xE8\xB3\xAA\xE9\x87\x8F\xE9\xA0\x90\xE8\xA8\xAD"},
{"\xE5\x9D\x87\xE8\xA1\xA1\xE9\xA2\x84\xE8\xAE\xBE", "\xE5\x9D\x87\xE8\xA1\xA1\xE9\xA0\x90\xE8\xA8\xAD"},
{"\xE6\x80\xA7\xE8\x83\xBD\xE9\xA2\x84\xE8\xAE\xBE", "\xE6\x80\xA7\xE8\x83\xBD\xE9\xA0\x90\xE8\xA8\xAD"},
{"\xE8\xB6\x85\xE7\xBA\xA7\xE6\x80\xA7\xE8\x83\xBD\xE9\xA2\x84\xE8\xAE\xBE", "\xE8\xB6\x85\xE7\xB4\x9A\xE6\x80\xA7\xE8\x83\xBD\xE9\xA0\x90\xE8\xA8\xAD"},
{"\x4F\x70\x74\x69\x53\x63\x61\x6C\x65\x72\x20\xE6\x9C\x89\xE6\x9B\xB4\xE6\x96\xB0\xE5\x8F\xAF\xE7\x94\xA8", "\x4F\x70\x74\x69\x53\x63\x61\x6C\x65\x72\x20\xE6\x9C\x89\xE6\x9B\xB4\xE6\x96\xB0\xE5\x8F\xAF\xE7\x94\xA8"},
{"\xE6\x8C\x89\x20\x25\x73\x20\xE4\xBB\xA5\xE8\x8E\xB7\xE5\x8F\x96\xE6\x9B\xB4\xE5\xA4\x9A\xE4\xBF\xA1\xE6\x81\xAF", "\xE6\x8C\x89\x20\x25\x73\x20\xE4\xBB\xA5\xE7\x8D\xB2\xE5\x8F\x96\xE6\x9B\xB4\xE5\xA4\x9A\xE4\xBF\xA1\xE6\x81\xAF"},
{"\xE8\xAF\xB7\xE8\x80\x83\xE8\x99\x91\xE5\xB0\x86\x20\x4F\x70\x74\x69\x53\x63\x61\x6C\x65\x72\x20\xE4\xBB\x8E\x20\x25\x73\x20\xE9\x87\x8D\xE5\x91\xBD\xE5\x90\x8D\xE4\xB8\xBA\xE5\x85\xB6\xE4\xBB\x96\xE6\x94\xAF\xE6\x8C\x81\xE7\x9A\x84\xE5\x90\x8D\xE7\xA7\xB0\xE3\x80\x82\x0A\xE5\x90\xA6\xE5\x88\x99\xE5\x8F\xAF\xE8\x83\xBD\xE4\xBC\x9A\xE9\x81\x87\xE5\x88\xB0\xE9\x97\xAE\xE9\xA2\x98\xE3\x80\x82", "\xE8\xAB\x8B\xE8\x80\x83\xE6\x85\xAE\xE5\xB0\x87\x20\x4F\x70\x74\x69\x53\x63\x61\x6C\x65\x72\x20\xE5\xBE\x9E\x20\x25\x73\x20\xE9\x87\x8D\xE5\x91\xBD\xE5\x90\x8D\xE7\x88\xB2\xE5\x85\xB6\xE4\xBB\x96\xE6\x94\xAF\xE6\x8C\x81\xE7\x9A\x84\xE5\x90\x8D\xE7\xA8\xB1\xE3\x80\x82\x0A\xE5\x90\xA6\xE5\x89\x87\xE5\x8F\xAF\xE8\x83\xBD\xE6\x9C\x83\xE9\x81\x87\xE5\x88\xB0\xE5\x95\x8F\xE9\xA1\x8C\xE3\x80\x82"},
{"\xE6\x9C\x89\xE6\x9B\xB4\xE6\x96\xB0\xE5\x8F\xAF\xE7\x94\xA8\x3A\x20\x25\x73\x20\x28\xE5\xBD\x93\xE5\x89\x8D\x20\x25\x73\x29", "\xE6\x9C\x89\xE6\x9B\xB4\xE6\x96\xB0\xE5\x8F\xAF\xE7\x94\xA8\x3A\x20\x25\x73\x20\x28\xE7\x95\xB6\xE5\x89\x8D\x20\x25\x73\x29"},
{"\xE6\x97\xA0", "\xE7\x84\xA1"},
{"\x52\x65\x66\x6C\x65\x78", "\x52\x65\x66\x6C\x65\x78"},
{"\x58\x65\x4C\x4C", "\x58\x65\x4C\x4C"},
{"\x56\x75\x6C\x6B\x61\x6E\x20\x41\x6E\x74\x69\x4C\x61\x67", "\x56\x75\x6C\x6B\x61\x6E\x20\x41\x6E\x74\x69\x4C\x61\x67"},
{"\x46\x53\x52\x20\xE5\xBB\xB6\xE8\xBF\x9F\xE9\x99\x8D\xE4\xBD\x8E\x20\x32\x2E\x30", "\x46\x53\x52\x20\xE5\xBB\xB6\xE9\x81\xB2\xE9\x99\x8D\xE4\xBD\x8E\x20\x32\x2E\x30"},
{"\x4C\x61\x74\x65\x6E\x63\x79\x46\x6C\x65\x78", "\x4C\x61\x74\x65\x6E\x63\x79\x46\x6C\x65\x78"},
{"\xE4\xBD\xBF\xE7\x94\xA8\x20\x52\x54\x53\x53\x20\x52\x65\x66\x6C\x65\x78\x20\xE6\xB3\xA8\xE5\x85\xA5\xE4\xB8\x8E\x20\x46\x53\x52\x20\x4C\x61\x74\x65\x6E\x63\x79\x20\x52\x65\x64\x75\x63\x74\x69\x6F\x6E\x20\x32\x2E\x30\x20\xE5\x92\x8C\x20\x46\x53\x52\x20\x46\x47\x20\xE5\x8F\xAF\xE8\x83\xBD\xE4\xBC\x9A\xE5\xAF\xBC\xE8\x87\xB4\xE9\x97\xAE\xE9\xA2\x98", "\xE4\xBD\xBF\xE7\x94\xA8\x20\x52\x54\x53\x53\x20\x52\x65\x66\x6C\x65\x78\x20\xE6\xB3\xA8\xE5\x85\xA5\xE8\x88\x87\x20\x46\x53\x52\x20\x4C\x61\x74\x65\x6E\x63\x79\x20\x52\x65\x64\x75\x63\x74\x69\x6F\x6E\x20\x32\x2E\x30\x20\xE5\x92\x8C\x20\x46\x53\x52\x20\x46\x47\x20\xE5\x8F\xAF\xE8\x83\xBD\xE6\x9C\x83\xE5\xB0\x8E\xE8\x87\xB4\xE5\x95\x8F\xE9\xA1\x8C"},
{"\xE4\xBD\xBF\xE7\x94\xA8\xE8\xB6\x85\xE5\x88\x86\xE8\xBE\xA8\xE7\x8E\x87\xE6\x95\xB0\xE6\x8D\xAE\xE8\xBF\x9B\xE8\xA1\x8C\x20\x46\x47", "\xE4\xBD\xBF\xE7\x94\xA8\xE8\xB6\x85\xE5\x88\x86\xE8\xBE\xA8\xE7\x8E\x87\xE6\x95\xB8\xE6\x93\x9A\xE9\x80\xB2\xE8\xA1\x8C\x20\x46\x47"},
{"\x44\x4C\x53\x53\x20\x45\x6E\x61\x62\x6C\x65\x72\x20\x28\xE5\x8D\xB3\x20\x64\x6C\x73\x73\x2D\x65\x6E\x61\x62\x6C\x65\x72\x2D\x68\x65\x61\x64\x6C\x65\x73\x73\x2E\x64\x6C\x6C\x29\x0A\xE5\x9C\xA8\xE6\xB8\xB8\xE6\x88\x8F\xE4\xB8\xAD\xE9\x80\x89\xE6\x8B\xA9\x20\x44\x4C\x53\x53\x2D\x46\x47", "\x44\x4C\x53\x53\x20\x45\x6E\x61\x62\x6C\x65\x72\x20\x28\xE5\x8D\xB3\x20\x64\x6C\x73\x73\x2D\x65\x6E\x61\x62\x6C\x65\x72\x2D\x68\x65\x61\x64\x6C\x65\x73\x73\x2E\x64\x6C\x6C\x29\x0A\xE5\x9C\xA8\xE9\x81\x8A\xE6\x88\xB2\xE4\xB8\xAD\xE9\x81\xB8\xE6\x93\x87\x20\x44\x4C\x53\x53\x2D\x46\x47"},
{"\xE5\x9C\xA8\xE6\xB8\xB8\xE6\x88\x8F\xE4\xB8\xAD\xE9\x80\x89\xE6\x8B\xA9\x20\x46\x53\x52\x2D\x46\x47", "\xE5\x9C\xA8\xE9\x81\x8A\xE6\x88\xB2\xE4\xB8\xAD\xE9\x81\xB8\xE6\x93\x87\x20\x46\x53\x52\x2D\x46\x47"},
{"\xE5\x9C\xA8\xE6\xB8\xB8\xE6\x88\x8F\xE4\xB8\xAD\xE9\x80\x89\xE6\x8B\xA9\x20\x44\x4C\x53\x53\x2D\x46\x47", "\xE5\x9C\xA8\xE9\x81\x8A\xE6\x88\xB2\xE4\xB8\xAD\xE9\x81\xB8\xE6\x93\x87\x20\x44\x4C\x53\x53\x2D\x46\x47"},
{"\xE5\xBD\xB1\xE5\x93\x8D\x20\x46\x53\x52\x2D\x46\x47\x20\xE5\x92\x8C\xE8\xB6\x85\xE5\x88\x86\xE8\xBE\xA8\xE7\x8E\x87", "\xE5\xBD\xB1\xE9\x9F\xBF\x20\x46\x53\x52\x2D\x46\x47\x20\xE5\x92\x8C\xE8\xB6\x85\xE5\x88\x86\xE8\xBE\xA8\xE7\x8E\x87"},
{"\xE5\xB0\xBD\xE5\x8F\xAF\xE8\x83\xBD\xE4\xBD\xBF\xE7\x94\xA8\x20\x52\x65\x66\x6C\x65\x78\x0A\xE5\x9C\xA8\x20\x41\x4D\x44\x2F\x49\x6E\x74\x65\x6C\x20\xE6\x98\xBE\xE5\x8D\xA1\xE4\xB8\x8A\xEF\xBC\x8C\xE6\x82\xA8\xE5\x8F\xAF\xE4\xBB\xA5\xE4\xBD\xBF\xE7\x94\xA8\x20\x46\x61\x6B\x65\x6E\x76\x61\x70\x69\x20\xE6\x9B\xBF\xE4\xBB\xA3\x20\x52\x65\x66\x6C\x65\x78", "\xE5\x84\x98\xE5\x8F\xAF\xE8\x83\xBD\xE4\xBD\xBF\xE7\x94\xA8\x20\x52\x65\x66\x6C\x65\x78\x0A\xE5\x9C\xA8\x20\x41\x4D\x44\x2F\x49\x6E\x74\x65\x6C\x20\xE9\xA1\xAF\xE5\x8D\xA1\xE4\xB8\x8A\xEF\xBC\x8C\xE6\x82\xA8\xE5\x8F\xAF\xE4\xBB\xA5\xE4\xBD\xBF\xE7\x94\xA8\x20\x46\x61\x6B\x65\x6E\x76\x61\x70\x69\x20\xE6\x9B\xBF\xE4\xBB\xA3\x20\x52\x65\x66\x6C\x65\x78"},
{"\x61\x6D\x64\x5F\x66\x69\x64\x65\x6C\x69\x74\x79\x66\x78\x5F\x64\x78\x31\x32\x2E\x64\x6C\x6C\x20\xE7\xBC\xBA\xE5\xA4\xB1\xEF\xBC\x81", "\x61\x6D\x64\x5F\x66\x69\x64\x65\x6C\x69\x74\x79\x66\x78\x5F\x64\x78\x31\x32\x2E\x64\x6C\x6C\x20\xE7\xBC\xBA\xE5\xA4\xB1\xEF\xBC\x81"},
{"\x6C\x69\x62\x78\x65\x73\x73\x5F\x66\x67\x2E\x64\x6C\x6C\x20\xE7\xBC\xBA\xE5\xA4\xB1\xEF\xBC\x81", "\x6C\x69\x62\x78\x65\x73\x73\x5F\x66\x67\x2E\x64\x6C\x6C\x20\xE7\xBC\xBA\xE5\xA4\xB1\xEF\xBC\x81"},
{"\xE4\xBD\xBF\xE7\x94\xA8\x20\x44\x4C\x53\x53\x20\x45\x6E\x61\x62\x6C\x65\x72\x20\xE7\x9A\x84\xE5\x8A\x9F\xE8\x83\xBD\xE5\xAD\x90\xE9\x9B\x86", "\xE4\xBD\xBF\xE7\x94\xA8\x20\x44\x4C\x53\x53\x20\x45\x6E\x61\x62\x6C\x65\x72\x20\xE7\x9A\x84\xE5\x8A\x9F\xE8\x83\xBD\xE5\xAD\x90\xE9\x9B\x86"},
{"\xE5\xBD\x93\xE6\xAD\xA4\xE8\x8F\x9C\xE5\x8D\x95\xE5\x8F\xAF\xE8\xA7\x81\xE6\x97\xB6\x20\x44\x4C\x53\x53\x47\x20\xE8\xA2\xAB\xE6\x9C\x89\xE6\x84\x8F\xE7\xA6\x81\xE7\x94\xA8", "\xE7\x95\xB6\xE6\xAD\xA4\xE8\x8F\x9C\xE5\x96\xAE\xE5\x8F\xAF\xE8\xA6\x8B\xE6\x99\x82\x20\x44\x4C\x53\x53\x47\x20\xE8\xA2\xAB\xE6\x9C\x89\xE6\x84\x8F\xE7\xA6\x81\xE7\x94\xA8"},
{"\xE5\x90\xAF\xE7\x94\xA8\xE6\x8A\x97\xE9\xAC\xBC\xE5\xBD\xB1\xE6\xA0\xA1\xE6\xAD\xA3", "\xE5\x95\x93\xE7\x94\xA8\xE6\x8A\x97\xE9\xAC\xBC\xE5\xBD\xB1\xE6\xA0\xA1\xE6\xAD\xA3"},
{"\xE8\xB0\x83\xE8\xAF\x95\xEF\xBC\x9A\xE5\xB7\xB2\xE6\xA0\xA1\xE6\xAD\xA3\xE5\x83\x8F\xE7\xB4\xA0\xE7\x9A\x84\xE7\xBA\xA2\xE8\x89\xB2\xE8\x89\xB2\xE8\xB0\x83", "\xE8\xAA\xBF\xE8\xA9\xA6\xEF\xBC\x9A\xE5\xB7\xB2\xE6\xA0\xA1\xE6\xAD\xA3\xE5\x83\x8F\xE7\xB4\xA0\xE7\x9A\x84\xE7\xB4\x85\xE8\x89\xB2\xE8\x89\xB2\xE8\xAA\xBF"},
{"\xE8\xB0\x83\xE8\xAF\x95\xEF\xBC\x9A\xE5\x88\x86\xE5\xB1\x8F\xE5\xAF\xB9\xE6\xAF\x94", "\xE8\xAA\xBF\xE8\xA9\xA6\xEF\xBC\x9A\xE5\x88\x86\xE5\xB1\x8F\xE5\xB0\x8D\xE6\xAF\x94"},
{"\xE8\xB0\x83\xE8\xAF\x95\xEF\xBC\x9A\xE4\xBD\xBF\xE7\x94\xA8\xE7\x9B\xB8\xE6\x9C\xBA\x4D\x56\xE5\x9B\x9E\xE9\x80\x80\xE5\xA4\x84\xE7\x9A\x84\xE8\x93\x9D\xE8\x89\xB2\xE8\x89\xB2\xE8\xB0\x83", "\xE8\xAA\xBF\xE8\xA9\xA6\xEF\xBC\x9A\xE4\xBD\xBF\xE7\x94\xA8\xE7\x9B\xB8\xE6\xA9\x9F\x4D\x56\xE5\x9B\x9E\xE9\x80\x80\xE8\x99\x95\xE7\x9A\x84\xE8\x97\x8D\xE8\x89\xB2\xE8\x89\xB2\xE8\xAA\xBF"},
{"\xE8\xB0\x83\xE8\xAF\x95\xEF\xBC\x9A\xE6\xA2\xAF\xE5\xBD\xA2\xE5\x8C\xBA\xE5\x9F\x9F\xE5\x8F\xAF\xE8\xA7\x86\xE5\x8C\x96", "\xE8\xAA\xBF\xE8\xA9\xA6\xEF\xBC\x9A\xE6\xA2\xAF\xE5\xBD\xA2\xE5\x8D\x80\xE5\x9F\x9F\xE5\x8F\xAF\xE8\xA6\x96\xE5\x8C\x96"},
{"\xE5\xB0\x86\xE6\x97\xA0\x48\x55\x44\xE7\x94\xA8\xE4\xBD\x9C\x55\x49\xE9\x81\xAE\xE7\xBD\xA9\xEF\xBC\x88\x44\x4C\x32\xE5\x8F\x8D\xE5\x90\x91\xE8\xAF\xAD\xE4\xB9\x89\xEF\xBC\x89", "\xE5\xB0\x87\xE7\x84\xA1\x48\x55\x44\xE7\x94\xA8\xE4\xBD\x9C\x55\x49\xE9\x81\xAE\xE7\xBD\xA9\xEF\xBC\x88\x44\x4C\x32\xE5\x8F\x8D\xE5\x90\x91\xE8\xAA\x9E\xE7\xBE\xA9\xEF\xBC\x89"},
{"\xE5\x90\xAF\xE7\x94\xA8\xE6\x97\xB6\xE9\x97\xB4\x48\x55\x44\xE5\x9B\xBA\xE5\xAE\x9A\xEF\xBC\x88\xE5\x91\x88\xE7\x8E\xB0\x2D\xE5\x90\x8E\xE5\xA4\x87\xE7\xBC\x93\xE5\x86\xB2\xE5\x8C\xBA\xE7\xA8\xB3\xE5\xAE\x9A\xE6\x80\xA7\xEF\xBC\x89", "\xE5\x95\x93\xE7\x94\xA8\xE6\x99\x82\xE9\x96\x93\x48\x55\x44\xE5\x9B\xBA\xE5\xAE\x9A\xEF\xBC\x88\xE5\x91\x88\xE7\x8F\xBE\x2D\xE5\xBE\x8C\xE5\x82\x99\xE7\xB7\xA9\xE8\xA1\x9D\xE5\x8D\x80\xE7\xA9\xA9\xE5\xAE\x9A\xE6\x80\xA7\xEF\xBC\x89"},
{"\x48\x55\x44\xE5\x85\x89\xE6\xB5\x81\xE6\x8F\x92\xE5\x80\xBC\xEF\xBC\x88\x30\x3D\xE4\xBC\xA0\xE7\xBB\x9F\xE5\x9B\xBA\xE5\xAE\x9A\xE5\x91\x88\xE7\x8E\xB0\xEF\xBC\x8C\x31\x3D\xE5\x85\x89\xE6\xB5\x81\xE5\x8F\x98\xE5\xBD\xA2\xEF\xBC\x89", "\x48\x55\x44\xE5\x85\x89\xE6\xB5\x81\xE6\x8F\x92\xE5\x80\xBC\xEF\xBC\x88\x30\x3D\xE5\x82\xB3\xE7\xB5\xB1\xE5\x9B\xBA\xE5\xAE\x9A\xE5\x91\x88\xE7\x8F\xBE\xEF\xBC\x8C\x31\x3D\xE5\x85\x89\xE6\xB5\x81\xE8\xAE\x8A\xE5\xBD\xA2\xEF\xBC\x89"},
{"\xE5\xBF\xBD\xE7\x95\xA5\xE4\xB8\x93\xE7\x94\xA8\xE7\x9A\x84\x44\x4C\x53\x53\x47\x2E\x55\x49\xE7\xBA\xB9\xE7\x90\x86\xEF\xBC\x88\xE5\xBC\xBA\xE5\x88\xB6\xE4\xBC\xA0\xE7\xBB\x9F\x48\x55\x44\xE8\xB7\xAF\xE5\xBE\x84\xEF\xBC\x89", "\xE5\xBF\xBD\xE7\x95\xA5\xE5\xB0\x88\xE7\x94\xA8\xE7\x9A\x84\x44\x4C\x53\x53\x47\x2E\x55\x49\xE7\xB4\x8B\xE7\x90\x86\xEF\xBC\x88\xE5\xBC\xB7\xE5\x88\xB6\xE5\x82\xB3\xE7\xB5\xB1\x48\x55\x44\xE8\xB7\xAF\xE5\xBE\x91\xEF\xBC\x89"},
{"\xE4\xBD\xBF\xE7\x94\xA8\x64\x70\x34\x61\xE5\x8A\xA0\xE9\x80\x9F\x53\x53\x44\xE7\x9A\x84\xE5\x85\x89\xE6\xB5\x81\xE7\xAE\xA1\xE7\xBA\xBF\xEF\xBC\x88\x53\x4D\x20\x36\x2E\x34\x2B\xEF\xBC\x89", "\xE4\xBD\xBF\xE7\x94\xA8\x64\x70\x34\x61\xE5\x8A\xA0\xE9\x80\x9F\x53\x53\x44\xE7\x9A\x84\xE5\x85\x89\xE6\xB5\x81\xE7\xAE\xA1\xE7\xB7\x9A\xEF\xBC\x88\x53\x4D\x20\x36\x2E\x34\x2B\xEF\xBC\x89"},
{"\xE5\x9C\xA8\xE6\x95\xB4\xE4\xB8\xAA\x4D\x46\x47\xE5\xB8\xA7\xE4\xB8\xAD\xE5\xB0\x86\x44\x4C\x53\x53\x47\x2E\x42\x61\x63\x6B\x62\x75\x66\x66\x65\x72\xE5\x9B\xBA\xE5\xAE\x9A\xE5\x88\xB0\xE5\xAD\x90\xE5\xB8\xA7\x2D\x31\xE5\xBF\xAB\xE7\x85\xA7", "\xE5\x9C\xA8\xE6\x95\xB4\xE5\x80\x8B\x4D\x46\x47\xE5\xB9\x80\xE4\xB8\xAD\xE5\xB0\x87\x44\x4C\x53\x53\x47\x2E\x42\x61\x63\x6B\x62\x75\x66\x66\x65\x72\xE5\x9B\xBA\xE5\xAE\x9A\xE5\x88\xB0\xE5\xAD\x90\xE5\xB9\x80\x2D\x31\xE5\xBF\xAB\xE7\x85\xA7"},
{"\x25\x64\xE5\x80\x8D\xE5\xBC\x80", "\x25\x64\xE5\x80\x8D\xE9\x96\x8B"},
{"\xE6\xB8\xB8\xE6\x88\x8F\xE7\x9A\x84\x20\x58\x65\x4C\x4C", "\xE9\x81\x8A\xE6\x88\xB2\xE7\x9A\x84\x20\x58\x65\x4C\x4C"},
{"\x20\x28\x52\x54\x53\x53\x29", "\x20\x28\x52\x54\x53\x53\x29"},
{"\x20\x28\xE9\x9D\x9E\xE6\xB4\xBB\xE8\xB7\x83\x29", "\x20\x28\xE9\x9D\x9E\xE6\xB4\xBB\xE8\xBA\x8D\x29"},
{"\xE4\xBD\xBF\xE7\x94\xA8\x20\x52\x65\x66\x6C\x65\x78\x20\xE9\x99\x90\xE5\x88\xB6\xE4\xB8\x8E\x20\x46\x53\x52\x20\x46\x47\x20\xE6\x9C\x89\xE6\x80\xA7\xE8\x83\xBD\xE5\xBC\x80\xE9\x94\x80", "\xE4\xBD\xBF\xE7\x94\xA8\x20\x52\x65\x66\x6C\x65\x78\x20\xE9\x99\x90\xE5\x88\xB6\xE8\x88\x87\x20\x46\x53\x52\x20\x46\x47\x20\xE6\x9C\x89\xE6\x80\xA7\xE8\x83\xBD\xE9\x96\x8B\xE9\x8A\xB7"},
{"\xE6\x97\xA0\xEF\xBC\x88\xE5\x85\xB3\xEF\xBC\x89", "\xE7\x84\xA1\xEF\xBC\x88\xE9\x97\x9C\xEF\xBC\x89"},
{"\x41\x6E\x74\x69\x4C\x61\x67\x20\x32", "\x41\x6E\x74\x69\x4C\x61\x67\x20\x32"},
{"\x41\x6E\x74\x69\x4C\x61\x67\x20\x56\x6B", "\x41\x6E\x74\x69\x4C\x61\x67\x20\x56\x6B"},
{"\xE6\x9C\x80\xE5\xAE\x89\xE5\x85\xA8\xEF\xBC\x8C\xE4\xBD\x86\xE5\x8F\xAF\xE8\x83\xBD\xE4\xB8\x8D\xE5\xA4\xAA\xE8\x83\xBD\xE9\x99\x8D\xE4\xBD\x8E\xE5\xBB\xB6\xE8\xBF\x9F", "\xE6\x9C\x80\xE5\xAE\x89\xE5\x85\xA8\xEF\xBC\x8C\xE4\xBD\x86\xE5\x8F\xAF\xE8\x83\xBD\xE4\xB8\x8D\xE5\xA4\xAA\xE8\x83\xBD\xE9\x99\x8D\xE4\xBD\x8E\xE5\xBB\xB6\xE9\x81\xB2"},
{"\xE6\x94\xB9\xE5\x96\x84\xE5\xBB\xB6\xE8\xBF\x9F\xEF\xBC\x8C\xE4\xBD\x86\xE5\x9C\xA8\xE6\x9F\x90\xE4\xBA\x9B\xE6\x83\x85\xE5\x86\xB5\xE4\xB8\x8B\xE4\xBC\x9A\xE8\xB6\x85\xE5\x87\xBA\xE9\xA2\x84\xE6\x9C\x9F\xE5\x9C\xB0\xE9\x99\x8D\xE4\xBD\x8E\x46\x50\x53", "\xE6\x94\xB9\xE5\x96\x84\xE5\xBB\xB6\xE9\x81\xB2\xEF\xBC\x8C\xE4\xBD\x86\xE5\x9C\xA8\xE6\x9F\x90\xE4\xBA\x9B\xE6\x83\x85\xE6\xB3\x81\xE4\xB8\x8B\xE6\x9C\x83\xE8\xB6\x85\xE5\x87\xBA\xE9\xA0\x90\xE6\x9C\x9F\xE5\x9C\xB0\xE9\x99\x8D\xE4\xBD\x8E\x46\x50\x53"},
{"\xE5\x8F\xAF\xE7\x94\xA8\xE6\x97\xB6\xE6\x9C\x80\xE4\xBD\xB3\xEF\xBC\x8C\xE6\x9F\x90\xE4\xBA\x9B\xE6\xB8\xB8\xE6\x88\x8F\xE4\xB8\x8D\xE5\x85\xBC\xE5\xAE\xB9\xEF\xBC\x88\xE5\xA6\x82\xE8\xB5\x9B\xE5\x8D\x9A\xE6\x9C\x8B\xE5\x85\x8B\xEF\xBC\x89\x0A\xE5\xB9\xB6\xE5\xB0\x86\xE5\x9B\x9E\xE9\x80\x80\xE5\x88\xB0\xE6\xBF\x80\xE8\xBF\x9B\xE6\xA8\xA1\xE5\xBC\x8F", "\xE5\x8F\xAF\xE7\x94\xA8\xE6\x99\x82\xE6\x9C\x80\xE4\xBD\xB3\xEF\xBC\x8C\xE6\x9F\x90\xE4\xBA\x9B\xE9\x81\x8A\xE6\x88\xB2\xE4\xB8\x8D\xE5\x85\xBC\xE5\xAE\xB9\xEF\xBC\x88\xE5\xA6\x82\xE8\xB3\xBD\xE5\x8D\x9A\xE6\x9C\x8B\xE5\x85\x8B\xEF\xBC\x89\x0A\xE4\xB8\xA6\xE5\xB0\x87\xE5\x9B\x9E\xE9\x80\x80\xE5\x88\xB0\xE6\xBF\x80\xE9\x80\xB2\xE6\xA8\xA1\xE5\xBC\x8F"},
{"\xE9\xBB\x98\xE8\xAE\xA4\xE9\x80\x89\xE9\xA1\xB9\xE3\x80\x82\x0A\xE7\x94\xBB\xE8\xB4\xA8\xE8\xB6\xB3\xE5\xA4\x9F\xE5\xA5\xBD\xE4\xB8\x94\xE9\x9D\x9E\xE5\xB8\xB8\xE5\xBF\xAB\xE3\x80\x82", "\xE9\xBB\x98\xE8\xAA\x8D\xE9\x81\xB8\xE9\xA0\x85\xE3\x80\x82\x0A\xE7\x95\xAB\xE8\xB3\xAA\xE8\xB6\xB3\xE5\xA4\xA0\xE5\xA5\xBD\xE4\xB8\x94\xE9\x9D\x9E\xE5\xB8\xB8\xE5\xBF\xAB\xE3\x80\x82"},
{"\xE6\x9C\x80\xE5\xBF\xAB\xE7\x9A\x84\xE4\xBC\xA0\xE7\xBB\x9F\xE9\x80\x89\xE9\xA1\xB9\xE3\x80\x82\x0A\xE4\xBA\xA7\xE7\x94\x9F\xE9\x9D\x9E\xE5\xB8\xB8\xE6\x9F\x94\xE5\x92\x8C\x2F\xE6\xA8\xA1\xE7\xB3\x8A\xE7\x9A\x84\xE5\x9B\xBE\xE5\x83\x8F\xEF\xBC\x8C\xE4\xBD\x86\xE5\xAF\xB9\xE4\xBA\x8E\xE7\xBC\xA9\xE5\xB0\x8F\xE6\x9D\xA5\xE8\xAF\xB4\xE5\x8F\xAF\xE8\x83\xBD\xE8\xBF\x98\xE5\x8F\xAF\xE4\xBB\xA5\xE3\x80\x82", "\xE6\x9C\x80\xE5\xBF\xAB\xE7\x9A\x84\xE5\x82\xB3\xE7\xB5\xB1\xE9\x81\xB8\xE9\xA0\x85\xE3\x80\x82\x0A\xE7\x94\xA2\xE7\x94\x9F\xE9\x9D\x9E\xE5\xB8\xB8\xE6\x9F\x94\xE5\x92\x8C\x2F\xE6\xA8\xA1\xE7\xB3\x8A\xE7\x9A\x84\xE5\x9C\x96\xE5\x83\x8F\xEF\xBC\x8C\xE4\xBD\x86\xE5\xB0\x8D\xE6\x96\xBC\xE7\xB8\xAE\xE5\xB0\x8F\xE4\xBE\x86\xE8\xAA\xAA\xE5\x8F\xAF\xE8\x83\xBD\xE9\x82\x84\xE5\x8F\xAF\xE4\xBB\xA5\xE3\x80\x82"},
{"\xE4\xB8\xBB\xE8\xA6\x81\xE8\xAE\xBE\xE8\xAE\xA1\xE7\x94\xA8\xE4\xBA\x8E\xE7\xBC\xA9\xE5\xB0\x8F\xE3\x80\x82\x0A\xE4\xBF\x9D\xE6\x8C\x81\xE8\x89\xAF\xE5\xA5\xBD\xE7\x9A\x84\xE5\xAF\xB9\xE6\xAF\x94\xE5\xBA\xA6\xE4\xB8\x94\xE4\xBC\xAA\xE5\xBD\xB1\xE6\x9E\x81\xE5\xB0\x91\xEF\xBC\x8C\xE4\xBD\x86\xE6\xAF\x94\x4C\x61\x6E\x63\x7A\x6F\x73\xE6\x9B\xB4\xE6\x9F\x94\xE5\x92\x8C\xE3\x80\x82", "\xE4\xB8\xBB\xE8\xA6\x81\xE8\xA8\xAD\xE8\xA8\x88\xE7\x94\xA8\xE6\x96\xBC\xE7\xB8\xAE\xE5\xB0\x8F\xE3\x80\x82\x0A\xE4\xBF\x9D\xE6\x8C\x81\xE8\x89\xAF\xE5\xA5\xBD\xE7\x9A\x84\xE5\xB0\x8D\xE6\xAF\x94\xE5\xBA\xA6\xE4\xB8\x94\xE5\x83\x9E\xE5\xBD\xB1\xE6\xA5\xB5\xE5\xB0\x91\xEF\xBC\x8C\xE4\xBD\x86\xE6\xAF\x94\x4C\x61\x6E\x63\x7A\x6F\x73\xE6\x9B\xB4\xE6\x9F\x94\xE5\x92\x8C\xE3\x80\x82"},
{"\xE6\xAF\x94\x4C\x61\x6E\x63\x7A\x6F\x73\x33\xE6\x9B\xB4\xE8\xBD\xBB\xE6\x9B\xB4\xE5\xBF\xAB\xE3\x80\x82\x0A\xE4\xB8\x8D\xE6\x98\x93\xE4\xBA\xA7\xE7\x94\x9F\xE6\x8C\xAF\xE9\x93\x83\xE4\xBC\xAA\xE5\xBD\xB1\xEF\xBC\x8C\xE4\xBD\x86\xE7\x95\xA5\xE5\xBE\xAE\xE6\x9B\xB4\xE6\xA8\xA1\xE7\xB3\x8A\xE3\x80\x82", "\xE6\xAF\x94\x4C\x61\x6E\x63\x7A\x6F\x73\x33\xE6\x9B\xB4\xE8\xBC\x95\xE6\x9B\xB4\xE5\xBF\xAB\xE3\x80\x82\x0A\xE4\xB8\x8D\xE6\x98\x93\xE7\x94\xA2\xE7\x94\x9F\xE6\x8C\xAF\xE9\x88\xB4\xE5\x83\x9E\xE5\xBD\xB1\xEF\xBC\x8C\xE4\xBD\x86\xE7\x95\xA5\xE5\xBE\xAE\xE6\x9B\xB4\xE6\xA8\xA1\xE7\xB3\x8A\xE3\x80\x82"},
{"\x4C\x61\x6E\x63\x7A\x6F\x73\x32\xE7\x9A\x84\xE8\xBE\x83\xE9\x87\x8D\xE7\x89\x88\xE6\x9C\xAC\xE3\x80\x82\x0A\xE6\x8F\x90\xE4\xBE\x9B\xE6\x9C\x80\xE9\x94\x90\xE5\x88\xA9\xE7\x9A\x84\xE5\x9B\xBE\xE5\x83\x8F\xEF\xBC\x8C\xE4\xBD\x86\xE6\x9C\x80\xE5\xAE\xB9\xE6\x98\x93\xE4\xBA\xA7\xE7\x94\x9F\xE6\x8C\xAF\xE9\x93\x83\xE3\x80\x82", "\x4C\x61\x6E\x63\x7A\x6F\x73\x32\xE7\x9A\x84\xE8\xBC\x83\xE9\x87\x8D\xE7\x89\x88\xE6\x9C\xAC\xE3\x80\x82\x0A\xE6\x8F\x90\xE4\xBE\x9B\xE6\x9C\x80\xE9\x8A\xB3\xE5\x88\xA9\xE7\x9A\x84\xE5\x9C\x96\xE5\x83\x8F\xEF\xBC\x8C\xE4\xBD\x86\xE6\x9C\x80\xE5\xAE\xB9\xE6\x98\x93\xE7\x94\xA2\xE7\x94\x9F\xE6\x8C\xAF\xE9\x88\xB4\xE3\x80\x82"},
{"\xE4\xB8\x8E\x4C\x61\x6E\x63\x7A\x6F\x73\x32\xE7\xB1\xBB\xE4\xBC\xBC\xE3\x80\x82\x0A\xE6\xAF\x94\x4C\x61\x6E\x63\x7A\x6F\x73\xE6\x9B\xB4\xE5\xB9\xB3\xE6\xBB\x91\xE4\xB8\x94\xE4\xB8\x8D\xE6\x98\x93\xE4\xBA\xA7\xE7\x94\x9F\xE4\xBC\xAA\xE5\xBD\xB1\xEF\xBC\x8C\xE4\xBD\x86\xE7\x95\xA5\xE5\xBE\xAE\xE6\x9B\xB4\xE6\xA8\xA1\xE7\xB3\x8A\xE3\x80\x82", "\xE8\x88\x87\x4C\x61\x6E\x63\x7A\x6F\x73\x32\xE9\xA1\x9E\xE4\xBC\xBC\xE3\x80\x82\x0A\xE6\xAF\x94\x4C\x61\x6E\x63\x7A\x6F\x73\xE6\x9B\xB4\xE5\xB9\xB3\xE6\xBB\x91\xE4\xB8\x94\xE4\xB8\x8D\xE6\x98\x93\xE7\x94\xA2\xE7\x94\x9F\xE5\x83\x9E\xE5\xBD\xB1\xEF\xBC\x8C\xE4\xBD\x86\xE7\x95\xA5\xE5\xBE\xAE\xE6\x9B\xB4\xE6\xA8\xA1\xE7\xB3\x8A\xE3\x80\x82"},
{"\xE4\xB8\x8E\x4C\x61\x6E\x63\x7A\x6F\x73\x33\xE7\xB1\xBB\xE4\xBC\xBC\xE3\x80\x82\x0A\xE6\xAF\x94\x4C\x61\x6E\x63\x7A\x6F\x73\x33\xE4\xB8\x8D\xE6\x98\x93\xE4\xBA\xA7\xE7\x94\x9F\xE4\xBC\xAA\xE5\xBD\xB1\xEF\xBC\x8C\xE4\xBD\x86\xE5\x9C\xA8\x47\x50\x55\xE4\xB8\x8A\xE9\x87\x8D\xE5\xBE\x97\xE5\xA4\x9A\xE3\x80\x82", "\xE8\x88\x87\x4C\x61\x6E\x63\x7A\x6F\x73\x33\xE9\xA1\x9E\xE4\xBC\xBC\xE3\x80\x82\x0A\xE6\xAF\x94\x4C\x61\x6E\x63\x7A\x6F\x73\x33\xE4\xB8\x8D\xE6\x98\x93\xE7\x94\xA2\xE7\x94\x9F\xE5\x83\x9E\xE5\xBD\xB1\xEF\xBC\x8C\xE4\xBD\x86\xE5\x9C\xA8\x47\x50\x55\xE4\xB8\x8A\xE9\x87\x8D\xE5\xBE\x97\xE5\xA4\x9A\xE3\x80\x82"},
{"\xE4\xB8\x93\xE9\x97\xA8\xE7\x94\xA8\xE4\xBA\x8E\xE9\x98\xB2\xE6\xAD\xA2\xE4\xBC\xAA\xE5\xBD\xB1\xE3\x80\x82\x0A\xE6\xB6\x88\xE9\x99\xA4\xE5\x88\xBA\xE7\x9C\xBC\xE7\x9A\x84\xE5\x85\x89\xE6\x99\x95\xE4\xBB\xA5\xE8\x8E\xB7\xE5\xBE\x97\xE8\x87\xAA\xE7\x84\xB6\xE5\xA4\x96\xE8\xA7\x82\xEF\xBC\x8C\xE4\xBD\x86\xE5\x8F\xAF\xE8\x83\xBD\xE6\x98\xBE\xE5\xBE\x97\xE7\x95\xA5\xE5\xBE\xAE\xE6\x9F\x94\xE5\x92\x8C\xE3\x80\x82", "\xE5\xB0\x88\xE9\x96\x80\xE7\x94\xA8\xE6\x96\xBC\xE9\x98\xB2\xE6\xAD\xA2\xE5\x83\x9E\xE5\xBD\xB1\xE3\x80\x82\x0A\xE6\xB6\x88\xE9\x99\xA4\xE5\x88\xBA\xE7\x9C\xBC\xE7\x9A\x84\xE5\x85\x89\xE6\x9A\x88\xE4\xBB\xA5\xE7\x8D\xB2\xE5\xBE\x97\xE8\x87\xAA\xE7\x84\xB6\xE5\xA4\x96\xE8\xA7\x80\xEF\xBC\x8C\xE4\xBD\x86\xE5\x8F\xAF\xE8\x83\xBD\xE9\xA1\xAF\xE5\xBE\x97\xE7\x95\xA5\xE5\xBE\xAE\xE6\x9F\x94\xE5\x92\x8C\xE3\x80\x82"},
{"\xE5\xBD\x93\xE6\xAF\x94\xE4\xBE\x8B\xE4\xBD\x8E\xE4\xBA\x8E\x31\x2E\x30\xE6\x97\xB6\xE4\xBB\x85\xE6\x94\xAF\xE6\x8C\x81\x46\x53\x52\x31\xE5\x92\x8C\x42\x69\x63\x75\x62\x69\x63\xE3\x80\x82", "\xE7\x95\xB6\xE6\xAF\x94\xE4\xBE\x8B\xE4\xBD\x8E\xE6\x96\xBC\x31\x2E\x30\xE6\x99\x82\xE5\x83\x85\xE6\x94\xAF\xE6\x8C\x81\x46\x53\x52\x31\xE5\x92\x8C\x42\x69\x63\x75\x62\x69\x63\xE3\x80\x82"},
{"\x46\x50\x53\x20\xE8\xA6\x86\xE7\x9B\x96", "\x46\x50\x53\x20\xE8\xA6\x86\xE8\x93\x8B"},
{"\x46\x50\x53\x20\xE8\xA6\x86\xE7\x9B\x96\xE5\xBE\xAA\xE7\x8E\xAF", "\x46\x50\x53\x20\xE8\xA6\x86\xE8\x93\x8B\xE5\xBE\xAA\xE7\x92\xB0"},
{"\xE6\xA3\x80\xE6\xB5\x8B\xE5\x88\xB0\x6E\x76\x6E\x67\x78\x2E\x69\x6E\x69\xEF\xBC\x8C\xE8\xAF\xB7\xE8\xBF\x81\xE7\xA7\xBB\xE8\x87\xB3\xE4\xBD\xBF\xE7\x94\xA8\x4F\x70\x74\x69\x53\x63\x61\x6C\x65\x72\x2E\x69\x6E\x69\xE5\xB9\xB6\xE5\x88\xA0\xE9\x99\xA4\xE6\x97\xA7\xE9\x85\x8D\xE7\xBD\xAE", "\xE6\xAA\xA2\xE6\xB8\xAC\xE5\x88\xB0\x6E\x76\x6E\x67\x78\x2E\x69\x6E\x69\xEF\xBC\x8C\xE8\xAB\x8B\xE9\x81\xB7\xE7\xA7\xBB\xE8\x87\xB3\xE4\xBD\xBF\xE7\x94\xA8\x4F\x70\x74\x69\x53\x63\x61\x6C\x65\x72\x2E\x69\x6E\x69\xE4\xB8\xA6\xE5\x88\xAA\xE9\x99\xA4\xE8\x88\x8A\xE9\x85\x8D\xE7\xBD\xAE"},
{"\xE8\xB6\x85\xE7\xBA\xA7\xE6\x80\xA7\xE8\x83\xBD", "\xE8\xB6\x85\xE7\xB4\x9A\xE6\x80\xA7\xE8\x83\xBD"},
{"\xE8\xB4\xA8\xE9\x87\x8F", "\xE8\xB3\xAA\xE9\x87\x8F"},
{"\xE8\xB6\x85\xE7\xBA\xA7\xE8\xB4\xA8\xE9\x87\x8F", "\xE8\xB6\x85\xE7\xB4\x9A\xE8\xB3\xAA\xE9\x87\x8F"},
{"\x44\x4C\x41\x41", "\x44\x4C\x41\x41"},
{"\xE7\xA6\x81\xE7\x94\xA8", "\xE7\xA6\x81\xE7\x94\xA8"},
{"\xE5\x85\x89\xE7\xBA\xBF\xE5\x86\x8D\xE7\x94\x9F", "\xE5\x85\x89\xE7\xB7\x9A\xE5\x86\x8D\xE7\x94\x9F"},
{"\xE7\x94\xBB\xE9\x9D\xA2", "\xE7\x95\xAB\xE9\x9D\xA2"},
{"\xE5\xBB\xB6\xE8\xBF\x9F", "\xE5\xBB\xB6\xE9\x81\xB2"},
{"\xE6\x98\xBE\xE7\xA4\xBA", "\xE9\xA1\xAF\xE7\xA4\xBA"},
{"\xE9\xAB\x98\xE7\xBA\xA7", "\xE9\xAB\x98\xE7\xB4\x9A"},
{"\xE8\xAD\xA6\xE5\x91\x8A\xEF\xBC\x9A\xE6\xB8\xB8\xE6\x88\x8F\xE8\xBF\x87\xE7\xA8\x8B\xE4\xB8\xAD\xE5\x88\x87\xE6\x8D\xA2\x44\x4C\x53\x53\x2D\x52\x52\xE9\x80\x89\xE9\xA1\xB9\xE5\x8F\xAF\xE8\x83\xBD\xE5\xAF\xBC\xE8\x87\xB4\xE9\xBB\x91\xE5\xB1\x8F\xE3\x80\x82\xE8\xAF\xB7\xE9\x87\x8D\xE5\x90\xAF\xE6\xB8\xB8\xE6\x88\x8F\xE4\xBB\xA5\xE5\xBC\x80\xE5\x90\xAF\xE6\x88\x96\xE5\x85\xB3\xE9\x97\xAD\x44\x4C\x53\x53\x2D\x52\x52\xE3\x80\x82", "\xE8\xAD\xA6\xE5\x91\x8A\xEF\xBC\x9A\xE9\x81\x8A\xE6\x88\xB2\xE9\x81\x8E\xE7\xA8\x8B\xE4\xB8\xAD\xE5\x88\x87\xE6\x8F\x9B\x44\x4C\x53\x53\x2D\x52\x52\xE9\x81\xB8\xE9\xA0\x85\xE5\x8F\xAF\xE8\x83\xBD\xE5\xB0\x8E\xE8\x87\xB4\xE9\xBB\x91\xE5\xB1\x8F\xE3\x80\x82\xE8\xAB\x8B\xE9\x87\x8D\xE5\x95\x93\xE9\x81\x8A\xE6\x88\xB2\xE4\xBB\xA5\xE9\x96\x8B\xE5\x95\x93\xE6\x88\x96\xE9\x97\x9C\xE9\x96\x89\x44\x4C\x53\x53\x2D\x52\x52\xE3\x80\x82"},
{"\xE4\xBA\xA4\xE5\x8F\x89\xE5\x8F\x8C\xE8\xBE\xB9\xE6\xB3\x95\xE7\xBA\xBF\xE5\xBC\xBA\xE5\xBA\xA6", "\xE4\xBA\xA4\xE5\x8F\x89\xE9\x9B\x99\xE9\x82\x8A\xE6\xB3\x95\xE7\xB7\x9A\xE5\xBC\xB7\xE5\xBA\xA6"},
{"\xE6\x9C\x80\xE5\xA4\xA7\xE8\xBE\x90\xE5\xB0\x84\xE5\xBA\xA6", "\xE6\x9C\x80\xE5\xA4\xA7\xE8\xBC\xBB\xE5\xB0\x84\xE5\xBA\xA6"},
{"\xE9\xAB\x98\xE6\x96\xAF\xE6\xA0\xB8\xE6\x9D\xBE\xE5\xBC\x9B", "\xE9\xAB\x98\xE6\x96\xAF\xE6\xA0\xB8\xE9\xAC\x86\xE5\xBC\x9B"},
{"\xE5\x9C\xB0\xE9\x9D\xA2\xE9\x9A\x94\xE7\xA6\xBB", "\xE5\x9C\xB0\xE9\x9D\xA2\xE9\x9A\x94\xE9\x9B\xA2"},
{"\xE6\x97\xB6\xE5\x9F\x9F\xE7\xA8\xB3\xE5\xAE\x9A", "\xE6\x99\x82\xE5\x9F\x9F\xE7\xA9\xA9\xE5\xAE\x9A"},
{"\xE6\x97\xB6\xE5\x9F\x9F\xE7\xA8\xB3\xE5\xAE\x9A\xE5\xB1\x82", "\xE6\x99\x82\xE5\x9F\x9F\xE7\xA9\xA9\xE5\xAE\x9A\xE5\xB1\xA4"},
{"\xE6\x97\xB6\xE5\x9F\x9F\xE7\xA8\xB3\xE5\xAE\x9A\xE7\xB3\xBB\xE6\x95\xB0", "\xE6\x99\x82\xE5\x9F\x9F\xE7\xA9\xA9\xE5\xAE\x9A\xE4\xBF\x82\xE6\x95\xB8"},
{"\x46\x53\x52\x2D\x52\x52\x20\xE4\xBB\x93\xE5\xBA\x93\xE6\x97\xB6\xE5\x9F\x9F\xE7\xA8\xB3\xE5\xAE\x9A\xE5\xB1\x82\xEF\xBC\x9A\xE5\x9C\xA8\xE5\x90\x88\xE6\x88\x90\xE5\x90\x8E\xE5\xAF\xB9\xE9\x9D\x99\xE6\xAD\xA2\xE5\x8C\xBA\xE5\x9F\x9F\xE7\xB4\xAF\xE7\xA7\xAF\xE5\x8E\x86\xE5\x8F\xB2\xE5\xB8\xA7\xEF\xBC\x8C\xE6\x8A\x91\xE5\x88\xB6\xE6\xAE\x8B\xE7\x95\x99\xE9\x97\xAA\xE7\x83\x81\xE3\x80\x82\xE8\xBF\x90\xE5\x8A\xA8\xE5\x8C\xBA\xE5\x9F\x9F\xE8\x87\xAA\xE5\x8A\xA8\xE5\x88\x87\xE6\x8D\xA2\xE4\xB8\xBA\xE5\xBD\x93\xE5\x89\x8D\xE5\xB8\xA7\xEF\xBC\x8C\xE9\x81\xBF\xE5\x85\x8D\xE6\x8B\x96\xE5\xBD\xB1\xE3\x80\x82", "\x46\x53\x52\x2D\x52\x52\x20\xE5\x80\x89\xE5\xBA\xAB\xE6\x99\x82\xE5\x9F\x9F\xE7\xA9\xA9\xE5\xAE\x9A\xE5\xB1\xA4\xEF\xBC\x9A\xE5\x9C\xA8\xE5\x90\x88\xE6\x88\x90\xE5\xBE\x8C\xE5\xB0\x8D\xE9\x9D\x9C\xE6\xAD\xA2\xE5\x8D\x80\xE5\x9F\x9F\xE7\xB4\xAF\xE7\xA9\x8D\xE6\xAD\xB7\xE5\x8F\xB2\xE5\xB9\x80\xEF\xBC\x8C\xE6\x8A\x91\xE5\x88\xB6\xE6\xAE\x98\xE7\x95\x99\xE9\x96\x83\xE7\x88\x8D\xE3\x80\x82\xE9\x81\x8B\xE5\x8B\x95\xE5\x8D\x80\xE5\x9F\x9F\xE8\x87\xAA\xE5\x8B\x95\xE5\x88\x87\xE6\x8F\x9B\xE7\x88\xB2\xE7\x95\xB6\xE5\x89\x8D\xE5\xB9\x80\xEF\xBC\x8C\xE9\x81\xBF\xE5\x85\x8D\xE6\x8B\x96\xE5\xBD\xB1\xE3\x80\x82"},
{"\xE6\x97\xB6\xE5\x9F\x9F\xE7\xA8\xB3\xE5\xAE\x9A\xE7\xB3\xBB\xE6\x95\xB0\xEF\xBC\x9A\xE9\x9D\x99\xE6\xAD\xA2\xE5\x83\x8F\xE7\xB4\xA0\xE7\x9A\x84\xE5\x8E\x86\xE5\x8F\xB2\xE5\xB8\xA7\xE6\x9D\x83\xE9\x87\x8D\xE3\x80\x82\xE8\xBE\x83\xE4\xBD\x8E\xEF\xBC\x9A\xE6\x9B\xB4\xE5\xBC\xBA\xE5\x8E\x8B\xE9\x97\xAA\xE7\x83\x81\xEF\xBC\x8C\xE4\xBD\x86\xE5\x9C\xA8\xE5\x9C\xBA\xE6\x99\xAF\xE7\xAA\x81\xE5\x8F\x98\xE6\x97\xB6\xE5\x93\x8D\xE5\xBA\x94\xE8\xBE\x83\xE6\x85\xA2\xEF\xBC\x9B\xE8\xBE\x83\xE9\xAB\x98\xEF\xBC\x9A\xE5\x93\x8D\xE5\xBA\x94\xE8\xBE\x83\xE5\xBF\xAB\xEF\xBC\x8C\xE4\xBD\x86\xE9\x97\xAA\xE7\x83\x81\xE5\x8E\x8B\xE5\x88\xB6\xE5\xBC\xB1\xE3\x80\x82\xE8\xBF\x90\xE5\x8A\xA8\xE5\x8C\xBA\xE5\x9F\x9F\xE4\xB8\x8D\xE5\x8F\x97\xE6\xAD\xA4\xE5\x8F\x82\xE6\x95\xB0\xE5\xBD\xB1\xE5\x93\x8D\xE3\x80\x82", "\xE6\x99\x82\xE5\x9F\x9F\xE7\xA9\xA9\xE5\xAE\x9A\xE4\xBF\x82\xE6\x95\xB8\xEF\xBC\x9A\xE9\x9D\x9C\xE6\xAD\xA2\xE5\x83\x8F\xE7\xB4\xA0\xE7\x9A\x84\xE6\xAD\xB7\xE5\x8F\xB2\xE5\xB9\x80\xE6\xAC\x8A\xE9\x87\x8D\xE3\x80\x82\xE8\xBC\x83\xE4\xBD\x8E\xEF\xBC\x9A\xE6\x9B\xB4\xE5\xBC\xB7\xE5\xA3\x93\xE9\x96\x83\xE7\x88\x8D\xEF\xBC\x8C\xE4\xBD\x86\xE5\x9C\xA8\xE5\xA0\xB4\xE6\x99\xAF\xE7\xAA\x81\xE8\xAE\x8A\xE6\x99\x82\xE9\x9F\xBF\xE6\x87\x89\xE8\xBC\x83\xE6\x85\xA2\xEF\xBC\x9B\xE8\xBC\x83\xE9\xAB\x98\xEF\xBC\x9A\xE9\x9F\xBF\xE6\x87\x89\xE8\xBC\x83\xE5\xBF\xAB\xEF\xBC\x8C\xE4\xBD\x86\xE9\x96\x83\xE7\x88\x8D\xE5\xA3\x93\xE5\x88\xB6\xE5\xBC\xB1\xE3\x80\x82\xE9\x81\x8B\xE5\x8B\x95\xE5\x8D\x80\xE5\x9F\x9F\xE4\xB8\x8D\xE5\x8F\x97\xE6\xAD\xA4\xE5\x8F\x83\xE6\x95\xB8\xE5\xBD\xB1\xE9\x9F\xBF\xE3\x80\x82"},
{"\xE9\x99\x8D\xE5\x99\xAA\xE6\xA8\xA1\xE5\xBC\x8F", "\xE9\x99\x8D\xE5\x99\xAA\xE6\xA8\xA1\xE5\xBC\x8F"},
{"\xE5\x88\x87\xE6\x8D\xA2\xE6\xA8\xA1\xE5\xBC\x8F", "\xE5\x88\x87\xE6\x8F\x9B\xE6\xA8\xA1\xE5\xBC\x8F"},
{"\xE5\x8E\xBB\xE9\x81\xAE\xE6\x8C\xA1\xE9\x98\x88\xE5\x80\xBC", "\xE5\x8E\xBB\xE9\x81\xAE\xE6\x93\x8B\xE9\x96\xBE\xE5\x80\xBC"},
{"\xE6\x97\xB6\xE9\x97\xB4\xE7\xA8\xB3\xE5\xAE\x9A\xE6\x80\xA7\xE5\x81\x8F\xE7\xBD\xAE", "\xE6\x99\x82\xE9\x96\x93\xE7\xA9\xA9\xE5\xAE\x9A\xE6\x80\xA7\xE5\x81\x8F\xE7\xBD\xAE"},
{"\xE8\xBE\x90\xE5\xB0\x84\xE5\xBA\xA6\xE8\xA3\x81\xE5\x89\xAA\xE5\x81\x8F\xE5\xB7\xAE", "\xE8\xBC\xBB\xE5\xB0\x84\xE5\xBA\xA6\xE8\xA3\x81\xE5\x89\xAA\xE5\x81\x8F\xE5\xB7\xAE"},
{"\xE7\x9B\xB8\xE5\x85\xB3\xE6\x80\xA7\xE5\x81\x8F\xE7\xBD\xAE", "\xE7\x9B\xB8\xE9\x97\x9C\xE6\x80\xA7\xE5\x81\x8F\xE7\xBD\xAE"},
{"\xE8\xAE\xBE\xE7\xBD\xAE\xE9\x99\x8D\xE5\x99\xAA\xE6\xA8\xA1\xE5\xBC\x8F\xE3\x80\x82\x0A\x31\x20\xE4\xBF\xA1\xE5\x8F\xB7\xEF\xBC\x9A\xE8\x9E\x8D\xE5\x90\x88\xE9\xAB\x98\xE5\x85\x89\xE5\x92\x8C\xE6\xBC\xAB\xE5\x8F\x8D\xE5\xB0\x84\xE3\x80\x82\x0A\x32\x20\xE4\xBF\xA1\xE5\x8F\xB7\xEF\xBC\x9A\xE5\x88\x86\xE7\xA6\xBB\xE9\xAB\x98\xE5\x85\x89\xE5\x92\x8C\xE6\xBC\xAB\xE5\x8F\x8D\xE5\xB0\x84\xE3\x80\x82\x0A\x34\x20\xE4\xBF\xA1\xE5\x8F\xB7\xEF\xBC\x9A\xE5\x88\x86\xE7\xA6\xBB\xE7\x9B\xB4\xE6\x8E\xA5\x2F\xE9\x97\xB4\xE6\x8E\xA5\xE9\xAB\x98\xE5\x85\x89\xE5\x92\x8C\xE6\xBC\xAB\xE5\x8F\x8D\xE5\xB0\x84\xEF\xBC\x88\xE6\x9C\x80\xE9\xAB\x98\xE8\xB4\xA8\xE9\x87\x8F\xEF\xBC\x89\xE3\x80\x82", "\xE8\xA8\xAD\xE7\xBD\xAE\xE9\x99\x8D\xE5\x99\xAA\xE6\xA8\xA1\xE5\xBC\x8F\xE3\x80\x82\x0A\x31\x20\xE4\xBF\xA1\xE8\x99\x9F\xEF\xBC\x9A\xE8\x9E\x8D\xE5\x90\x88\xE9\xAB\x98\xE5\x85\x89\xE5\x92\x8C\xE6\xBC\xAB\xE5\x8F\x8D\xE5\xB0\x84\xE3\x80\x82\x0A\x32\x20\xE4\xBF\xA1\xE8\x99\x9F\xEF\xBC\x9A\xE5\x88\x86\xE9\x9B\xA2\xE9\xAB\x98\xE5\x85\x89\xE5\x92\x8C\xE6\xBC\xAB\xE5\x8F\x8D\xE5\xB0\x84\xE3\x80\x82\x0A\x34\x20\xE4\xBF\xA1\xE8\x99\x9F\xEF\xBC\x9A\xE5\x88\x86\xE9\x9B\xA2\xE7\x9B\xB4\xE6\x8E\xA5\x2F\xE9\x96\x93\xE6\x8E\xA5\xE9\xAB\x98\xE5\x85\x89\xE5\x92\x8C\xE6\xBC\xAB\xE5\x8F\x8D\xE5\xB0\x84\xEF\xBC\x88\xE6\x9C\x80\xE9\xAB\x98\xE8\xB3\xAA\xE9\x87\x8F\xEF\xBC\x89\xE3\x80\x82"},
{"\xE6\x8E\xA7\xE5\x88\xB6\xE5\x8E\xBB\xE5\x99\xAA\xE5\x99\xA8\xE5\xAF\xB9\xE6\x96\xB0\xE9\x9C\xB2\xE5\x87\xBA\xE5\x8C\xBA\xE5\x9F\x9F\xE7\x9A\x84\xE6\x95\x8F\xE6\x84\x9F\xE7\xA8\x8B\xE5\xBA\xA6\xE3\x80\x82\x0A\xE8\xBE\x83\xE4\xBD\x8E\xEF\xBC\x9A\xE6\x9B\xB4\xE6\x95\x8F\xE6\x84\x9F\xEF\xBC\x8C\xE6\x9B\xB4\xE5\xA5\xBD\xE5\x9C\xB0\xE5\xA4\x84\xE7\x90\x86\xE8\xBF\x90\xE5\x8A\xA8\xE7\x89\xA9\xE4\xBD\x93\xEF\xBC\x8C\xE4\xBD\x86\xE5\x8F\xAF\xE8\x83\xBD\xE9\x97\xAA\xE7\x83\x81\xE3\x80\x82\x0A\xE8\xBE\x83\xE9\xAB\x98\xEF\xBC\x9A\xE8\xBE\x83\xE4\xB8\x8D\xE6\x95\x8F\xE6\x84\x9F\xEF\xBC\x8C\xE5\x87\x8F\xE5\xB0\x91\xE9\x97\xAA\xE7\x83\x81\xEF\xBC\x8C\xE4\xBD\x86\xE5\x8F\xAF\xE8\x83\xBD\xE5\xAF\xBC\xE8\x87\xB4\xE9\xAC\xBC\xE5\xBD\xB1\xE6\x88\x96\xE5\x85\x89\xE6\x99\x95\xE6\x8B\x96\xE5\xB0\xBE\xE3\x80\x82", "\xE6\x8E\xA7\xE5\x88\xB6\xE5\x8E\xBB\xE5\x99\xAA\xE5\x99\xA8\xE5\xB0\x8D\xE6\x96\xB0\xE9\x9C\xB2\xE5\x87\xBA\xE5\x8D\x80\xE5\x9F\x9F\xE7\x9A\x84\xE6\x95\x8F\xE6\x84\x9F\xE7\xA8\x8B\xE5\xBA\xA6\xE3\x80\x82\x0A\xE8\xBC\x83\xE4\xBD\x8E\xEF\xBC\x9A\xE6\x9B\xB4\xE6\x95\x8F\xE6\x84\x9F\xEF\xBC\x8C\xE6\x9B\xB4\xE5\xA5\xBD\xE5\x9C\xB0\xE8\x99\x95\xE7\x90\x86\xE9\x81\x8B\xE5\x8B\x95\xE7\x89\xA9\xE9\xAB\x94\xEF\xBC\x8C\xE4\xBD\x86\xE5\x8F\xAF\xE8\x83\xBD\xE9\x96\x83\xE7\x88\x8D\xE3\x80\x82\x0A\xE8\xBC\x83\xE9\xAB\x98\xEF\xBC\x9A\xE8\xBC\x83\xE4\xB8\x8D\xE6\x95\x8F\xE6\x84\x9F\xEF\xBC\x8C\xE6\xB8\x9B\xE5\xB0\x91\xE9\x96\x83\xE7\x88\x8D\xEF\xBC\x8C\xE4\xBD\x86\xE5\x8F\xAF\xE8\x83\xBD\xE5\xB0\x8E\xE8\x87\xB4\xE9\xAC\xBC\xE5\xBD\xB1\xE6\x88\x96\xE5\x85\x89\xE6\x9A\x88\xE6\x8B\x96\xE5\xB0\xBE\xE3\x80\x82"},
{"\xE6\x8E\xA7\xE5\x88\xB6\xE5\x8E\xBB\xE5\x99\xAA\xE5\x99\xA8\xE5\x9F\xBA\xE4\xBA\x8E\xE8\xA1\xA8\xE9\x9D\xA2\xE8\xA7\x92\xE5\xBA\xA6\xE4\xBF\x9D\xE7\x95\x99\xE8\xBE\xB9\xE7\xBC\x98\xE7\x9A\x84\xE5\xBC\xBA\xE5\xBA\xA6\xE3\x80\x82\x0A\xE8\xBE\x83\xE9\xAB\x98\xEF\xBC\x9A\xE8\xBE\xB9\xE7\xBC\x98\xE6\x9B\xB4\xE9\x94\x90\xE5\x88\xA9\xEF\xBC\x8C\xE9\x98\xB2\xE6\xAD\xA2\xE8\xB7\xA8\xE8\xA1\xA8\xE9\x9D\xA2\xE8\xBE\xB9\xE7\x95\x8C\xE6\xA8\xA1\xE7\xB3\x8A\xE3\x80\x82\x0A\xE8\xBF\x87\xE9\xAB\x98\xEF\xBC\x9A\xE5\x8F\xAF\xE8\x83\xBD\xE5\x9C\xA8\xE5\xA4\x8D\xE6\x9D\x82\xE8\xA1\xA8\xE9\x9D\xA2\xE4\xB8\x8A\xE5\xBC\x95\xE5\x85\xA5\xE5\x99\xAA\xE7\x82\xB9\xE6\x88\x96\xE4\xBC\xAA\xE5\xBD\xB1\xE3\x80\x82", "\xE6\x8E\xA7\xE5\x88\xB6\xE5\x8E\xBB\xE5\x99\xAA\xE5\x99\xA8\xE5\x9F\xBA\xE6\x96\xBC\xE8\xA1\xA8\xE9\x9D\xA2\xE8\xA7\x92\xE5\xBA\xA6\xE4\xBF\x9D\xE7\x95\x99\xE9\x82\x8A\xE7\xB7\xA3\xE7\x9A\x84\xE5\xBC\xB7\xE5\xBA\xA6\xE3\x80\x82\x0A\xE8\xBC\x83\xE9\xAB\x98\xEF\xBC\x9A\xE9\x82\x8A\xE7\xB7\xA3\xE6\x9B\xB4\xE9\x8A\xB3\xE5\x88\xA9\xEF\xBC\x8C\xE9\x98\xB2\xE6\xAD\xA2\xE8\xB7\xA8\xE8\xA1\xA8\xE9\x9D\xA2\xE9\x82\x8A\xE7\x95\x8C\xE6\xA8\xA1\xE7\xB3\x8A\xE3\x80\x82\x0A\xE9\x81\x8E\xE9\xAB\x98\xEF\xBC\x9A\xE5\x8F\xAF\xE8\x83\xBD\xE5\x9C\xA8\xE8\xA4\x87\xE9\x9B\x9C\xE8\xA1\xA8\xE9\x9D\xA2\xE4\xB8\x8A\xE5\xBC\x95\xE5\x85\xA5\xE5\x99\xAA\xE9\xBB\x9E\xE6\x88\x96\xE5\x83\x9E\xE5\xBD\xB1\xE3\x80\x82"},
{"\xE6\x8E\xA7\xE5\x88\xB6\xE5\x8E\xBB\xE5\x99\xAA\xE5\x99\xA8\xE5\xB0\x86\xE5\x89\x8D\xE4\xB8\x80\xE5\xB8\xA7\xE4\xB8\x8E\xE5\xBD\x93\xE5\x89\x8D\xE5\xB8\xA7\xE6\xB7\xB7\xE5\x90\x88\xE7\x9A\x84\xE7\xA8\x8B\xE5\xBA\xA6\xE3\x80\x82\x0A\xE8\xBE\x83\xE9\xAB\x98\xEF\xBC\x9A\xE6\x9B\xB4\xE5\xB9\xB3\xE6\xBB\x91\xE3\x80\x81\xE5\x99\xAA\xE7\x82\xB9\xE6\x9B\xB4\xE5\xB0\x91\xEF\xBC\x8C\xE4\xBD\x86\xE5\x8F\xAF\xE8\x83\xBD\xE4\xBA\xA7\xE7\x94\x9F\xE9\xAC\xBC\xE5\xBD\xB1\xE6\x88\x96\xE4\xB8\xA2\xE5\xA4\xB1\xE7\xBB\x86\xE8\x8A\x82\xE3\x80\x82\x0A\xE8\xBE\x83\xE4\xBD\x8E\xEF\xBC\x9A\xE6\x9B\xB4\xE7\x81\xB5\xE6\x95\x8F\xE3\x80\x81\xE7\xBB\x86\xE8\x8A\x82\xE6\x9B\xB4\xE5\xA4\x9A\xEF\xBC\x8C\xE4\xBD\x86\xE5\x8F\xAF\xE8\x83\xBD\xE6\x98\xBE\xE7\xA4\xBA\xE5\x99\xAA\xE7\x82\xB9\xE6\x88\x96\xE6\xB2\xB8\xE8\x85\xBE\xE6\x95\x88\xE6\x9E\x9C\xE3\x80\x82", "\xE6\x8E\xA7\xE5\x88\xB6\xE5\x8E\xBB\xE5\x99\xAA\xE5\x99\xA8\xE5\xB0\x87\xE5\x89\x8D\xE4\xB8\x80\xE5\xB9\x80\xE8\x88\x87\xE7\x95\xB6\xE5\x89\x8D\xE5\xB9\x80\xE6\xB7\xB7\xE5\x90\x88\xE7\x9A\x84\xE7\xA8\x8B\xE5\xBA\xA6\xE3\x80\x82\x0A\xE8\xBC\x83\xE9\xAB\x98\xEF\xBC\x9A\xE6\x9B\xB4\xE5\xB9\xB3\xE6\xBB\x91\xE3\x80\x81\xE5\x99\xAA\xE9\xBB\x9E\xE6\x9B\xB4\xE5\xB0\x91\xEF\xBC\x8C\xE4\xBD\x86\xE5\x8F\xAF\xE8\x83\xBD\xE7\x94\xA2\xE7\x94\x9F\xE9\xAC\xBC\xE5\xBD\xB1\xE6\x88\x96\xE4\xB8\x9F\xE5\xA4\xB1\xE7\xB4\xB0\xE7\xAF\x80\xE3\x80\x82\x0A\xE8\xBC\x83\xE4\xBD\x8E\xEF\xBC\x9A\xE6\x9B\xB4\xE9\x9D\x88\xE6\x95\x8F\xE3\x80\x81\xE7\xB4\xB0\xE7\xAF\x80\xE6\x9B\xB4\xE5\xA4\x9A\xEF\xBC\x8C\xE4\xBD\x86\xE5\x8F\xAF\xE8\x83\xBD\xE9\xA1\xAF\xE7\xA4\xBA\xE5\x99\xAA\xE9\xBB\x9E\xE6\x88\x96\xE6\xB2\xB8\xE9\xA8\xB0\xE6\x95\x88\xE6\x9E\x9C\xE3\x80\x82"},
{"\xE8\xBE\x83\xE4\xBD\x8E\xEF\xBC\x9A\xE6\x9B\xB4\xE7\xA7\xAF\xE6\x9E\x81\xE5\x9C\xB0\xE5\x8E\xBB\xE9\x99\xA4\xE8\x90\xA4\xE7\x81\xAB\xE8\x99\xAB\xE4\xBA\xAE\xE7\x82\xB9\xEF\xBC\x8C\xE4\xBD\x86\xE5\x8F\xAF\xE8\x83\xBD\xE4\xBD\xBF\xE6\x98\x8E\xE4\xBA\xAE\xE9\xAB\x98\xE5\x85\x89\xE5\x8F\x98\xE6\x9A\x97\xE3\x80\x82\x0A\xE8\xBE\x83\xE9\xAB\x98\xEF\xBC\x9A\xE6\x9B\xB4\xE5\xA5\xBD\xE5\x9C\xB0\xE4\xBF\x9D\xE7\x95\x99\xE6\x98\x8E\xE4\xBA\xAE\xE7\x81\xAF\xE5\x85\x89\xEF\xBC\x8C\xE4\xBD\x86\xE5\x8F\xAF\xE8\x83\xBD\xE5\x85\x81\xE8\xAE\xB8\xE8\x90\xA4\xE7\x81\xAB\xE8\x99\xAB\xE4\xBA\xAE\xE7\x82\xB9\xE5\x92\x8C\xE5\x99\xAA\xE7\x82\xB9\xE9\x80\x9A\xE8\xBF\x87\xE3\x80\x82", "\xE8\xBC\x83\xE4\xBD\x8E\xEF\xBC\x9A\xE6\x9B\xB4\xE7\xA9\x8D\xE6\xA5\xB5\xE5\x9C\xB0\xE5\x8E\xBB\xE9\x99\xA4\xE8\x9E\xA2\xE7\x81\xAB\xE8\x9F\xB2\xE4\xBA\xAE\xE9\xBB\x9E\xEF\xBC\x8C\xE4\xBD\x86\xE5\x8F\xAF\xE8\x83\xBD\xE4\xBD\xBF\xE6\x98\x8E\xE4\xBA\xAE\xE9\xAB\x98\xE5\x85\x89\xE8\xAE\x8A\xE6\x9A\x97\xE3\x80\x82\x0A\xE8\xBC\x83\xE9\xAB\x98\xEF\xBC\x9A\xE6\x9B\xB4\xE5\xA5\xBD\xE5\x9C\xB0\xE4\xBF\x9D\xE7\x95\x99\xE6\x98\x8E\xE4\xBA\xAE\xE7\x87\x88\xE5\x85\x89\xEF\xBC\x8C\xE4\xBD\x86\xE5\x8F\xAF\xE8\x83\xBD\xE5\x85\x81\xE8\xA8\xB1\xE8\x9E\xA2\xE7\x81\xAB\xE8\x9F\xB2\xE4\xBA\xAE\xE9\xBB\x9E\xE5\x92\x8C\xE5\x99\xAA\xE9\xBB\x9E\xE9\x80\x9A\xE9\x81\x8E\xE3\x80\x82"},
{"\xE6\x8E\xA7\xE5\x88\xB6\xE5\xAF\xB9\xE7\x9B\xB8\xE5\xAF\xB9\xE4\xBA\x8E\xE5\x91\xA8\xE5\x9B\xB4\xE7\x8E\xAF\xE5\xA2\x83\xE6\x98\x8E\xE4\xBA\xAE\xE6\x96\x91\xE7\x82\xB9\xE7\x9A\x84\xE5\xAE\xB9\xE5\xBF\x8D\xE5\xBA\xA6\xE3\x80\x82\x0A\xE8\xBE\x83\xE4\xBD\x8E\xEF\xBC\x9A\xE7\xA7\xAF\xE6\x9E\x81\xE5\x8E\xBB\xE9\x99\xA4\xE8\x90\xA4\xE7\x81\xAB\xE8\x99\xAB\xE4\xBA\xAE\xE7\x82\xB9\xE5\x92\x8C\xE5\x99\xAA\xE7\x82\xB9\xEF\xBC\x8C\xE4\xBD\x86\xE5\x8F\xAF\xE8\x83\xBD\xE4\xBD\xBF\xE5\xB0\x8F\xE7\x9A\x84\xE5\xBC\xBA\xE5\x85\x89\xE6\xBA\x90\xE5\x8F\x98\xE6\x9A\x97\xE3\x80\x82\x0A\xE8\xBE\x83\xE9\xAB\x98\xEF\xBC\x9A\xE6\x9B\xB4\xE5\xA5\xBD\xE5\x9C\xB0\xE4\xBF\x9D\xE7\x95\x99\xE9\x95\x9C\xE9\x9D\xA2\xE9\xAB\x98\xE5\x85\x89\xE5\x92\x8C\xE5\x8F\x91\xE5\x85\x89\xE8\xA1\xA8\xE9\x9D\xA2\xEF\xBC\x8C\xE4\xBD\x86\xE5\x85\x81\xE8\xAE\xB8\xE6\x9B\xB4\xE5\xA4\x9A\xE5\x99\xAA\xE7\x82\xB9\xE3\x80\x82", "\xE6\x8E\xA7\xE5\x88\xB6\xE5\xB0\x8D\xE7\x9B\xB8\xE5\xB0\x8D\xE6\x96\xBC\xE5\x91\xA8\xE5\x9C\x8D\xE7\x92\xB0\xE5\xA2\x83\xE6\x98\x8E\xE4\xBA\xAE\xE6\x96\x91\xE9\xBB\x9E\xE7\x9A\x84\xE5\xAE\xB9\xE5\xBF\x8D\xE5\xBA\xA6\xE3\x80\x82\x0A\xE8\xBC\x83\xE4\xBD\x8E\xEF\xBC\x9A\xE7\xA9\x8D\xE6\xA5\xB5\xE5\x8E\xBB\xE9\x99\xA4\xE8\x9E\xA2\xE7\x81\xAB\xE8\x9F\xB2\xE4\xBA\xAE\xE9\xBB\x9E\xE5\x92\x8C\xE5\x99\xAA\xE9\xBB\x9E\xEF\xBC\x8C\xE4\xBD\x86\xE5\x8F\xAF\xE8\x83\xBD\xE4\xBD\xBF\xE5\xB0\x8F\xE7\x9A\x84\xE5\xBC\xB7\xE5\x85\x89\xE6\xBA\x90\xE8\xAE\x8A\xE6\x9A\x97\xE3\x80\x82\x0A\xE8\xBC\x83\xE9\xAB\x98\xEF\xBC\x9A\xE6\x9B\xB4\xE5\xA5\xBD\xE5\x9C\xB0\xE4\xBF\x9D\xE7\x95\x99\xE9\x8F\xA1\xE9\x9D\xA2\xE9\xAB\x98\xE5\x85\x89\xE5\x92\x8C\xE7\x99\xBC\xE5\x85\x89\xE8\xA1\xA8\xE9\x9D\xA2\xEF\xBC\x8C\xE4\xBD\x86\xE5\x85\x81\xE8\xA8\xB1\xE6\x9B\xB4\xE5\xA4\x9A\xE5\x99\xAA\xE9\xBB\x9E\xE3\x80\x82"},
{"\xE6\x8E\xA7\xE5\x88\xB6\xE5\xB9\xB3\xE6\xBB\x91\xE6\xBB\xA4\xE6\xB3\xA2\xE5\x99\xA8\xE5\xAF\xB9\xE8\xA1\xA8\xE9\x9D\xA2\xE7\xBB\x86\xE8\x8A\x82\xE7\x9A\x84\xE9\x80\x82\xE5\xBA\x94\xE7\xA8\x8B\xE5\xBA\xA6\xE3\x80\x82\x0A\xE8\xBE\x83\xE9\xAB\x98\xEF\xBC\x9A\xE6\xBB\xA4\xE6\xB3\xA2\xE5\x99\xA8\xE6\x9B\xB4\xE5\xA4\x9A\xE5\xBB\xB6\xE4\xBC\xB8\xE4\xBB\xA5\xE8\xB7\x9F\xE9\x9A\x8F\xE8\xA1\xA8\xE9\x9D\xA2\xE5\x87\xA0\xE4\xBD\x95\xE5\xBD\xA2\xE7\x8A\xB6\xEF\xBC\x8C\xE5\x87\x8F\xE5\xB0\x91\xE5\xB9\xB3\xE6\xBB\x91\xE8\xA1\xA8\xE9\x9D\xA2\xE4\xB8\x8A\xE7\x9A\x84\xE6\xB3\xA2\xE7\xBA\xB9\xE5\x92\x8C\xE5\xB8\xA6\xE7\x8A\xB6\xE4\xBC\xAA\xE5\xBD\xB1\xE3\x80\x82\x0A\xE8\xBE\x83\xE4\xBD\x8E\xEF\xBC\x9A\xE5\xA4\xA7\xE8\xA1\xA8\xE9\x9D\xA2\xE4\xB8\x8A\xE5\xB9\xB3\xE6\xBB\x91\xE8\xBE\x83\xE5\xBC\xB1\xEF\xBC\x8C\xE7\x95\xA5\xE5\xBE\xAE\xE6\x9B\xB4\xE6\xB8\x85\xE6\x99\xB0\xEF\xBC\x8C\xE4\xBD\x86\xE5\x8F\xAF\xE8\x83\xBD\xE5\xA2\x9E\xE5\x8A\xA0\xE5\xB8\xA6\xE7\x8A\xB6\xE4\xBC\xAA\xE5\xBD\xB1\xE5\x92\x8C\xE6\xB3\xA2\xE7\xBA\xB9\xE3\x80\x82", "\xE6\x8E\xA7\xE5\x88\xB6\xE5\xB9\xB3\xE6\xBB\x91\xE6\xBF\xBE\xE6\xB3\xA2\xE5\x99\xA8\xE5\xB0\x8D\xE9\x8C\xB6\xE9\x9D\xA2\xE7\xB4\xB0\xE7\xAF\x80\xE7\x9A\x84\xE9\x81\xA9\xE6\x87\x89\xE7\xA8\x8B\xE5\xBA\xA6\xE3\x80\x82\x0A\xE8\xBC\x83\xE9\xAB\x98\xEF\xBC\x9A\xE6\xBF\xBE\xE6\xB3\xA2\xE5\x99\xA8\xE6\x9B\xB4\xE5\xA4\x9A\xE5\xBB\xB6\xE4\xBC\xB8\xE4\xBB\xA5\xE8\xB7\x9F\xE9\x9A\xA8\xE8\xA1\xA8\xE9\x9D\xA2\xE5\xB9\xBE\xE4\xBD\x95\xE5\xBD\xA2\xE7\x8B\x80\xEF\xBC\x8C\xE6\xB8\x9B\xE5\xB0\x91\xE5\xB9\xB3\xE6\xBB\x91\xE8\xA1\xA8\xE9\x9D\xA2\xE4\xB8\x8A\xE7\x9A\x84\xE6\xB3\xA2\xE7\xB4\x8B\xE5\x92\x8C\xE5\xB8\xB6\xE7\x8B\x80\xE5\x83\x9E\xE5\xBD\xB1\xE3\x80\x82\x0A\xE8\xBC\x83\xE4\xBD\x8E\xEF\xBC\x9A\xE5\xA4\xA7\xE8\xA1\xA8\xE9\x9D\xA2\xE4\xB8\x8A\xE5\xB9\xB3\xE6\xBB\x91\xE8\xBC\x83\xE5\xBC\xB1\xEF\xBC\x8C\xE7\x95\xA5\xE5\xBE\xAE\xE6\x9B\xB4\xE6\xB8\x85\xE6\x99\xB0\xEF\xBC\x8C\xE4\xBD\x86\xE5\x8F\xAF\xE8\x83\xBD\xE5\xA2\x9E\xE5\x8A\xA0\xE5\xB8\xB6\xE7\x8B\x80\xE5\x83\x9E\xE5\xBD\xB1\xE5\x92\x8C\xE6\xB3\xA2\xE7\xB4\x8B\xE3\x80\x82"},
{"\xE6\x8E\xA7\xE5\x88\xB6\xE5\x8E\xBB\xE5\x99\xAA\xE5\x99\xA8\xE5\x9C\xA8\xE4\xB8\x8D\xE5\x90\x8C\xE5\x85\x89\xE4\xBC\xA0\xE8\xBE\x93\xE7\xB1\xBB\xE5\x9E\x8B\xE4\xB9\x8B\xE9\x97\xB4\xE5\x85\xB3\xE8\x81\x94\xE4\xBF\xA1\xE5\x8F\xB7\xE7\x9A\x84\xE7\xA8\x8B\xE5\xBA\xA6\xE3\x80\x82\x0A\xE8\xBE\x83\xE9\xAB\x98\xEF\xBC\x9A\xE6\x89\x80\xE6\x9C\x89\xE4\xBF\xA1\xE5\x8F\xB7\xE7\x9A\x84\xE5\x8E\xBB\xE5\x99\xAA\xE6\x9B\xB4\xE4\xB8\x80\xE8\x87\xB4\xEF\xBC\x8C\xE5\x87\x8F\xE5\xB0\x91\xE9\xA2\x9C\xE8\x89\xB2\xE6\xB8\x97\xE8\x89\xB2\xE3\x80\x82\x0A\xE8\xBE\x83\xE4\xBD\x8E\xEF\xBC\x9A\xE6\xAF\x8F\xE4\xB8\xAA\xE4\xBF\xA1\xE5\x8F\xB7\xE7\x8B\xAC\xE7\xAB\x8B\xE5\x8E\xBB\xE5\x99\xAA\xEF\xBC\x8C\xE5\x8F\xAF\xE8\x83\xBD\xE4\xBF\x9D\xE7\x95\x99\xE6\x9B\xB4\xE5\xA4\x9A\xE7\xBB\x86\xE8\x8A\x82\xEF\xBC\x8C\xE4\xBD\x86\xE5\x8F\xAF\xE8\x83\xBD\xE5\xBC\x95\xE5\x85\xA5\xE4\xB8\x8D\xE4\xB8\x80\xE8\x87\xB4\xE3\x80\x82", "\xE6\x8E\xA7\xE5\x88\xB6\xE5\x8E\xBB\xE5\x99\xAA\xE5\x99\xA8\xE5\x9C\xA8\xE4\xB8\x8D\xE5\x90\x8C\xE5\x85\x89\xE5\x82\xB3\xE8\xBC\xB8\xE9\xA1\x9E\xE5\x9E\x8B\xE4\xB9\x8B\xE9\x96\x93\xE9\x97\x9C\xE8\x81\xAF\xE4\xBF\xA1\xE8\x99\x9F\xE7\x9A\x84\xE7\xA8\x8B\xE5\xBA\xA6\xE3\x80\x82\x0A\xE8\xBC\x83\xE9\xAB\x98\xEF\xBC\x9A\xE6\x89\x80\xE6\x9C\x89\xE4\xBF\xA1\xE8\x99\x9F\xE7\x9A\x84\xE5\x8E\xBB\xE5\x99\xAA\xE6\x9B\xB4\xE4\xB8\x80\xE8\x87\xB4\xEF\xBC\x8C\xE6\xB8\x9B\xE5\xB0\x91\xE9\xA1\x8F\xE8\x89\xB2\xE6\xBB\xB2\xE8\x89\xB2\xE3\x80\x82\x0A\xE8\xBC\x83\xE4\xBD\x8E\xEF\xBC\x9A\xE6\xAF\x8F\xE5\x80\x8B\xE4\xBF\xA1\xE8\x99\x9F\xE7\x8D\xA8\xE7\xAB\x8B\xE5\x8E\xBB\xE5\x99\xAA\xEF\xBC\x8C\xE5\x8F\xAF\xE8\x83\xBD\xE4\xBF\x9D\xE7\x95\x99\xE6\x9B\xB4\xE5\xA4\x9A\xE7\xB4\xB0\xE7\xAF\x80\xEF\xBC\x8C\xE4\xBD\x86\xE5\x8F\xAF\xE8\x83\xBD\xE5\xBC\x95\xE5\x85\xA5\xE4\xB8\x8D\xE4\xB8\x80\xE8\x87\xB4\xE3\x80\x82"},
{"\xE6\x8E\xA7\xE5\x88\xB6\xE5\x8E\xBB\xE5\x99\xAA\xE8\xBF\x87\xE7\xA8\x8B\xE4\xB8\xAD\xE5\x9C\xB0\xE9\x9D\xA2\x2F\xE5\x9C\xB0\xE6\x9D\xBF\xE5\x87\xA0\xE4\xBD\x95\xE5\xBD\xA2\xE7\x8A\xB6\xE7\x9A\x84\xE5\x88\x86\xE7\xA6\xBB\xE3\x80\x82\x0A\xE8\xBE\x83\xE9\xAB\x98\xEF\xBC\x9A\xE6\x9B\xB4\xE5\xA5\xBD\xE5\x9C\xB0\xE4\xBF\x9D\xE7\x95\x99\xE5\x9C\xB0\xE9\x9D\xA2\xE5\xB9\xB3\xE9\x9D\xA2\xE6\xB8\x85\xE6\x99\xB0\xE5\xBA\xA6\xEF\xBC\x8C\xE9\x98\xB2\xE6\xAD\xA2\xE5\x9C\xB0\xE6\x9D\xBF\xE7\xBB\x86\xE8\x8A\x82\xE6\xA8\xA1\xE7\xB3\x8A\xE3\x80\x82\x0A\xE8\xBE\x83\xE4\xBD\x8E\xEF\xBC\x9A\xE5\x9C\xB0\xE9\x9D\xA2\xE8\xA1\xA8\xE9\x9D\xA2\xE6\x9B\xB4\xE5\xB9\xB3\xE6\xBB\x91\xEF\xBC\x8C\xE4\xBD\x86\xE5\x8F\xAF\xE8\x83\xBD\xE4\xB8\xA2\xE5\xA4\xB1\xE7\xBB\x86\xE5\xBE\xAE\xE5\x9C\xB0\xE9\x9D\xA2\xE7\xBB\x86\xE8\x8A\x82\xE3\x80\x82", "\xE6\x8E\xA7\xE5\x88\xB6\xE5\x8E\xBB\xE5\x99\xAA\xE9\x81\x8E\xE7\xA8\x8B\xE4\xB8\xAD\xE5\x9C\xB0\xE9\x9D\xA2\x2F\xE5\x9C\xB0\xE6\x9D\xBF\xE5\xB9\xBE\xE4\xBD\x95\xE5\xBD\xA2\xE7\x8B\x80\xE7\x9A\x84\xE5\x88\x86\xE9\x9B\xA2\xE3\x80\x82\x0A\xE8\xBC\x83\xE9\xAB\x98\xEF\xBC\x9A\xE6\x9B\xB4\xE5\xA5\xBD\xE5\x9C\xB0\xE4\xBF\x9D\xE7\x95\x99\xE5\x9C\xB0\xE9\x9D\xA2\xE5\xB9\xB3\xE9\x9D\xA2\xE6\xB8\x85\xE6\x99\xB0\xE5\xBA\xA6\xEF\xBC\x8C\xE9\x98\xB2\xE6\xAD\xA2\xE5\x9C\xB0\xE6\x9D\xBF\xE7\xB4\xB0\xE7\xAF\x80\xE6\xA8\xA1\xE7\xB3\x8A\xE3\x80\x82\x0A\xE8\xBC\x83\xE4\xBD\x8E\xEF\xBC\x9A\xE5\x9C\xB0\xE9\x9D\xA2\xE8\xA1\xA8\xE9\x9D\xA2\xE6\x9B\xB4\xE5\xB9\xB3\xE6\xBB\x91\xEF\xBC\x8C\xE4\xBD\x86\xE5\x8F\xAF\xE8\x83\xBD\xE4\xB8\x9F\xE5\xA4\xB1\xE7\xB4\xB0\xE5\xBE\xAE\xE5\x9C\xB0\xE9\x9D\xA2\xE7\xB4\xB0\xE7\xAF\x80\xE3\x80\x82"},
{"\xE5\x9C\xA8\xE5\x90\x88\xE6\x88\x90\xE5\x90\x8E\xE5\xA2\x9E\xE5\x8A\xA0\xE4\xB8\x80\xE5\xB1\x82\x20\x45\x4D\x41\x20\xE6\x97\xB6\xE5\x9F\x9F\xE7\xB4\xAF\xE7\xA7\xAF\xEF\xBC\x8C\xE6\x8A\x91\xE5\x88\xB6\x20\x46\x53\x52\x2D\x52\x52\x20\xE9\x99\x8D\xE5\x99\xAA\xE5\x99\xA8\xE6\xAE\x8B\xE7\x95\x99\xE7\x9A\x84\xE9\x80\x90\xE5\xB8\xA7\xE9\x97\xAA\xE7\x83\x81\xE3\x80\x82\x0A\xE6\x97\xA0\xE9\x87\x8D\xE6\x8A\x95\xE5\xBD\xB1\xEF\xBC\x8C\xE4\xBE\x9D\xE8\xB5\x96\xE9\x81\xAE\xE6\x8C\xA1\xE5\xAE\x88\xE6\x8A\xA4\xE9\x81\xBF\xE5\x85\x8D\xE9\xAC\xBC\xE5\xBD\xB1\xE3\x80\x82", "\xE5\x9C\xA8\xE5\x90\x88\xE6\x88\x90\xE5\xBE\x8C\xE5\xA2\x9E\xE5\x8A\xA0\xE4\xB8\x80\xE5\xB1\xA4\x20\x45\x4D\x41\x20\xE6\x99\x82\xE5\x9F\x9F\xE7\xB4\xAF\xE7\xA9\x8D\xEF\xBC\x8C\xE6\x8A\x91\xE5\x88\xB6\x20\x46\x53\x52\x2D\x52\x52\x20\xE9\x99\x8D\xE5\x99\xAA\xE5\x99\xA8\xE6\xAE\x98\xE7\x95\x99\xE7\x9A\x84\xE9\x80\x90\xE5\xB9\x80\xE9\x96\x83\xE7\x88\x8D\xE3\x80\x82\x0A\xE7\x84\xA1\xE9\x87\x8D\xE6\x8A\x95\xE5\xBD\xB1\xEF\xBC\x8C\xE4\xBE\x9D\xE8\xB3\xB4\xE9\x81\xAE\xE6\x93\x8B\xE5\xAE\x88\xE8\xAD\xB7\xE9\x81\xBF\xE5\x85\x8D\xE9\xAC\xBC\xE5\xBD\xB1\xE3\x80\x82"},
{"\xE5\xBD\x93\xE5\x89\x8D\xE5\xB8\xA7\xE7\x9A\x84\xE8\xB4\xA1\xE7\x8C\xAE\xE6\x9D\x83\xE9\x87\x8D\xE3\x80\x82\x0A\x30\x2E\x35\x20\x3D\x20\xE5\xB9\xB3\xE8\xA1\xA1\xEF\xBC\x88\xE6\x8E\xA8\xE8\x8D\x90\xEF\xBC\x89\xEF\xBC\x9B\x0A\xE6\x9B\xB4\xE4\xBD\x8E\x20\x3D\x20\xE6\x9B\xB4\xE7\xA8\xB3\xE5\xAE\x9A\xE4\xBD\x86\xE5\x8F\xAF\xE8\x83\xBD\xE6\x8B\x96\xE5\xBD\xB1\xEF\xBC\x9B\x0A\xE6\x9B\xB4\xE9\xAB\x98\x20\x3D\x20\xE6\x9B\xB4\xE7\x81\xB5\xE6\x95\x8F\xE4\xBD\x86\xE9\x97\xAA\xE7\x83\x81\xE6\x9B\xB4\xE5\xA4\x9A\xE3\x80\x82", "\xE7\x95\xB6\xE5\x89\x8D\xE5\xB9\x80\xE7\x9A\x84\xE8\xB2\xA2\xE7\x8D\xBB\xE6\xAC\x8A\xE9\x87\x8D\xE3\x80\x82\x0A\x30\x2E\x35\x20\x3D\x20\xE5\xB9\xB3\xE8\xA1\xA1\xEF\xBC\x88\xE6\x8E\xA8\xE8\x96\xA6\xEF\xBC\x89\xEF\xBC\x9B\x0A\xE6\x9B\xB4\xE4\xBD\x8E\x20\x3D\x20\xE6\x9B\xB4\xE7\xA9\xA9\xE5\xAE\x9A\xE4\xBD\x86\xE5\x8F\xAF\xE8\x83\xBD\xE6\x8B\x96\xE5\xBD\xB1\xEF\xBC\x9B\x0A\xE6\x9B\xB4\xE9\xAB\x98\x20\x3D\x20\xE6\x9B\xB4\xE9\x9D\x88\xE6\x95\x8F\xE4\xBD\x86\xE9\x96\x83\xE7\x88\x8D\xE6\x9B\xB4\xE5\xA4\x9A\xE3\x80\x82"},
{"\xE9\x80\x89\xE6\x8B\xA9\xE5\x8E\xBB\xE5\x99\xAA\xE5\x99\xA8\xE7\x9A\x84\xE8\xB0\x83\xE8\xAF\x95\xE5\x8F\xAF\xE8\xA7\x86\xE5\x8C\x96\xE6\xA8\xA1\xE5\xBC\x8F\xE3\x80\x82\x0A\xE6\x9C\x89\xE5\x8A\xA9\xE4\xBA\x8E\xE8\xAF\x8A\xE6\x96\xAD\xE5\x8E\xBB\xE5\x99\xAA\xE5\x99\xA8\xE8\xBE\x93\xE5\x85\xA5\xE5\x92\x8C\xE8\xBE\x93\xE5\x87\xBA\xE7\x9A\x84\xE9\x97\xAE\xE9\xA2\x98\xE3\x80\x82", "\xE9\x81\xB8\xE6\x93\x87\xE5\x8E\xBB\xE5\x99\xAA\xE5\x99\xA8\xE7\x9A\x84\xE8\xAA\xBF\xE8\xA9\xA6\xE5\x8F\xAF\xE8\xA6\x96\xE5\x8C\x96\xE6\xA8\xA1\xE5\xBC\x8F\xE3\x80\x82\x0A\xE6\x9C\x89\xE5\x8A\xA9\xE6\x96\xBC\xE8\xA8\xBA\xE6\x96\xB7\xE5\x8E\xBB\xE5\x99\xAA\xE5\x99\xA8\xE8\xBC\xB8\xE5\x85\xA5\xE5\x92\x8C\xE8\xBC\xB8\xE5\x87\xBA\xE7\x9A\x84\xE5\x95\x8F\xE9\xA1\x8C\xE3\x80\x82"},
