#include "pch.h"
#include "Translation.h"
#include <unordered_map>

static Language g_currentLanguage = Language::English;
static bool g_initialized = false;

static std::unordered_map<std::string, std::string> g_chineseTranslations;

static const std::vector<Language> g_allLanguages = {
    Language::English,
    Language::Chinese,
};

namespace Translation
{

void SetLanguage(Language lang)
{
    g_currentLanguage = lang;
}

Language GetLanguage()
{
    return g_currentLanguage;
}

const char* GetLanguageName(Language lang)
{
    switch (lang)
    {
    case Language::English:
        return "English";
    case Language::Chinese:
        return "\xe7\xae\x80\xe4\xbd\x93\xe4\xb8\xad\xe6\x96\x87";
    default:
        return "Unknown";
    }
}

const std::vector<Language>& GetAllLanguages()
{
    return g_allLanguages;
}

const char* Get(const char* key)
{
    if (g_currentLanguage == Language::English || key == nullptr || key[0] == '\0')
        return key;

    auto it = g_chineseTranslations.find(key);
    if (it != g_chineseTranslations.end())
        return it->second.c_str();

    return key;
}

const char* Get(const std::string& key)
{
    return Get(key.c_str());
}

void Init()
{
    if (g_initialized)
        return;
    g_initialized = true;

    g_chineseTranslations = {

        // ===== General =====
        {"Upscalers", "\xe8\xb6\x85\xe5\x88\x86\xe8\xbe\xa8\xe7\x8e\x87"}, // menu_common.cpp:2712 // 超分辨率
        {"Which copium do you choose?", "\xe4\xbd\xa0\xe8\xa6\x81\xe5\x96\x9d\xe5\x93\xaa\xe4\xb8\xaa\xef\xbc\x9f\xef\xbc\x88\xe5\xbc\x80\xe7\x8e\xa9\xe7\xac\x91\xe7\x9a\x84\xef\xbc\x89"}, // menu_common.cpp:2713
        {"Change Upscaler##2", "\xe5\x88\x87\xe6\x8d\xa2\xe8\xb6\x85\xe5\x88\x86\xe8\xbe\xa8\xe7\x8e\x87"}, // menu_common.cpp:2798
        {"Magnifier", "\xe6\x94\xbe\xe5\xa4\xa7\xe9\x95\x9c"},
        {"Enable Magnifier", "\xe5\x90\xaf\xe7\x94\xa8\xe6\x94\xbe\xe5\xa4\xa7\xe9\x95\x9c"},
        {"Size##Magnifier", "\xe5\xa4\xa7\xe5\xb0\x8f"},
        {"Zoom Factor##Magnifier", "\xe6\x94\xbe\xe5\xa4\xa7\xe5\x80\x8d\xe6\x95\xb0"},
        {"Border Size##Magnifier", "\xe8\xbe\xb9\xe6\xa1\x86\xe5\xa4\xa7\xe5\xb0\x8f"},
        {"Static Pos X##Magnifier", "\xe5\x9b\xba\xe5\xae\x9a\xe4\xbd\x8d\xe7\xbd\xae X"},
        {"Static Pos Y##Magnifier", "\xe5\x9b\xba\xe5\xae\x9a\xe4\xbd\x8d\xe7\xbd\xae Y"},
        {"Follow Cursor##Magnifier", "\xe8\xb7\x9f\xe9\x9a\x8f\xe5\x85\x89\xe6\xa0\x87"},
        {"Set Static Position##Magnifier", "\xe8\xae\xbe\xe7\xbd\xae\xe5\x9b\xba\xe5\xae\x9a\xe4\xbd\x8d\xe7\xbd\xae"},
        {"Cursor Offset X##Magnifier", "\xe5\x85\x89\xe6\xa0\x87\xe5\x81\x8f\xe7\xa7\xbb X"},
        {"Cursor Offset Y##Magnifier", "\xe5\x85\x89\xe6\xa0\x87\xe5\x81\x8f\xe7\xa7\xbb Y"},
        {"Use Reactive Mask as Transparency Mask", "\xe5\xb0\x86\xe5\x8f\x8d\xe5\xba\x94\xe6\x8e\xa9\xe8\x86\x9c\xe7\x94\xa8\xe4\xbd\x9c\xe9\x80\x8f\xe6\x98\x8e\xe6\x8e\xa9\xe8\x86\x9c"}, // menu_common.cpp:2817

        // ===== XeSS Settings =====
        {"XeSS Settings", "XeSS\xef\xbc\x88Intel\xe8\xb6\x85\xe5\x88\x86\xe8\xbe\xa8\xe7\x8e\x87\xef\xbc\x89\xe8\xae\xbe\xe7\xbd\xae"}, // menu_common.cpp:2879

        // ===== FFX Settings =====
        {"FFX Settings", "FFX\xef\xbc\x88" "AMD\xe5\x9b\xbe\xe5\xbd\xa2\xe5\xba\x93\xef\xbc\x89\xe8\xae\xbe\xe7\xbd\xae"}, // menu_common.cpp:2935
        {"FFX Upscaler", "FFX\xef\xbc\x88" "AMD\xe5\x9b\xbe\xe5\xbd\xa2\xe5\xba\x93\xef\xbc\x89\xe8\xb6\x85\xe5\x88\x86\xe8\xbe\xa8\xe7\x8e\x87"}, // menu_common.cpp:2946
        {"List of upscalers reported by FFX SDK", "FFX SDK\xef\xbc\x88" "AMD\xe5\x9b\xbe\xe5\xbd\xa2\xe5\xba\x93\xef\xbc\x89\xe6\x8a\xa5\xe5\x91\x8a\xe7\x9a\x84\xe8\xb6\x85\xe5\x88\x86\xe8\xbe\xa8\xe7\x8e\x87\xe5\x88\x97\xe8\xa1\xa8"}, // menu_common.cpp:2960

        // ===== DLSS Settings =====
        {"DLSSD Settings", "DLSSD\xef\xbc\x88" "DLSS\xe7\x9b\xb4\xe6\x8e\xa5\xe6\xa8\xa1\xe5\xbc\x8f\xef\xbc\x89\xe8\xae\xbe\xe7\xbd\xae"}, // menu_common.cpp:3238
        {"DLSS Settings", "DLSS\xef\xbc\x88\xe6\xb7\xb1\xe5\xba\xa6\xe5\xad\xa6\xe4\xb9\xa0\xe8\xb6\x85\xe7\xba\xa7\xe9\x87\x87\xe6\xa0\xb7\xef\xbc\x89\xe8\xae\xbe\xe7\xbd\xae"}, // menu_common.cpp:3240
        {"Presets are overridden externally", "\xe9\xa2\x84\xe8\xae\xbe\xe8\xa2\xab\xe5\xa4\x96\xe9\x83\xa8\xe5\xb7\xa5\xe5\x85\xb7\xe8\xa6\x86\xe7\x9b\x96"}, // menu_common.cpp:3247

        // ===== Frame Generation =====
        {"Frame Generation", "\xe5\xb8\xa7\xe7\x94\x9f\xe6\x88\x90"}, // menu_common.cpp:3556,6816
        {"FG Input", "FG \xe8\xbe\x93\xe5\x85\xa5"}, // menu_common.cpp:3562
        {"FG Output", "FG \xe8\xbe\x93\xe5\x87\xba"}, // menu_common.cpp:3571
        {"Active##2", "\xe5\x90\xaf\xe7\x94\xa8"}, // menu_common.cpp:3937
        {"Active##3", "\xe5\x90\xaf\xe7\x94\xa8"}, // menu_common.cpp:4221
        {"Enable Frame Generation", "\xe5\x90\xaf\xe7\x94\xa8\xe5\xb8\xa7\xe7\x94\x9f\xe6\x88\x90"}, // menu_common.cpp:3945,4230,4388
        {"Allow Async", "\xe5\x85\x81\xe8\xae\xb8\xe5\xbc\x82\xe6\xad\xa5"}, // menu_common.cpp:3948
        {"Allow Async##2", "\xe5\x85\x81\xe8\xae\xb8\xe5\xbc\x82\xe6\xad\xa5##2"},
        {"Debug View##2", "\xe8\xb0\x83\xe8\xaf\x95\xe8\xa7\x86\xe5\x9b\xbe"}, // menu_common.cpp:3965,4277
        {"Debug View##3", "\xe8\xb0\x83\xe8\xaf\x95\xe8\xa7\x86\xe5\x9b\xbe##3"},
        {"None (Real DLSSG)", "\xe6\x97\xa0\xef\xbc\x88\xe7\x9c\x9f\xe5\xae\x9e DLSSG\xef\xbc\x89"},
        {"No real DLSSG, unsupported hardware\nOnly Nvngx FG replacements available",
         "\xe7\xa1\xac\xe4\xbb\xb6\xe4\xb8\x8d\xe6\x94\xaf\xe6\x8c\x81\xe7\x9c\x9f\xe5\xae\x9e DLSSG\n\xe4\xbb\x85\xe5\x8f\xaf\xe4\xbd\xbf\xe7\x94\xa8 Nvngx FG \xe6\x9b\xbf\xe4\xbb\xa3\xe6\x96\xb9\xe6\xa1\x88"},
        {"Unsupported hardware and no replacements", "\xe7\xa1\xac\xe4\xbb\xb6\xe4\xb8\x8d\xe6\x94\xaf\xe6\x8c\x81\xe4\xb8\x94\xe6\x97\xa0\xe5\x8f\xaf\xe7\x94\xa8\xe6\x9b\xbf\xe4\xbb\xa3\xe6\x96\xb9\xe6\xa1\x88"},
        {"Missing dlssg_to_fsr3_amd_is_better.dll", "\xe7\xbc\xba\xe5\xb0\x91 dlssg_to_fsr3_amd_is_better.dll"},
        {"Missing dlss-enabler-headless.dll", "\xe7\xbc\xba\xe5\xb0\x91 dlss-enabler-headless.dll"},
        {"Missing amd_fidelityfx_framegeneration_dx12.dll", "\xe7\xbc\xba\xe5\xb0\x91 amd_fidelityfx_framegeneration_dx12.dll"},

        // ===== Frame Generation (FSR FG) =====
        {"Frame Generation (FSR FG)", "\xe5\xb8\xa7\xe7\x94\x9f\xe6\x88\x90 (FSR FG\xef\xbc\x88" "AMD\xe5\xb8\xa7\xe7\x94\x9f\xe6\x88\x90\xef\xbc\x89)"}, // menu_common.cpp:3901
        {"FFX FG", "FFX FG\xef\xbc\x88" "AMD\xe5\xb8\xa7\xe7\x94\x9f\xe6\x88\x90\xef\xbc\x89"}, // menu_common.cpp:3911
        {"Change FG", "\xe5\x88\x87\xe6\x8d\xa2 FG"}, // menu_common.cpp:3928
        {"Enable Watermark", "\xe5\x90\xaf\xe7\x94\xa8\xe6\xb0\xb4\xe5\x8d\xb0"}, // menu_common.cpp:3989
        {"Advanced FSR FG Settings", "\xe9\xab\x98\xe7\xba\xa7 FSR FG\xef\xbc\x88" "AMD\xe5\xb8\xa7\xe7\x94\x9f\xe6\x88\x90\xef\xbc\x89\xe8\xae\xbe\xe7\xbd\xae"}, // menu_common.cpp:4001
        {"FG Only Generated", "\xe5\x8f\xaa\xe6\x98\xbe\xe7\xa4\xba\xe7\x94\x9f\xe6\x88\x90\xe5\xb8\xa7"}, // menu_common.cpp:4006
        {"Debug Reset Lines", "\xe8\xb0\x83\xe8\xaf\x95\xe9\x87\x8d\xe7\xbd\xae\xe7\xba\xbf"}, // menu_common.cpp:4011
        {"Debug Tear Lines", "\xe8\xb0\x83\xe8\xaf\x95\xe6\x92\x95\xe8\xa3\x82\xe7\xba\xbf"}, // menu_common.cpp:4019
        {"Debug Pacing Lines", "\xe8\xb0\x83\xe8\xaf\x95\xe8\x8a\x82\xe5\xa5\x8f\xe7\xba\xbf"}, // menu_common.cpp:4028
        {"FG Rectangle Settings", "FG \xe7\x9f\xa9\xe5\xbd\xa2\xe8\xae\xbe\xe7\xbd\xae"}, // menu_common.cpp:4036
        {"Rect Left", "\xe5\xb7\xa6\xe8\xbe\xb9\xe7\x95\x8c"}, // menu_common.cpp:4040
        {"Rect Top", "\xe4\xb8\x8a\xe8\xbe\xb9\xe7\x95\x8c"}, // menu_common.cpp:4045
        {"Rect Width", "\xe5\xae\xbd\xe5\xba\xa6"}, // menu_common.cpp:4049
        {"Rect Height", "\xe9\xab\x98\xe5\xba\xa6"}, // menu_common.cpp:4054
        {"Reset FG Rect", "\xe9\x87\x8d\xe7\xbd\xae FG \xe7\x9f\xa9\xe5\xbd\xa2"}, // menu_common.cpp:4064
        {"Frame Pacing Tuning", "\xe5\xb8\xa7\xe8\x8a\x82\xe5\xa5\x8f\xe8\xb0\x83\xe6\x95\xb4"}, // menu_common.cpp:4084
        {"Enable Tuning", "\xe5\x90\xaf\xe7\x94\xa8\xe8\xb0\x83\xe6\x95\xb4"}, // menu_common.cpp:4087
        {"Safety Margins in ms", "\xe5\xae\x89\xe5\x85\xa8\xe4\xbd\x99\xe9\x87\x8f (\xe6\xaf\xab\xe7\xa7\x92)"}, // menu_common.cpp:4097
        {"Variance Factor", "\xe6\x96\xb9\xe5\xb7\xae\xe5\x9b\xa0\xe5\xad\x90"}, // menu_common.cpp:4105
        {"Enable Hybrid Spin", "\xe5\x90\xaf\xe7\x94\xa8\xe6\xb7\xb7\xe5\x90\x88\xe8\x87\xaa\xe6\x97\x8b"}, // menu_common.cpp:4113
        {"Hybrid Spin Time", "\xe6\xb7\xb7\xe5\x90\x88\xe8\x87\xaa\xe6\x97\x8b\xe6\x97\xb6\xe9\x97\xb4"}, // menu_common.cpp:4120
        {"Enable WaitForSingleObjectOnFence", "\xe5\x90\xaf\xe7\x94\xa8\xe7\xad\x89\xe5\xbe\x85\xe5\x9b\xb4\xe6\xa0\x8f\xe5\xaf\xb9\xe8\xb1\xa1"}, // menu_common.cpp:4129
        {"Apply Timing Changes", "\xe5\xba\x94\xe7\x94\xa8\xe6\x97\xb6\xe5\xba\x8f\xe6\x9b\xb4\xe6\x94\xb9"}, // menu_common.cpp:4136

        // ===== Frame Generation (XeFG) =====
        {"Frame Generation (XeFG)", "\xe5\xb8\xa7\xe7\x94\x9f\xe6\x88\x90 (XeFG\xef\xbc\x88Intel\xe5\xb8\xa7\xe7\x94\x9f\xe6\x88\x90\xef\xbc\x89)"}, // menu_common.cpp:4156
        {"Ignore Init Checks", "\xe5\xbf\xbd\xe7\x95\xa5\xe5\x88\x9d\xe5\xa7\x8b\xe5\x8c\x96\xe6\xa3\x80\xe6\x9f\xa5"}, // menu_common.cpp:4210
        {"MFG", "MFG\xef\xbc\x88\xe5\xa4\x9a\xe5\xb8\xa7\xe7\x94\x9f\xe6\x88\x90\xef\xbc\x89"}, // menu_common.cpp:4244,4404
        {"UI Composition", "UI \xe5\x90\x88\xe6\x88\x90"}, // menu_common.cpp:4268
        {"Force Borderless", "\xe5\xbc\xba\xe5\x88\xb6\xe6\x97\xa0\xe8\xbe\xb9\xe6\xa1\x86"}, // menu_common.cpp:4293
        {"Advanced XeFG Settings", "\xe9\xab\x98\xe7\xba\xa7 XeFG\xef\xbc\x88Intel\xe5\xb8\xa7\xe7\x94\x9f\xe6\x88\x90\xef\xbc\x89\xe8\xae\xbe\xe7\xbd\xae"}, // menu_common.cpp:4308
        {"Rectangle Settings", "\xe7\x9f\xa9\xe5\xbd\xa2\xe8\xae\xbe\xe7\xbd\xae"}, // menu_common.cpp:4311
        {"Rect Left##2", "\xe5\xb7\xa6\xe8\xbe\xb9\xe7\x95\x8c"}, // menu_common.cpp:4315
        {"Rect Top##2", "\xe4\xb8\x8a\xe8\xbe\xb9\xe7\x95\x8c"}, // menu_common.cpp:4320
        {"Rect Width##2", "\xe5\xae\xbd\xe5\xba\xa6"}, // menu_common.cpp:4324
        {"Rect Height##2", "\xe9\xab\x98\xe5\xba\xa6"}, // menu_common.cpp:4329
        {"Reset FG Rect##2", "\xe9\x87\x8d\xe7\xbd\xae FG \xe7\x9f\xa9\xe5\xbd\xa2"}, // menu_common.cpp:4339

        // ===== Frame Generation (OptiFG) =====
        {"Frame Generation (OptiFG)", "\xe5\xb8\xa7\xe7\x94\x9f\xe6\x88\x90 (OptiFG\xef\xbc\x88OptiScaler\xe5\xb8\xa7\xe7\x94\x9f\xe6\x88\x90\xef\xbc\x89)"}, // menu_common.cpp:4472
        {"HUDFix", "HUD\xef\xbc\x88\xe6\xb8\xb8\xe6\x88\x8f\xe7\x95\x8c\xe9\x9d\xa2\xef\xbc\x89\xe4\xbf\xae\xe5\xa4\x8d"}, // menu_common.cpp:4485
        {"Limit", "\xe9\x99\x90\xe5\x88\xb6"}, // menu_common.cpp:4500
        {"Res##2", "\xe8\xb5\x84\xe6\xba\x90"}, // menu_common.cpp:4513
        {"Extended", "\xe6\x89\xa9\xe5\xb1\x95"}, // menu_common.cpp:4519
        {"Immediate Capture", "\xe7\xab\x8b\xe5\x8d\xb3\xe6\x8d\x95\xe8\x8e\xb7"}, // menu_common.cpp:4531
        {"Scale Depth to fix DLSS RR", "\xe7\xbc\xa9\xe6\x94\xbe\xe6\xb7\xb1\xe5\xba\xa6\xe4\xbf\xae\xe5\xa4\x8d DLSS RR"}, // menu_common.cpp:4544
        {"Flip (Unity)", "\xe7\xbf\xbb\xe8\xbd\xac (Unity)"}, // menu_common.cpp:4549
        {"Flip Use Offset", "\xe7\xbf\xbb\xe8\xbd\xac\xe4\xbd\xbf\xe7\x94\xa8\xe5\x81\x8f\xe7\xa7\xbb"}, // menu_common.cpp:4556
        {"Advanced OptiFG Settings", "\xe9\xab\x98\xe7\xba\xa7 OptiFG\xef\xbc\x88OptiScaler\xe5\xb8\xa7\xe7\x94\x9f\xe6\x88\x90\xef\xbc\x89\xe8\xae\xbe\xe7\xbd\xae"}, // menu_common.cpp:4562
        {"Resource Blocking", "\xe8\xb5\x84\xe6\xba\x90\xe9\x98\xbb\xe6\x96\xad"}, // menu_common.cpp:4571
        {"Relaxed Resource Check", "\xe6\x94\xbe\xe5\xae\xbd\xe8\xb5\x84\xe6\xba\x90\xe6\xa3\x80\xe6\x9f\xa5"}, // menu_common.cpp:4583
        {"FG Create List", "FG \xe5\x88\x9b\xe5\xbb\xba\xe5\x88\x97\xe8\xa1\xa8"}, // menu_common.cpp:4594
        {"FG Use List", "FG \xe4\xbd\xbf\xe7\x94\xa8\xe5\x88\x97\xe8\xa1\xa8"}, // menu_common.cpp:4603
        {"Reset List", "\xe9\x87\x8d\xe7\xbd\xae\xe5\x88\x97\xe8\xa1\xa8"}, // menu_common.cpp:4619
        {"Tracking Settings", "\xe8\xb7\x9f\xe8\xb8\xaa\xe8\xae\xbe\xe7\xbd\xae"}, // menu_common.cpp:4631
        {"Always Track Heaps", "\xe5\xa7\x8b\xe7\xbb\x88\xe8\xb7\x9f\xe8\xb8\xaa\xe5\xa0\x86"}, // menu_common.cpp:4634
        {"Disable RTV Tracking", "\xe7\xa6\x81\xe7\x94\xa8 RTV \xe8\xb7\x9f\xe8\xb8\xaa"}, // menu_common.cpp:4644
        {"Disable SRV Tracking", "\xe7\xa6\x81\xe7\x94\xa8 SRV \xe8\xb7\x9f\xe8\xb8\xaa"}, // menu_common.cpp:4652
        {"Disable UAV Tracking", "\xe7\xa6\x81\xe7\x94\xa8 UAV \xe8\xb7\x9f\xe8\xb8\xaa"}, // menu_common.cpp:4658
        {"Disable OM Tracking", "\xe7\xa6\x81\xe7\x94\xa8 OM \xe8\xb7\x9f\xe8\xb8\xaa"}, // menu_common.cpp:4666
        {"Disable SCR Tracking", "\xe7\xa6\x81\xe7\x94\xa8 SCR \xe8\xb7\x9f\xe8\xb8\xaa"}, // menu_common.cpp:4672
        {"Disable SGR Tracking", "\xe7\xa6\x81\xe7\x94\xa8 SGR \xe8\xb7\x9f\xe8\xb8\xaa"}, // menu_common.cpp:4680
        {"Disable DI Tracking", "\xe7\xa6\x81\xe7\x94\xa8 DI \xe8\xb7\x9f\xe8\xb8\xaa"}, // menu_common.cpp:4688
        {"Disable DII Tracking", "\xe7\xa6\x81\xe7\x94\xa8 DII \xe8\xb7\x9f\xe8\xb8\xaa"}, // menu_common.cpp:4696
        {"Disable Dispatch Tracking", "\xe7\xa6\x81\xe7\x94\xa8 Dispatch \xe8\xb7\x9f\xe8\xb8\xaa"}, // menu_common.cpp:4702
        {"Resource Settings", "\xe8\xb5\x84\xe6\xba\x90\xe8\xae\xbe\xe7\xbd\xae"}, // menu_common.cpp:4712
        {"Upscaler is not active", "\xe8\xb6\x85\xe5\x88\x86\xe8\xbe\xa8\xe7\x8e\x87\xe6\x9c\xaa\xe6\xbf\x80\xe6\xb4\xbb"}, // menu_common.cpp:4754

        // ===== FSR Common =====
        {"FSR Common Settings", "FSR\xef\xbc\x88" "AMD\xe8\xb6\x85\xe5\x88\x86\xe8\xbe\xa8\xe7\x8e\x87\xef\xbc\x89\xe9\x80\x9a\xe7\x94\xa8\xe8\xae\xbe\xe7\xbd\xae"}, // menu_common.cpp:4948
        {"Use FSR Input Values", "\xe4\xbd\xbf\xe7\x94\xa8 FSR \xe8\xbe\x93\xe5\x85\xa5\xe5\x80\xbc"}, // menu_common.cpp:4951
        {"FoV & Camera Values", "\xe8\xa7\x86\xe9\x87\x8e\xe5\x92\x8c\xe6\x91\x84\xe5\x83\x8f\xe6\x9c\xba\xe5\x80\xbc"}, // menu_common.cpp:4955
        {"Use Vert. Fov", "\xe4\xbd\xbf\xe7\x94\xa8\xe5\x9e\x82\xe7\x9b\xb4\xe8\xa7\x86\xe9\x87\x8e"}, // menu_common.cpp:4970
        {"Use Horz. Fov", "\xe4\xbd\xbf\xe7\x94\xa8\xe6\xb0\xb4\xe5\xb9\xb3\xe8\xa7\x86\xe9\x87\x8e"}, // menu_common.cpp:4979
        {"Vert. FOV", "\xe5\x9e\x82\xe7\x9b\xb4\xe8\xa7\x86\xe9\x87\x8e\xe8\xa7\x92"}, // menu_common.cpp:4988
        {"Horz. FOV", "\xe6\xb0\xb4\xe5\xb9\xb3\xe8\xa7\x86\xe9\x87\x8e\xe8\xa7\x92"}, // menu_common.cpp:4995
        {"Camera Near", "\xe8\xbf\x91\xe5\x89\xaa\xe5\x88\x87\xe9\x9d\xa2"}, // menu_common.cpp:5007
        {"Camera Far", "\xe8\xbf\x9c\xe5\x89\xaa\xe5\x88\x87\xe9\x9d\xa2"}, // menu_common.cpp:5012
        {"Reset Camera Values", "\xe9\x87\x8d\xe7\xbd\xae\xe6\x91\x84\xe5\x83\x8f\xe6\x9c\xba\xe5\x80\xbc"}, // menu_common.cpp:5017

        // ===== Framerate =====
        {"Framerate", "\xe5\xb8\xa7\xe7\x8e\x87"}, // menu_common.cpp:5040
        {"Current method: %s", "\xe5\xbd\x93\xe5\x89\x8d\xe6\x96\xb9\xe6\xb3\x95: %s"}, // menu_common.cpp:5089
        {"FPS Limit", "FPS \xe9\x99\x90\xe5\x88\xb6"}, // menu_common.cpp:5106
        {"Apply Limit", "\xe5\xba\x94\xe7\x94\xa8\xe9\x99\x90\xe5\x88\xb6"}, // menu_common.cpp:5108
        {"Reset Limit", "\xe9\x87\x8d\xe7\xbd\xae\xe9\x99\x90\xe5\x88\xb6"}, // menu_common.cpp:5115
        {"VRR Frame Cap Calculator", "VRR\xef\xbc\x88\xe5\x8f\xaf\xe5\x8f\x98\xe5\x88\xb7\xe6\x96\xb0\xe7\x8e\x87\xef\xbc\x89\xe5\xb8\xa7\xe7\x8e\x87\xe4\xb8\x8a\xe9\x99\x90\xe8\xae\xa1\xe7\xae\x97\xe5\x99\xa8"}, // menu_common.cpp:5122
        {"Refresh Rate", "\xe5\x88\xb7\xe6\x96\xb0\xe7\x8e\x87"}, // menu_common.cpp:5128
        {"Calculated Cap: %.1f", "\xe8\xae\xa1\xe7\xae\x97\xe4\xb8\x8a\xe9\x99\x90: %.1f"}, // menu_common.cpp:5140
        {"Set as FPS Limit", "\xe8\xae\xbe\xe4\xb8\xba FPS \xe9\x99\x90\xe5\x88\xb6"}, // menu_common.cpp:5144

        // ===== Sharpness =====
        {"Sharpness", "\xe9\x94\x90\xe5\x8c\x96"}, // menu_common.cpp:5269,5289
        {"Override", "\xe8\xa6\x86\xe7\x9b\x96"}, // menu_common.cpp:5272
        {"Enable RCAS/DA", "\xe5\x90\xaf\xe7\x94\xa8 RCAS\xef\xbc\x88\xe8\x87\xaa\xe9\x80\x82\xe5\xba\x94\xe5\xaf\xb9\xe6\xaf\x94\xe5\xba\xa6\xe9\x94\x90\xe5\x8c\x96\xef\xbc\x89/DA\xef\xbc\x88\xe6\xb7\xb1\xe5\xba\xa6\xe6\x84\x9f\xe7\x9f\xa5\xef\xbc\x89"}, // menu_common.cpp:5307
        {"RCAS", "RCAS\xef\xbc\x88\xe8\x87\xaa\xe9\x80\x82\xe5\xba\x94\xe5\xaf\xb9\xe6\xaf\x94\xe5\xba\xa6\xe9\x94\x90\xe5\x8c\x96\xef\xbc\x89"}, // menu_common.cpp:5321
        {"Depth Aware (RCAS)", "\xe6\xb7\xb1\xe5\xba\xa6\xe6\x84\x9f\xe7\x9f\xa5 (RCAS\xef\xbc\x88\xe8\x87\xaa\xe9\x80\x82\xe5\xba\x94\xe5\xaf\xb9\xe6\xaf\x94\xe5\xba\xa6\xe9\x94\x90\xe5\x8c\x96\xef\xbc\x89)"}, // menu_common.cpp:5332
        {"Depth Aware (DAS)", "\xe6\xb7\xb1\xe5\xba\xa6\xe6\x84\x9f\xe7\x9f\xa5 (DAS\xef\xbc\x88\xe6\xb7\xb1\xe5\xba\xa6\xe6\x84\x9f\xe7\x9f\xa5\xe9\x94\x90\xe5\x8c\x96\xef\xbc\x89)"}, // menu_common.cpp:5346
        {"Enable Motion Adaptive Sharpness", "\xe5\x90\xaf\xe7\x94\xa8\xe8\xbf\x90\xe5\x8a\xa8\xe8\x87\xaa\xe9\x80\x82\xe5\xba\x94\xe9\x94\x90\xe5\x8c\x96"}, // menu_common.cpp:5362
        {"Linear Depth", "\xe7\xba\xbf\xe6\x80\xa7\xe6\xb7\xb1\xe5\xba\xa6"}, // [splash text - not in menu files]
        {"DA Debug", "DA\xef\xbc\x88\xe6\xb7\xb1\xe5\xba\xa6\xe6\x84\x9f\xe7\x9f\xa5\xef\xbc\x89\xe8\xb0\x83\xe8\xaf\x95"}, // [splash text - not in menu files]
        {"Advanced DA Parameters", "\xe9\xab\x98\xe7\xba\xa7 DA\xef\xbc\x88\xe6\xb7\xb1\xe5\xba\xa6\xe6\x84\x9f\xe7\x9f\xa5\xef\xbc\x89\xe5\x8f\x82\xe6\x95\xb0"}, // menu_common.cpp:5377
        {"Clamp Output", "\xe8\xbe\x93\xe5\x87\xba\xe9\x99\x90\xe5\xb9\x85"}, // menu_common.cpp:5383
        {"Depth Bias", "\xe6\xb7\xb1\xe5\xba\xa6\xe5\x81\x8f\xe7\xbd\xae"}, // menu_common.cpp:5400,5424
        {"Depth Scale", "\xe6\xb7\xb1\xe5\xba\xa6\xe7\xbc\xa9\xe6\x94\xbe"}, // menu_common.cpp:5411,5435
        {"Reset Depth Values", "\xe9\x87\x8d\xe7\xbd\xae\xe6\xb7\xb1\xe5\xba\xa6\xe5\x80\xbc"}, // menu_common.cpp:5446
        {"Contrast Enabled", "\xe5\x90\xaf\xe7\x94\xa8\xe5\xaf\xb9\xe6\xaf\x94\xe5\xba\xa6"}, // menu_common.cpp:5456
        {"Contrast", "\xe5\xaf\xb9\xe6\xaf\x94\xe5\xba\xa6"}, // menu_common.cpp:5464
        {"Motion Adaptive Sharpness##2", "\xe8\xbf\x90\xe5\x8a\xa8\xe8\x87\xaa\xe9\x80\x82\xe5\xba\x94\xe9\x94\x90\xe5\x8c\x96"}, // menu_common.cpp:5474
        {"MAS Debug", "MAS\xef\xbc\x88\xe8\xbf\x90\xe5\x8a\xa8\xe8\x87\xaa\xe9\x80\x82\xe5\xba\x94\xe9\x94\x90\xe5\x8c\x96\xef\xbc\x89\xe8\xb0\x83\xe8\xaf\x95"}, // menu_common.cpp:5484
        {"MotionSharpness", "\xe8\xbf\x90\xe5\x8a\xa8\xe9\x94\x90\xe5\x8c\x96"}, // menu_common.cpp:5491
        {"MotionThreshod", "\xe8\xbf\x90\xe5\x8a\xa8\xe9\x98\x88\xe5\x80\xbc"}, // menu_common.cpp:5500
        {"MotionRange", "\xe8\xbf\x90\xe5\x8a\xa8\xe8\x8c\x83\xe5\x9b\xb4"}, // menu_common.cpp:5509

        // ===== Upscale Ratio Override =====
        {"Upscale Ratio Override", "\xe8\xb6\x85\xe5\x88\x86\xe8\xbe\xa8\xe7\x8e\x87\xe6\xaf\x94\xe7\x8e\x87\xe8\xa6\x86\xe7\x9b\x96"}, // menu_common.cpp:5532
        {"Override all", "\xe8\xa6\x86\xe7\x9b\x96\xe5\x85\xa8\xe9\x83\xa8"}, // menu_common.cpp:5535
        {"Override per quality preset", "\xe6\x8c\x89\xe8\xb4\xa8\xe9\x87\x8f\xe9\xa2\x84\xe8\xae\xbe\xe8\xa6\x86\xe7\x9b\x96"}, // menu_common.cpp:5547
        {"All Ratios", "\xe5\x85\xa8\xe9\x83\xa8\xe6\xaf\x94\xe7\x8e\x87"}, // menu_common.cpp:5563
        {"DLAA", "DLAA\xef\xbc\x88" "DLSS\xe6\x8a\x97\xe9\x94\xaf\xe9\xbd\xbf\xef\xbc\x89"}, // menu_common.cpp:5570,7047
        {"Ultra Quality", "\xe8\xb6\x85\xe9\xab\x98\xe8\xb4\xa8\xe9\x87\x8f"}, // menu_common.cpp:5574,7047
        {"Quality", "\xe9\xab\x98\xe8\xb4\xa8\xe9\x87\x8f"}, // menu_common.cpp:5578,7047
        {"Balanced", "\xe5\x9d\x87\xe8\xa1\xa1"}, // menu_common.cpp:5582,7046
        {"Performance", "\xe6\x80\xa7\xe8\x83\xbd"}, // menu_common.cpp:5586,7046
        {"Ultra Performance", "\xe8\xb6\x85\xe6\x80\xa7\xe8\x83\xbd"}, // menu_common.cpp:5590,7046

        // ===== Output Scaling =====
        {"Output Scaling", "\xe8\xbe\x93\xe5\x87\xba\xe7\xbc\xa9\xe6\x94\xbe"}, // menu_common.cpp:5603
        {"Enable", "\xe5\x90\xaf\xe7\x94\xa8"}, // menu_common.cpp:5617
        {"Downscaler", "\xe9\x99\x8d\xe9\x87\x87\xe6\xa0\xb7\xe5\x99\xa8"}, // menu_common.cpp:5667
        {"Apply Change", "\xe5\xba\x94\xe7\x94\xa8\xe6\x9b\xb4\xe6\x94\xb9"}, // menu_common.cpp:5678
        {"Ratio", "\xe6\xaf\x94\xe7\x8e\x87"}, // menu_common.cpp:5700

        // ===== Init Flags =====
        {"Init Flags", "\xe5\x88\x9d\xe5\xa7\x8b\xe5\x8c\x96\xe6\xa0\x87\xe5\xbf\x97"}, // menu_common.cpp:5719
        {"Auto Exposure", "\xe8\x87\xaa\xe5\x8a\xa8\xe6\x9b\x9d\xe5\x85\x89"}, // menu_common.cpp:5729
        {"Disable Reactive Mask", "\xe7\xa6\x81\xe7\x94\xa8\xe5\x8f\x8d\xe5\xba\x94\xe6\x8e\xa9\xe8\x86\x9c"}, // menu_common.cpp:5751
        {"Advanced Init Flags", "\xe9\xab\x98\xe7\xba\xa7\xe5\x88\x9d\xe5\xa7\x8b\xe5\x8c\x96\xe6\xa0\x87\xe5\xbf\x97"}, // menu_common.cpp:5774
        {"Depth Inverted", "\xe6\xb7\xb1\xe5\xba\xa6\xe5\x8f\x8d\xe8\xbd\xac"}, // menu_common.cpp:5783
        {"HDR", "HDR\xef\xbc\x88\xe9\xab\x98\xe5\x8a\xa8\xe6\x80\x81\xe8\x8c\x83\xe5\x9b\xb4\xef\xbc\x89"}, // menu_common.cpp:5792
        {"Display Res. MV", "\xe6\x98\xbe\xe7\xa4\xba\xe5\x88\x86\xe8\xbe\xa8\xe7\x8e\x87 MV\xef\xbc\x88\xe8\xbf\x90\xe5\x8a\xa8\xe5\x90\x91\xe9\x87\x8f\xef\xbc\x89"}, // menu_common.cpp:5801
        {"Jitter Cancellation", "\xe6\x8a\x96\xe5\x8a\xa8\xe6\xb6\x88\xe9\x99\xa4"}, // menu_common.cpp:5822
        {"React. Mask Bias", "\xe5\x8f\x8d\xe5\xba\x94\xe6\x8e\xa9\xe8\x86\x9c\xe5\x81\x8f\xe7\xbd\xae"}, // menu_common.cpp:5845
        {"Use Binary Reactive Mask", "\xe4\xbd\xbf\xe7\x94\xa8\xe4\xba\x8c\xe5\x80\xbc\xe5\x8f\x8d\xe5\xba\x94\xe6\x8e\xa9\xe8\x86\x9c"}, // menu_common.cpp:5853

        // ===== Advanced Settings =====
        {"Advanced Settings", "\xe9\xab\x98\xe7\xba\xa7\xe8\xae\xbe\xe7\xbd\xae"}, // menu_common.cpp:5886
        {"Enable Extended Limits", "\xe5\x90\xaf\xe7\x94\xa8\xe6\x89\xa9\xe5\xb1\x95\xe9\x99\x90\xe5\x88\xb6"}, // menu_common.cpp:5894
        {"Use Precompiled Shaders", "\xe4\xbd\xbf\xe7\x94\xa8\xe9\xa2\x84\xe7\xbc\x96\xe8\xaf\x91\xe8\x89\xb2\xe5\x99\xa8"}, // menu_common.cpp:5903
        {"Override Minimum", "\xe8\xa6\x86\xe7\x9b\x96\xe6\x9c\x80\xe5\xb0\x8f\xe5\x80\xbc"}, // menu_common.cpp:5916
        {"Override Maximum", "\xe8\xa6\x86\xe7\x9b\x96\xe6\x9c\x80\xe5\xa4\xa7\xe5\x80\xbc"}, // menu_common.cpp:5922
        {"Resource Barriers", "\xe8\xb5\x84\xe6\xba\x90\xe5\xb1\x8f\xe9\x9a\x9c"}, // menu_common.cpp:5934
        {"Root Signatures", "\xe6\xa0\xb9\xe7\xad\xbe\xe5\x90\x8d"}, // menu_common.cpp:5951
        {"Color", "\xe9\xa2\x9c\xe8\x89\xb2"}, // menu_common.cpp:5939
        {"Depth", "\xe6\xb7\xb1\xe5\xba\xa6"}, // menu_common.cpp:5940
        {"Motion", "\xe8\xbf\x90\xe5\x8a\xa8"}, // menu_common.cpp:5941
        {"Exposure", "\xe6\x9b\x9d\xe5\x85\x89"}, // menu_common.cpp:5942
        {"Mask", "\xe6\x8e\xa9\xe8\x86\x9c"}, // menu_common.cpp:5943
        {"Output", "\xe8\xbe\x93\xe5\x87\xba"}, // menu_common.cpp:5200,5944

        // ===== Logging =====
        {"Logging", "\xe6\x97\xa5\xe5\xbf\x97"}, // menu_common.cpp:5970
        {"To File", "\xe5\x86\x99\xe5\x85\xa5\xe6\x96\x87\xe4\xbb\xb6"}, // menu_common.cpp:5982
        {"To Console", "\xe5\x86\x99\xe5\x85\xa5\xe6\x8e\xa7\xe5\x88\xb6\xe5\x8f\xb0"}, // menu_common.cpp:5990
        {"Log Level", "\xe6\x97\xa5\xe5\xbf\x97\xe7\xba\xa7\xe5\x88\xab"}, // menu_common.cpp:5999
        {"Trace", "\xe8\xbf\xbd\xe8\xb8\xaa"}, // menu_common.cpp:5996
        {"Debug", "\xe8\xb0\x83\xe8\xaf\x95"}, // menu_common.cpp:5996
        {"Information", "\xe4\xbf\xa1\xe6\x81\xaf"}, // menu_common.cpp:5996
        {"Warning", "\xe8\xad\xa6\xe5\x91\x8a"}, // menu_common.cpp:5996
        {"Error", "\xe9\x94\x99\xe8\xaf\xaf"}, // menu_common.cpp:5996

        // ===== Theme =====
        {"Menu Theme and Colour", "\xe8\x8f\x9c\xe5\x8d\x95\xe4\xb8\xbb\xe9\xa2\x98\xe5\x92\x8c\xe9\xa2\x9c\xe8\x89\xb2"}, // [source uses 'Color' not 'Colour']
        {"Light Theme", "\xe6\xb5\x85\xe8\x89\xb2\xe4\xb8\xbb\xe9\xa2\x98"}, // menu_common.cpp:6043
        {"Presets:", "\xe9\xa2\x84\xe8\xae\xbe:"}, // menu_common.cpp:6051,6235
        {"Custom Accent Colour", "\xe8\x87\xaa\xe5\xae\x9a\xe4\xb9\x89\xe5\xbc\xba\xe8\xb0\x83\xe8\x89\xb2"}, // [used in Translation.cpp fallback formulas]
        {"Reset Accent Colour", "\xe9\x87\x8d\xe7\xbd\xae\xe5\xbc\xba\xe8\xb0\x83\xe8\x89\xb2"}, // [used in Translation.cpp fallback formulas]
        {"Custom BG Colour", "\xe8\x87\xaa\xe5\xae\x9a\xe4\xb9\x89\xe8\x83\x8c\xe6\x99\xaf\xe8\x89\xb2"}, // menu_common.cpp:6387
        {"Background Alpha", "\xe8\x83\x8c\xe6\x99\xaf\xe9\x80\x8f\xe6\x98\x8e\xe5\xba\xa6"}, // menu_common.cpp:6455
        {"Reset BG Colour", "\xe9\x87\x8d\xe7\xbd\xae\xe8\x83\x8c\xe6\x99\xaf\xe8\x89\xb2"}, // menu_common.cpp:6397

        // ===== FPS Overlay =====
        {"FPS Overlay Enabled", "FPS \xe8\xa6\x86\xe5\xb1\x82\xe5\x90\xaf\xe7\x94\xa8"}, // menu_common.cpp:6416
        {"Horizontal", "\xe6\xb0\xb4\xe5\xb9\xb3"}, // menu_common.cpp:6422
        {"Overlay Position", "\xe8\xa6\x86\xe5\xb1\x82\xe4\xbd\x8d\xe7\xbd\xae"}, // menu_common.cpp:6428
        {"Top Left", "\xe5\xb7\xa6\xe4\xb8\x8a"}, // menu_common.cpp:6425
        {"Top Right", "\xe5\x8f\xb3\xe4\xb8\x8a"}, // menu_common.cpp:6425
        {"Bottom Left", "\xe5\xb7\xa6\xe4\xb8\x8b"}, // menu_common.cpp:6425
        {"Bottom Right", "\xe5\x8f\xb3\xe4\xb8\x8b"}, // menu_common.cpp:6425
        {"Overlay Type", "\xe8\xa6\x86\xe5\xb1\x82\xe7\xb1\xbb\xe5\x9e\x8b"}, // menu_common.cpp:6443
        {"Just FPS", "\xe4\xbb\x85 FPS"}, // menu_common.cpp:6439
        {"Simple", "\xe7\xae\x80\xe5\x8d\x95"}, // menu_common.cpp:6439
        {"Detailed", "\xe8\xaf\xa6\xe7\xbb\x86"}, // menu_common.cpp:6439
        {"Detailed + Graph", "\xe8\xaf\xa6\xe7\xbb\x86 + \xe5\x9b\xbe\xe8\xa1\xa8"}, // menu_common.cpp:6439
        {"Full", "\xe5\xae\x8c\xe6\x95\xb4"}, // menu_common.cpp:6440
        {"Full + Graph", "\xe5\xae\x8c\xe6\x95\xb4 + \xe5\x9b\xbe\xe8\xa1\xa8"}, // menu_common.cpp:6440
        {"Reflex timings", "Reflex\xef\xbc\x88NVIDIA\xe4\xbd\x8e\xe5\xbb\xb6\xe8\xbf\x9f\xe6\x8a\x80\xe6\x9c\xaf\xef\xbc\x89\xe6\x97\xb6\xe9\x97\xb4"}, // menu_common.cpp:6440
        {"Hardware", "\xe7\xa1\xac\xe4\xbb\xb6\xe4\xbf\xa1\xe6\x81\xaf"}, // menu_common.cpp hardware monitor
        {"Hardware + Graph", "\xe7\xa1\xac\xe4\xbb\xb6\xe4\xbf\xa1\xe6\x81\xaf + \xe5\x9b\xbe\xe8\xa1\xa8"}, // menu_common.cpp hardware monitor
        {"Same as menu", "\xe4\xb8\x8e\xe8\x8f\x9c\xe5\x8d\x95\xe7\x9b\xb8\xe5\x90\x8c"}, // menu_common.cpp:6458
        {"Scale", "\xe7\xbc\xa9\xe6\x94\xbe"}, // menu_common.cpp:6464

        // ===== Upscaler Inputs =====
        {"Upscaler Inputs", "\xe8\xb6\x85\xe5\x88\x86\xe8\xbe\xa8\xe7\x8e\x87\xe8\xbe\x93\xe5\x85\xa5"}, // menu_common.cpp:6478
        {"Use Fsr2 Inputs", "\xe4\xbd\xbf\xe7\x94\xa8 FSR2 \xe8\xbe\x93\xe5\x85\xa5"}, // menu_common.cpp:6489
        {"Use Fsr2 Pattern Matching", "\xe4\xbd\xbf\xe7\x94\xa8 FSR2 \xe6\xa8\xa1\xe5\xbc\x8f\xe5\x8c\xb9\xe9\x85\x8d"}, // menu_common.cpp:6492
        {"Use Fsr3 Inputs", "\xe4\xbd\xbf\xe7\x94\xa8 FSR3 \xe8\xbe\x93\xe5\x85\xa5"}, // menu_common.cpp:6502
        {"Use Fsr3 Pattern Matching", "\xe4\xbd\xbf\xe7\x94\xa8 FSR3 \xe6\xa8\xa1\xe5\xbc\x8f\xe5\x8c\xb9\xe9\x85\x8d"}, // menu_common.cpp:6505
        {"Use Ffx Inputs", "\xe4\xbd\xbf\xe7\x94\xa8 FFX \xe8\xbe\x93\xe5\x85\xa5"}, // menu_common.cpp:6514

        // ===== V-Sync =====
        {"V-Sync Settings", "V-Sync\xef\xbc\x88\xe5\x9e\x82\xe7\x9b\xb4\xe5\x90\x8c\xe6\xad\xa5\xef\xbc\x89\xe8\xae\xbe\xe7\xbd\xae"}, // menu_common.cpp:6524
        {"V-Sync On", "V-Sync\xef\xbc\x88\xe5\x9e\x82\xe7\x9b\xb4\xe5\x90\x8c\xe6\xad\xa5\xef\xbc\x89\xe5\xbc\x80"}, // menu_common.cpp:6533
        {"V-Sync Off", "V-Sync\xef\xbc\x88\xe5\x9e\x82\xe7\x9b\xb4\xe5\x90\x8c\xe6\xad\xa5\xef\xbc\x89\xe5\x85\xb3"}, // menu_common.cpp:6548
        {"Sync Int.", "\xe5\x90\x8c\xe6\xad\xa5\xe9\x97\xb4\xe9\x9a\x94"}, // menu_common.cpp:6568
        {"Reset##10", "\xe9\x87\x8d\xe7\xbd\xae"}, // menu_common.cpp:6601

        // ===== Mipmap Bias =====
        {"Mipmap Bias##2", "Mipmap\xef\xbc\x88\xe7\xba\xb9\xe7\x90\x86\xe5\xb1\x82\xe7\xba\xa7\xef\xbc\x89\xe5\x81\x8f\xe7\xbd\xae"}, // menu_common.cpp:6630
        {"MB Fixed Override", "MB \xe5\x9b\xba\xe5\xae\x9a\xe8\xa6\x86\xe7\x9b\x96"}, // menu_common.cpp:6642
        {"MB Scale Override", "MB \xe7\xbc\xa9\xe6\x94\xbe\xe8\xa6\x86\xe7\x9b\x96"}, // menu_common.cpp:6658
        {"MB Override All Textures", "MB \xe8\xa6\x86\xe7\x9b\x96\xe6\x89\x80\xe6\x9c\x89\xe7\xba\xb9\xe7\x90\x86"}, // menu_common.cpp:6671
        {"Set", "\xe8\xae\xbe\xe7\xbd\xae"}, // menu_common.cpp:6683
        {"Reset", "\xe9\x87\x8d\xe7\xbd\xae"}, // menu_common.cpp:6696
        {"Calculate Mipmap Bias", "\xe8\xae\xa1\xe7\xae\x97 Mipmap\xef\xbc\x88\xe7\xba\xb9\xe7\x90\x86\xe5\xb1\x82\xe7\xba\xa7\xef\xbc\x89\xe5\x81\x8f\xe7\xbd\xae"}, // menu_common.cpp:6710

        // ===== Anisotropic Filtering =====
        {"Anisotropic Filtering", "\xe5\x90\x84\xe5\x90\x91\xe5\xbc\x82\xe6\x80\xa7\xe8\xbf\x87\xe6\xbb\xa4"}, // menu_common.cpp:6741
        {"Force Anisotropic Filtering", "\xe5\xbc\xba\xe5\x88\xb6\xe5\x90\x84\xe5\x90\x91\xe5\xbc\x82\xe6\x80\xa7\xe8\xbf\x87\xe6\xbb\xa4"}, // menu_common.cpp:6754
        {"Modify Compare", "\xe4\xbf\xae\xe6\x94\xb9\xe6\xaf\x94\xe8\xbe\x83"}, // menu_common.cpp:6780
        {"Modify Min/Max", "\xe4\xbf\xae\xe6\x94\xb9\xe6\x9c\x80\xe5\xb0\x8f/\xe6\x9c\x80\xe5\xa4\xa7"}, // menu_common.cpp:6788
        {"Skip Point Filters", "\xe8\xb7\xb3\xe8\xbf\x87\xe7\x82\xb9\xe8\xbf\x87\xe6\xbb\xa4"}, // menu_common.cpp:6794

        // ===== Keybinds =====
        {"Keybinds", "\xe5\xbf\xab\xe6\x8d\xb7\xe9\x94\xae"}, // menu_common.cpp:6804
        {"Menu", "\xe8\x8f\x9c\xe5\x8d\x95"}, // menu_common.cpp:6813
        {"FPS Overlay", "FPS \xe8\xa6\x86\xe5\xb1\x82"}, // menu_common.cpp:6410,6814
        {"FPS Overlay Cycle", "FPS \xe8\xa6\x86\xe5\xb1\x82\xe5\xbe\xaa\xe7\x8e\xaf"}, // menu_common.cpp:6815

        // ===== Bottom Bar =====
        {"FrameTime", "\xe5\xb8\xa7\xe6\x97\xb6\xe9\x97\xb4"}, // menu_common.cpp:6833
        {"Upscaler", "\xe8\xb6\x85\xe5\x88\x86\xe8\xbe\xa8\xe7\x8e\x87"}, // menu_common.cpp:6842
        {"Menu Scale", "\xe8\x8f\x9c\xe5\x8d\x95\xe7\xbc\xa9\xe6\x94\xbe"}, // menu_common.cpp:6884
        {"Save Settings", "\xe4\xbf\x9d\xe5\xad\x98\xe8\xae\xbe\xe7\xbd\xae"}, // [not in menu files]
        {"Close", "\xe5\x85\xb3\xe9\x97\xad"}, // menu_common.cpp:6911,7129,7143
        {"Open Wiki", "\xe6\x89\x93\xe5\xbc\x80 Wiki"}, // menu_common.cpp:6943
        {"Settings", "\xe8\xae\xbe\xe7\xbd\xae"}, // menu_common.cpp
        {"Preferences", "\xe5\xb8\xb8\xe8\xa7\x84\xe9\x80\x89\xe9\xa1\xb9"}, // menu_common.cpp
        {"Actions", "\xe6\x93\x8d\xe4\xbd\x9c"}, // menu_common.cpp
        {"Active Quirks", "\xe6\xbf\x80\xe6\xb4\xbb\xe7\x9a\x84\xe5\x85\xbc\xe5\xae\xb9\xe4\xbf\xae\xe6\xad\xa3"}, // menu_common.cpp
        {"Open OptiScaler Wiki", "\xe6\x89\x93\xe5\xbc\x80 OptiScaler Wiki"}, // menu_common.cpp
        // Game Quirks
        {"Fixing DLSSG's hudless state in Cyberpunk", "\xe4\xbf\xae\xe5\xa4\x8d\xe8\xb5\x9b\xe5\x8d\x9a\xe6\x9c\x8b\xe5\x85\x8b\xe4\xb8\xad DLSSG \xe7\x9a\x84 hudless \xe7\x8a\xb6\xe6\x80\x81"},
        {"FSR FG hudless mismatch fixup", "\xe4\xbf\xae\xe5\xa4\x8d FSR FG hudless \xe4\xb8\x8d\xe5\x8c\xb9\xe9\x85\x8d"},
        {"Skipping first FSR 3 method", "\xe8\xb7\xb3\xe8\xbf\x87\xe9\xa6\x96\xe4\xb8\xaa FSR 3 \xe6\x96\xb9\xe6\xb3\x95"},
        {"Quick upscaler reinit", "\xe5\xbf\xab\xe9\x80\x9f\xe9\x87\x8d\xe6\x96\xb0\xe5\x88\x9d\xe5\xa7\x8b\xe5\x8c\x96\xe8\xb6\x85\xe5\x88\x86\xe8\xbe\xa8\xe7\x8e\x87"},
        {"Load d3d12.dll", "\xe6\x89\x8b\xe5\x8a\xa8\xe5\x8a\xa0\xe8\xbd\xbd d3d12.dll"},
        {"Enable KernelBase hooks", "\xe5\x90\xaf\xe7\x94\xa8 KernelBase \xe9\x92\xa9\xe5\xad\x90"},
        {"Fix DLSS/DLSSG barriers on Vulkan", "\xe4\xbf\xae\xe5\xa4\x8d Vulkan \xe4\xb8\x8a DLSS/DLSSG \xe5\xb1\x8f\xe9\x9a\x9c"},
        {"Force detected engine as Unreal Engine", "\xe5\xbc\xba\xe5\x88\xb6\xe8\xaf\x86\xe5\x88\xab\xe5\xbc\x95\xe6\x93\x8e\xe4\xb8\xba\xe8\x99\x9a\xe5\xb9\xbb\xe5\xbc\x95\xe6\x93\x8e"},
        {"Disabling Hudfix due to known issues", "\xe5\x9b\xa0\xe5\xb7\xb2\xe7\x9f\xa5\xe9\x97\xae\xe9\xa2\x98\xe7\xa6\x81\xe7\x94\xa8 Hudfix"},
        {"Enabling AutoExposure", "\xe5\x90\xaf\xe7\x94\xa8\xe8\x87\xaa\xe5\x8a\xa8\xe6\x9b\x9d\xe5\x85\x89"},
        {"Disable FFX Inputs", "\xe7\xa6\x81\xe7\x94\xa8 FFX \xe8\xbe\x93\xe5\x85\xa5"},
        {"Disable FSR 3.0 Inputs", "\xe7\xa6\x81\xe7\x94\xa8 FSR 3.0 \xe8\xbe\x93\xe5\x85\xa5"},
        {"Disable FSR 2.X Inputs", "\xe7\xa6\x81\xe7\x94\xa8 FSR 2.X \xe8\xbe\x93\xe5\x85\xa5"},
        {"Disable Reactive Masks", "\xe7\xa6\x81\xe7\x94\xa8\xe5\x8f\x8d\xe5\xba\x94\xe6\x8e\xa9\xe8\x86\x9c"},
        {"Enabling restore compute signature on AMD/Intel", "\xe5\x9c\xa8 AMD/Intel \xe4\xb8\x8a\xe5\x90\xaf\xe7\x94\xa8\xe6\x81\xa2\xe5\xa4\x8d\xe8\xae\xa1\xe7\xae\x97\xe7\xad\xbe\xe5\x90\x8d"},
        {"Enabling restore compute signature on Nvidia", "\xe5\x9c\xa8 Nvidia \xe4\xb8\x8a\xe5\x90\xaf\xe7\x94\xa8\xe6\x81\xa2\xe5\xa4\x8d\xe8\xae\xa1\xe7\xae\x97\xe7\xad\xbe\xe5\x90\x8d"},
        {"Extended signatures restore", "\xe6\x89\xa9\xe5\xb1\x95\xe7\xad\xbe\xe5\x90\x8d\xe6\x81\xa2\xe5\xa4\x8d"},
        {"Dxgi spoofing disabled by default", "\xe9\xbb\x98\xe8\xae\xa4\xe7\xa6\x81\xe7\x94\xa8 Dxgi \xe6\xac\xba\xe9\xaa\x97"},
        {"Disable Use FSR Input Values", "\xe7\xa6\x81\xe7\x94\xa8\xe4\xbd\xbf\xe7\x94\xa8 FSR \xe8\xbe\x93\xe5\x85\xa5\xe5\x80\xbc"},
        {"Disable custom pipeline creation for XeSS", "\xe7\xa6\x81\xe7\x94\xa8 XeSS \xe8\x87\xaa\xe5\xae\x9a\xe4\xb9\x89\xe7\xae\xa1\xe7\xba\xbf\xe5\x88\x9b\xe5\xbb\xba"},
        {"Don't use NTShared enabled", "\xe4\xb8\x8d\xe4\xbd\xbf\xe7\x94\xa8 NTShared"},
        {"Don't use color resource barrier fix for Unreal Engine games", "\xe4\xb8\x8d\xe5\xaf\xb9\xe8\x99\x9a\xe5\xb9\xbb\xe5\xbc\x95\xe6\x93\x8e\xe6\xb8\xb8\xe6\x88\x8f\xe4\xbd\xbf\xe7\x94\xa8\xe9\xa2\x9c\xe8\x89\xb2\xe8\xb5\x84\xe6\xba\x90\xe5\xb1\x8f\xe9\x9a\x9c\xe4\xbf\xae\xe5\xa4\x8d"},
        {"Don't use motion vector resource barrier fix for Unreal Engine games", "\xe4\xb8\x8d\xe5\xaf\xb9\xe8\x99\x9a\xe5\xb9\xbb\xe5\xbc\x95\xe6\x93\x8e\xe6\xb8\xb8\xe6\x88\x8f\xe4\xbd\xbf\xe7\x94\xa8\xe8\xbf\x90\xe5\x8a\xa8\xe5\x90\x91\xe9\x87\x8f\xe8\xb5\x84\xe6\xba\x90\xe5\xb1\x8f\xe9\x9a\x9c\xe4\xbf\xae\xe5\xa4\x8d"},
        {"Skipping upscaling for first 10 frames", "\xe8\xb7\xb3\xe8\xbf\x87\xe5\x89\x8d 10 \xe5\xb8\xa7\xe7\x9a\x84\xe8\xb6\x85\xe5\x88\x86\xe8\xbe\xa8\xe7\x8e\x87"},
        {"Skip turning the first swapchain created into an FSR swapchain", "\xe8\xb7\xb3\xe8\xbf\x87\xe5\xb0\x86\xe9\xa6\x96\xe4\xb8\xaa\xe4\xba\xa4\xe6\x8d\xa2\xe9\x93\xbe\xe8\xbd\xac\xe4\xb8\xba FSR \xe4\xba\xa4\xe6\x8d\xa2\xe9\x93\xbe"},
        {"Correct simulation start marker's frame id", "\xe4\xbf\xae\xe6\xad\xa3\xe6\xa8\xa1\xe6\x8b\x9f\xe5\xbc\x80\xe5\xa7\x8b\xe6\xa0\x87\xe8\xae\xb0\xe7\x9a\x84\xe5\xb8\xa7 ID"},
        {"Don't use V-Sync overrides", "\xe4\xb8\x8d\xe4\xbd\xbf\xe7\x94\xa8 V-Sync \xe8\xa6\x86\xe7\x9b\x96"},
        {"Hack for broken Hitman reflex", "\xe4\xbf\xae\xe5\xa4\x8d\xe6\x9d\x80\xe6\x89\x8b Reflex \xe9\x97\xae\xe9\xa2\x98\xe7\x9a\x84\xe5\x8f\x98\xe9\x80\x9a\xe6\x96\xb9\xe6\xa1\x88"},
        {"Skipping D3D11 feature level elevation, native FSR3.1 will be disabled!", "\xe8\xb7\xb3\xe8\xbf\x87 D3D11 \xe7\x89\xb9\xe6\x80\xa7\xe7\xba\xa7\xe5\x88\xab\xe6\x8f\x90\xe5\x8d\x87\xef\xbc\x8c\xe5\x8e\x9f\xe7\x94\x9f FSR 3.1 \xe5\xb0\x86\xe8\xa2\xab\xe7\xa6\x81\xe7\x94\xa8\xef\xbc\x81"},
        {"Using kernel hooks instead of NTdll ones", "\xe4\xbd\xbf\xe7\x94\xa8 Kernel \xe9\x92\xa9\xe5\xad\x90\xe6\x9b\xbf\xe4\xbb\xa3 NTdll \xe9\x92\xa9\xe5\xad\x90"},
        {"Use FSR2 pattern matching", "\xe4\xbd\xbf\xe7\x94\xa8 FSR2 \xe6\xa8\xa1\xe5\xbc\x8f\xe5\x8c\xb9\xe9\x85\x8d"},
        {"Always capture FSR-FG swapchain", "\xe5\xa7\x8b\xe7\xbb\x88\xe6\x8d\x95\xe8\x8e\xb7 FSR-FG \xe4\xba\xa4\xe6\x8d\xa2\xe9\x93\xbe"},
        {"Allowed Frame Ahead: 2", "\xe5\x85\x81\xe8\xae\xb8\xe6\x8f\x90\xe5\x89\x8d\xe5\xb8\xa7\xe6\x95\xb0\xef\xbc\x9a 2"},
        {"Skip pre init checks for XeFG", "\xe8\xb7\xb3\xe8\xbf\x87 XeFG \xe9\xa2\x84\xe5\x88\x9d\xe5\xa7\x8b\xe5\x8c\x96\xe6\xa3\x80\xe6\x9f\xa5"},
        {"Create D3D12 device for Luma before loading Reshade", "\xe5\x8a\xa0\xe8\xbd\xbd Reshade \xe5\x89\x8d\xe4\xb8\xba Luma \xe5\x88\x9b\xe5\xbb\xba D3D12 \xe8\xae\xbe\xe5\xa4\x87"},
        {"Load vulkan-1.dll", "\xe6\x89\x8b\xe5\x8a\xa8\xe5\x8a\xa0\xe8\xbd\xbd vulkan-1.dll"},
        {"Use FSR2 DX11 inputs", "\xe4\xbd\xbf\xe7\x94\xa8 FSR2 DX11 \xe8\xbe\x93\xe5\x85\xa5"},
        {"Use FSR2 Vulkan inputs", "\xe4\xbd\xbf\xe7\x94\xa8 FSR2 Vulkan \xe8\xbe\x93\xe5\x85\xa5"},
        {"Force Borderless when using XeFG", "\xe4\xbd\xbf\xe7\x94\xa8 XeFG \xe6\x97\xb6\xe5\xbc\xba\xe5\x88\xb6\xe6\x97\xa0\xe8\xbe\xb9\xe6\xa1\x86"},
        {"Override Vsync when using XeFG", "\xe4\xbd\xbf\xe7\x94\xa8 XeFG \xe6\x97\xb6\xe8\xa6\x86\xe7\x9b\x96 Vsync"},
        {"Force create D3D12 device for w/Dx12", "\xe4\xb8\xba Dx12 \xe5\xbc\xba\xe5\x88\xb6\xe5\x88\x9b\xe5\xbb\xba D3D12 \xe8\xae\xbe\xe5\xa4\x87"},
        {"Disable Resize Skip", "\xe7\xa6\x81\xe7\x94\xa8 Resize Skip"},
        {"Spoof Registry", "\xe6\xac\xba\xe9\xaa\x97\xe6\xb3\xa8\xe5\x86\x8c\xe8\xa1\xa8"},
        {"Disable fakenvapi", "\xe7\xa6\x81\xe7\x94\xa8 fakenvapi"},
        {"Force depth as D32S8", "\xe5\xbc\xba\xe5\x88\xb6\xe6\xb7\xb1\xe5\xba\xa6\xe6\xa0\xbc\xe5\xbc\x8f\xe4\xb8\xba D32S8"},
        {"Don't Preserve FG Swapchain", "\xe4\xb8\x8d\xe4\xbf\x9d\xe7\x95\x99 FG \xe4\xba\xa4\xe6\x8d\xa2\xe9\x93\xbe"},
        {"Using old overlay (draws on upscaled image)", "\xe4\xbd\xbf\xe7\x94\xa8\xe6\x97\xa7\xe8\xa6\x86\xe7\x9b\x96\xe5\xb1\x82\xef\xbc\x88\xe7\xbb\x98\xe5\x88\xb6\xe5\x9c\xa8\xe6\x94\xbe\xe5\xa4\xa7\xe5\x90\x8e\xe7\x9a\x84\xe5\x9b\xbe\xe5\x83\x8f\xe4\xb8\x8a\xef\xbc\x89"},
        {"Fix DLSS quality selection in Pragmata", "\xe4\xbf\xae\xe5\xa4\x8d Pragmata \xe4\xb8\xad DLSS \xe8\xb4\xa8\xe9\x87\x8f\xe9\x80\x89\xe6\x8b\xa9"},
        {"Ignore ValidUntilEvaluate resources for FG", "\xe5\xbf\xbd\xe7\x95\xa5 FG \xe7\x9a\x84 ValidUntilEvaluate \xe8\xb5\x84\xe6\xba\x90"},
        {"Create SL on the 2nd device", "\xe5\x9c\xa8\xe7\xac\xac\xe4\xba\x8c\xe4\xb8\xaa\xe8\xae\xbe\xe5\xa4\x87\xe4\xb8\x8a\xe5\x88\x9b\xe5\xbb\xba SL"},

        // ===== Mipmap Calc =====
        {"Display Width", "\xe6\x98\xbe\xe7\xa4\xba\xe5\xae\xbd\xe5\xba\xa6"}, // menu_common.cpp:7026
        {"Upscaler Quality", "\xe8\xb6\x85\xe5\x88\x86\xe8\xbe\xa8\xe7\x8e\x87\xe8\xb4\xa8\xe9\x87\x8f"}, // menu_common.cpp:7055
        {"Upscaler Ratio", "\xe8\xb6\x85\xe5\x88\x86\xe8\xbe\xa8\xe7\x8e\x87\xe6\xaf\x94\xe7\x8e\x87"}, // menu_common.cpp:7108
        {"Render Width", "\xe6\xb8\xb2\xe6\x9f\x93\xe5\xae\xbd\xe5\xba\xa6"}, // menu_common.cpp:7114
        {"Use Value", "\xe4\xbd\xbf\xe7\x94\xa8\xe6\xad\xa4\xe5\x80\xbc"}, // menu_common.cpp:7128,7135

        // ===== Hudless =====
        {"Hudless Resources", "Hudless\xef\xbc\x88\xe6\x97\xa0HUD\xef\xbc\x89\xe8\xb5\x84\xe6\xba\x90"}, // menu_common.cpp:7162

        // ===== fakenvapi =====
        {"fakenvapi", "fakenvapi\xef\xbc\x88\xe6\xa8\xa1\xe6\x8b\x9fNVIDIA API\xef\xbc\x89"}, // menu_common.cpp:5158
        {"Enable Logging To File", "\xe5\x90\xaf\xe7\x94\xa8\xe5\x86\x99\xe5\x85\xa5\xe6\x97\xa5\xe5\xbf\x97\xe6\x96\x87\xe4\xbb\xb6"}, // [not in menu files]
        {"Enable Trace Logs", "\xe5\x90\xaf\xe7\x94\xa8\xe8\xb7\x9f\xe8\xb8\xaa\xe6\x97\xa5\xe5\xbf\x97"}, // [not in menu files]
        {"Force LatencyFlex", "\xe5\xbc\xba\xe5\x88\xb6 LatencyFlex\xef\xbc\x88\xe5\xbb\xb6\xe8\xbf\x9f\xe5\xbc\xb9\xe6\x80\xa7\xef\xbc\x89"}, // menu_common.cpp:5208
        {"LatencyFlex mode", "LatencyFlex\xef\xbc\x88\xe5\xbb\xb6\xe8\xbf\x9f\xe5\xbc\xb9\xe6\x80\xa7\xef\xbc\x89\xe6\xa8\xa1\xe5\xbc\x8f"}, // menu_common.cpp:5252
        {"Force Reflex", "\xe5\xbc\xba\xe5\x88\xb6 Reflex\xef\xbc\x88NVIDIA\xe4\xbd\x8e\xe5\xbb\xb6\xe8\xbf\x9f\xe6\x8a\x80\xe6\x9c\xaf\xef\xbc\x89"}, // menu_common.cpp:5259
        {"Follow in-game", "\xe8\xb7\x9f\xe9\x9a\x8f\xe6\xb8\xb8\xe6\x88\x8f"}, // menu_common.cpp:5255
        {"Force Disable", "\xe5\xbc\xba\xe5\x88\xb6\xe7\xa6\x81\xe7\x94\xa8"}, // menu_common.cpp:5256
        {"Force Enable", "\xe5\xbc\xba\xe5\x88\xb6\xe5\x90\xaf\xe7\x94\xa8"}, // menu_common.cpp:5257
        {"Apply##2", "\xe5\xba\x94\xe7\x94\xa8"}, // [not in menu files]

        // ===== FSR 3 Upscaler Fine Tuning =====
        {"FSR 3 Upscaler Fine Tuning", "FSR 3\xef\xbc\x88" "AMD\xe8\xb6\x85\xe5\x88\x86\xe8\xbe\xa8\xe7\x8e\x87\xef\xbc\x89\xe8\xb6\x85\xe5\x88\x86\xe8\xbe\xa8\xe7\x8e\x87\xe5\xbe\xae\xe8\xb0\x83"}, // menu_common.cpp:3163

        // ===== DLSSG mod =====
        {"Frame Generation (FSR3-FG via Nukem's DLSSG)", "\xe5\xb8\xa7\xe7\x94\x9f\xe6\x88\x90 (FSR3-FG via Nukem's DLSSG)"}, // menu_common.cpp:4779
        {"Fix broken visuals", "\xe4\xbf\xae\xe5\xa4\x8d\xe7\xa0\xb4\xe6\x8d\x9f\xe7\x94\xbb\xe9\x9d\xa2"}, // menu_common.cpp:4830
        {"Enable Debug View", "\xe5\x90\xaf\xe7\x94\xa8\xe8\xb0\x83\xe8\xaf\x95\xe8\xa7\x86\xe5\x9b\xbe"}, // menu_common.cpp:4850,4861
        {"Interpolated frames only", "\xe4\xbb\x85\xe6\x8f\x92\xe5\x80\xbc\xe5\xb8\xa7"}, // menu_common.cpp:4854

        // ===== FSRFG Inputs =====
        {"Frame Generation (FSR-FG Inputs)", "\xe5\xb8\xa7\xe7\x94\x9f\xe6\x88\x90 (FSR-FG\xef\xbc\x88" "AMD\xe5\xb8\xa7\xe7\x94\x9f\xe6\x88\x90\xef\xbc\x89\xe8\xbe\x93\xe5\x85\xa5)"}, // menu_common.cpp:4873

        // ===== Streamline FG =====
        {"Frame Generation (Streamline FG Inputs)", "\xe5\xb8\xa7\xe7\x94\x9f\xe6\x88\x90 (Streamline FG\xef\xbc\x88\xe6\xb5\x81\xe5\xbc\x8f\xe5\xb8\xa7\xe7\x94\x9f\xe6\x88\x90\xef\xbc\x89\xe8\xbe\x93\xe5\x85\xa5)"}, // menu_common.cpp:4913

        // ===== Dx11 with Dx12 =====
        {"Dx11 with Dx12 Settings", "Dx11 \xe4\xb8\x8e Dx12 \xe8\xae\xbe\xe7\xbd\xae"}, // menu_common.cpp:2838

        // ===== Vulkan with Dx12 =====
        {"Vulkan with Dx12 Settings", "Vulkan \xe4\xb8\x8e Dx12 \xe8\xae\xbe\xe7\xbd\xae"}, // menu_common.cpp:2855

        // ===== Language =====
        {"Language", "\xe8\xaf\xad\xe8\xa8\x80"}, // [not in menu files]

        // ===== Sharpness (slider/checkbox labels) =====
        {"Sharpness##slider", "\xe9\x94\x90\xe5\x8c\x96"}, // [not in menu files]

        // ===== Color preset buttons =====
        {"Blue", "\xe8\x93\x9d\xe8\x89\xb2"}, // menu_common.cpp:6069
        {"Teal", "\xe9\x9d\x92\xe8\x93\x9d\xe8\x89\xb2"}, // menu_common.cpp:6090
        {"Gray", "\xe7\x81\xb0\xe8\x89\xb2"}, // menu_common.cpp:6111
        {"Yellow", "\xe9\xbb\x84\xe8\x89\xb2"}, // menu_common.cpp:6132
        {"Green", "\xe7\xbb\xbf\xe8\x89\xb2"}, // menu_common.cpp:6153
        {"Red", "\xe7\xba\xa2\xe8\x89\xb2"}, // menu_common.cpp:6174
        {"Orange", "\xe6\xa9\x99\xe8\x89\xb2"}, // menu_common.cpp:6195
        {"Purple", "\xe7\xb4\xab\xe8\x89\xb2"}, // [not in menu files]
        {"Blue##2", "\xe8\x93\x9d\xe8\x89\xb2"}, // menu_common.cpp:6243
        {"Teal##2", "\xe9\x9d\x92\xe8\x93\x9d\xe8\x89\xb2"}, // menu_common.cpp:6264
        {"Gray##2", "\xe7\x81\xb0\xe8\x89\xb2"}, // menu_common.cpp:6285
        {"Yellow##2", "\xe9\xbb\x84\xe8\x89\xb2"}, // menu_common.cpp:6306
        {"Green##2", "\xe7\xbb\xbf\xe8\x89\xb2"}, // menu_common.cpp:6327
        {"Red##2", "\xe7\xba\xa2\xe8\x89\xb2"}, // menu_common.cpp:6348
        {"Orange##2", "\xe6\xa9\x99\xe8\x89\xb2"}, // menu_common.cpp:6369
        {"Purple##2", "\xe7\xb4\xab\xe8\x89\xb2"}, // [not in menu files]

        // ===== FSR FG/Nukems additional =====
        {"Skip Config for Hudless", "\xe8\xb7\xb3\xe8\xbf\x87 Hudless \xe9\x85\x8d\xe7\xbd\xae"}, // menu_common.cpp:4896
        {"Skip Dispatch for Hudless", "\xe8\xb7\xb3\xe8\xbf\x87 Hudless \xe5\x88\x86\xe5\x8f\x91"}, // menu_common.cpp:4904
        {"Reflex not hooked", "Reflex\xef\xbc\x88NVIDIA\xe4\xbd\x8e\xe5\xbb\xb6\xe8\xbf\x9f\xe6\x8a\x80\xe6\x9c\xaf\xef\xbc\x89\xe6\x9c\xaa Hook"}, // menu_common.cpp:4800,4919
        {"If you are using an AMD/Intel GPU then make sure you have fakenvapi", "\xe5\xa6\x82\xe6\x9e\x9c\xe4\xbd\xbf\xe7\x94\xa8 AMD/Intel GPU\xef\xbc\x8c\xe8\xaf\xb7\xe7\xa1\xae\xe4\xbf\x9d\xe5\xae\x89\xe8\xa3\x85 fakenvapi"}, // menu_common.cpp:4920
        {"Current DLSSG state:", "\xe5\xbd\x93\xe5\x89\x8d DLSSG\xef\xbc\x88" "DLSS\xe5\xb8\xa7\xe7\x94\x9f\xe6\x88\x90\xef\xbc\x89\xe7\x8a\xb6\xe6\x80\x81:"}, // menu_common.cpp:4367,4811
        {"Current Streamline FG state:", "\xe5\xbd\x93\xe5\x89\x8d Streamline FG\xef\xbc\x88\xe6\xb5\x81\xe5\xbc\x8f\xe5\xb8\xa7\xe7\x94\x9f\xe6\x88\x90\xef\xbc\x89\xe7\x8a\xb6\xe6\x80\x81:"}, // menu_common.cpp:4924
        {"Please select DLSS Frame Generation in the game options\nYou might need to select DLSS first", "\xe8\xaf\xb7\xe5\x9c\xa8\xe6\xb8\xb8\xe6\x88\x8f\xe9\x80\x89\xe9\xa1\xb9\xe4\xb8\xad\xe9\x80\x89\xe6\x8b\xa9 DLSS \xe5\xb8\xa7\xe7\x94\x9f\xe6\x88\x90\n\xe5\x8f\xaf\xe8\x83\xbd\xe9\x9c\x80\xe8\xa6\x81\xe5\x85\x88\xe9\x80\x89\xe6\x8b\xa9 DLSS"}, // menu_common.cpp:4805,menu_common.cpp:4936
        {"Please select FSR Frame Generation in the game options\nYou might need to select FSR first", "\xe8\xaf\xb7\xe5\x9c\xa8\xe6\xb8\xb8\xe6\x88\x8f\xe9\x80\x89\xe9\xa1\xb9\xe4\xb8\xad\xe9\x80\x89\xe6\x8b\xa9 FSR \xe5\xb8\xa7\xe7\x94\x9f\xe6\x88\x90\n\xe5\x8f\xaf\xe8\x83\xbd\xe9\x9c\x80\xe8\xa6\x81\xe5\x85\x88\xe9\x80\x89\xe6\x8b\xa9 FSR"}, // menu_common.cpp:4890

        // ===== Restart/persist messages =====
        {"Will be applied after RESOLUTION/PRESET change !!!", "\xe5\xb0\x86\xe5\x9c\xa8\xe5\x88\x86\xe8\xbe\xa8\xe7\x8e\x87/\xe9\xa2\x84\xe8\xae\xbe\xe5\x8f\x98\xe6\x9b\xb4\xe5\x90\x8e\xe7\x94\x9f\xe6\x95\x88!!!"}, // menu_common.cpp:6737
        {"Will might be applied after RESOLUTION/PRESET change !!!", "\xe5\x8f\xaf\xe8\x83\xbd\xe5\x9c\xa8\xe5\x88\x86\xe8\xbe\xa8\xe7\x8e\x87/\xe9\xa2\x84\xe8\xae\xbe\xe5\x8f\x98\xe6\x9b\xb4\xe5\x90\x8e\xe7\x94\x9f\xe6\x95\x88!!!"}, // menu_common.cpp:6799

        // ===== Keybinds help text =====
        {"Key combinations are currently NOT supported!", "\xe5\xbd\x93\xe5\x89\x8d\xe4\xb8\x8d\xe6\x94\xaf\xe6\x8c\x81\xe7\xbb\x84\xe5\x90\x88\xe9\x94\xae!"}, // menu_common.cpp:6809
        {"Escape to cancel, Backspace to unbind", "Esc \xe5\x8f\x96\xe6\xb6\x88\xef\xbc\x8c""Backspace \xe8\xa7\xa3\xe9\x99\xa4\xe7\xbb\x91\xe5\xae\x9a"}, // menu_common.cpp:6810

        // ===== DRS title =====
        {"DRS (Dynamic Resolution Scaling)", "DRS (\xe5\x8a\xa8\xe6\x80\x81\xe5\x88\x86\xe8\xbe\xa8\xe7\x8e\x87\xe7\xbc\xa9\xe6\x94\xbe)"}, // menu_common.cpp:5911

        // ===== Restore root sig =====
        {"Restore Compute Root Signature", "\xe6\x81\xa2\xe5\xa4\x8d\xe8\xae\xa1\xe7\xae\x97\xe6\xa0\xb9\xe7\xad\xbe\xe5\x90\x8d"}, // menu_common.cpp:5957
        {"Restore Graphic Root Signature", "\xe6\x81\xa2\xe5\xa4\x8d\xe5\x9b\xbe\xe5\xbd\xa2\xe6\xa0\xb9\xe7\xad\xbe\xe5\x90\x8d"}, // menu_common.cpp:5961

        // ===== Output Scaling Enabled text =====
        {"Output Scaling is %s, Target Res: %dx%d (%.2f)\nJitter Count: %d", "\xe8\xbe\x93\xe5\x87\xba\xe7\xbc\xa9\xe6\x94\xbe %s, \xe7\x9b\xae\xe6\xa0\x87\xe5\x88\x86\xe8\xbe\xa8\xe7\x8e\x87: %dx%d (%.2f)\n\xe6\x8a\x96\xe5\x8a\xa8\xe8\xae\xa1\xe6\x95\xb0: %d"}, // menu_common.cpp:5705
        {"ENABLED", "\xe5\xb7\xb2\xe5\x90\xaf\xe7\x94\xa8"}, // menu_common.cpp:5706
        {"DISABLED", "\xe5\xb7\xb2\xe7\xa6\x81\xe7\x94\xa8"}, // menu_common.cpp:5706

        // ===== Status messages =====
        {"ACTIVATE FG", "\xe5\x90\xaf\xe7\x94\xa8 FG"}, // menu_common.cpp:4885,4931

        // ===== Console/Log method names =====
        {"Fallback", "\xe5\xa4\x87\xe7\x94\xa8"}, // menu_common.cpp:5076

        // ===== Theme labels =====
        {"Accent Colour", "\xe5\xbc\xba\xe8\xb0\x83\xe8\x89\xb2"}, // menu_common.cpp:6049
        {"Background Colour", "\xe8\x83\x8c\xe6\x99\xaf\xe8\x89\xb2"}, // menu_common.cpp:6233

        // ===== Nukems =====
        {"Please put dlssg_to_fsr3_amd_is_better.dll next to OptiScaler", "\xe8\xaf\xb7\xe5\xb0\x86 dlssg_to_fsr3_amd_is_better.dll \xe6\x94\xbe\xe5\x9c\xa8 OptiScaler \xe6\x97\x81\xe8\xbe\xb9"}, // menu_common.cpp:4786

        // ===== OptiFG =====
        {"FG Make MV Copies", "FG \xe5\xa4\x8d\xe5\x88\xb6\xe8\xbf\x90\xe5\x8a\xa8\xe5\x90\x91\xe9\x87\x8f"}, // menu_common.cpp:4715
        {"FG Make Depth Copies", "FG \xe5\xa4\x8d\xe5\x88\xb6\xe6\xb7\xb1\xe5\xba\xa6"}, // menu_common.cpp:4721
        {"FG Scale Depth Max", "FG \xe6\xb7\xb1\xe5\xba\xa6\xe7\xbc\xa9\xe6\x94\xbe\xe6\x9c\x80\xe5\xa4\xa7\xe5\x80\xbc"}, // menu_common.cpp:4728
        {"FG Use Mutex for Present", "FG \xe4\xbd\xbf\xe7\x94\xa8\xe4\xba\x92\xe6\x96\xa5\xe9\x94\x81\xe5\x91\x88\xe7\x8e\xb0"}, // menu_common.cpp:4740
        {"Syncing Settings", "\xe5\x90\x8c\xe6\xad\xa5\xe8\xae\xbe\xe7\xbd\xae"}, // menu_common.cpp:4737

        // ===== Version check / status messages =====
        {"Update available: %s (current %s)", "\xe6\x9c\x89\xe5\x8f\xaf\xe7\x94\xa8\xe6\x9b\xb4\xe6\x96\xb0: %s (\xe5\xbd\x93\xe5\x89\x8d %s)"}, // menu_common.cpp:2580
        {"Open release page", "\xe6\x89\x93\xe5\xbc\x80\xe5\x8f\x91\xe5\xb8\x83\xe9\xa1\xb5"}, // menu_common.cpp:2586
        {"Please select %s as upscaler from game\noptions and load a save game to enable Opti settings.\nUpscalers don't always work in menus.", // menu_common.cpp:2635
         "\xe8\xaf\xb7\xe5\x9c\xa8\xe6\xb8\xb8\xe6\x88\x8f\xe9\x80\x89\xe9\xa1\xb9\xe4\xb8\xad\xe9\x80\x89\xe6\x8b\xa9 %s \xe4\xbd\x9c\xe4\xb8\xba\xe8\xb6\x85\xe5\x88\x86\xe8\xbe\xa8\xe7\x8e\x87\xef\xbc\x8c\xe5\xb9\xb6\xe5\x8a\xa0\xe8\xbd\xbd\xe5\xad\x98\xe6\xa1\xa3\xe4\xbb\xa5\xe6\xbf\x80\xe6\xb4\xbb Opti \xe8\xae\xbe\xe7\xbd\xae\xe3\x80\x82\n\xe8\x8f\x9c\xe5\x8d\x95\xe4\xb8\xad\xe7\x9a\x84\xe8\xb6\x85\xe5\x88\x86\xe8\xbe\xa8\xe7\x8e\x87\xe4\xb8\x8d\xe4\xb8\x80\xe5\xae\x9a\xe6\x80\xbb\xe6\x98\xaf\xe6\x9c\x89\xe6\x95\x88\u3002"},
        {"Can't find nvngx.dll and libxess.dll and FSR inputs\nUpscaling support will NOT work.", // menu_common.cpp:2678
         "\xe6\x89\xbe\xe4\xb8\x8d\xe5\x88\xb0 nvngx.dll\xe3\x80\x81libxess.dll \xe5\x92\x8c FSR \xe8\xbe\x93\xe5\x85\xa5\n\xe8\xb6\x85\xe5\x88\x86\xe8\xbe\xa8\xe7\x8e\x87\xe5\xb0\x86\xe4\xb8\x8d\xe4\xbc\x9a\xe5\xb7\xa5\xe4\xbd\x9c\xe3\x80\x82"},
        {"%s is active, but not currently used by the game\nPlease enter the game", // menu_common.cpp:2696
         "%s \xe5\xb7\xb2\xe6\xbf\x80\xe6\xb4\xbb\xef\xbc\x8c\xe4\xbd\x86\xe6\xb8\xb8\xe6\x88\x8f\xe5\xbd\x93\xe5\x89\x8d\xe6\x9c\xaa\xe4\xbd\xbf\xe7\x94\xa8\n\xe8\xaf\xb7\xe8\xbf\x9b\xe5\x85\xa5\xe6\xb8\xb8\xe6\x88\x8f"},
        // ===== File status indicators =====
        {"Exists", "\xe5\xad\x98\xe5\x9c\xa8"}, // menu_common.cpp:2648,2651,2655,2658,2662,2666,2668,2670
        {"Doesn't Exist", "\xe4\xb8\x8d\xe5\xad\x98\xe5\x9c\xa8"}, // menu_common.cpp:2648,2651,2655,2658,2662,2666,2668,2670
        {"nvngx.dll: %s", "nvngx.dll: %s"}, // menu_common.cpp:2655
        {"nvngx_dlss : %s", "nvngx_dlss : %s"}, // menu_common.cpp:2648
        {"nvngx_dlssd : %s", "nvngx_dlssd : %s"}, // menu_common.cpp:2650
        {"nvngx replacement: %s", "nvngx \xe6\x9b\xbf\xe4\xbb\xa3: %s"}, // menu_common.cpp:2657
        {"libxess: %s", "libxess: %s"}, // menu_common.cpp:2661
        {"FSR Hooks: %s", "FSR \xe9\x92\xa9\xe5\xad\x90: %s"}, // menu_common.cpp:2664
        {"FSR 3.1: %s", "FSR 3.1: %s"}, // menu_common.cpp:2666
        {"FSR 3.1 SR: %s", "FSR 3.1 SR: %s"}, // menu_common.cpp:2668
        {"FSR 3.1 FG: %s", "FSR 3.1 FG: %s"}, // menu_common.cpp:2670

        // ===== UI labels found in round 2 =====
        {"On", "\xe5\xbc\x80"}, // menu_common.cpp:2737,2755,2779,4883,4929
        {"Off", "\xe5\x85\xb3"}, // menu_common.cpp:2737,2755,2783,3614,4375,4819,4889,4935
        {"| Spoof: %s", "| \xe6\xac\xba\xe9\xaa\x97\xef\xbc\x9a%s"}, // menu_common.cpp:2738,2756,2786
        {"nvngx_dlss.dll not found, DLSS disabled!", "\xe6\x89\xbe\xe4\xb8\x8d\xe5\x88\xb0 nvngx_dlss.dll\xef\xbc\x8c" "DLSS \xe5\xb7\xb2\xe7\xa6\x81\xe7\x94\xa8\xef\xbc\x81"}, // menu_common.cpp:2826
        {"Don't Use NTShared", "\xe4\xb8\x8d\xe4\xbd\xbf\xe7\x94\xa8 NTShared"}, // menu_common.cpp:2844
        {"Use CopyResource for Inputs", "\xe4\xbd\xbf\xe7\x94\xa8 CopyResource \xe5\xa4\x84\xe7\x90\x86\xe8\xbe\x93\xe5\x85\xa5"}, // menu_common.cpp:2861
        {"Use CopyResource for Output", "\xe4\xbd\xbf\xe7\x94\xa8 CopyResource \xe5\xa4\x84\xe7\x90\x86\xe8\xbe\x93\xe5\x87\xba"}, // menu_common.cpp:2865
        {"Network Models", "\xe7\xbd\x91\xe7\xbb\x9c\xe6\xa8\xa1\xe5\x9e\x8b"}, // menu_common.cpp:2892
        {"Dump (Shift+Del)", "\xe8\xb0\x83\xe8\xaf\x95\xe8\xbd\xac\xe5\x82\xa8 (Shift+Del)"}, // menu_common.cpp:2908
        {"frames", "\xe5\xb8\xa7\xe6\x95\xb0"}, // menu_common.cpp:2915
        {"Change Upscaler", "\xe6\x9b\xb4\xe6\x8d\xa2\xe8\xb6\x85\xe5\x88\x86\xe8\xbe\xa8\xe7\x8e\x87"}, // menu_common.cpp:2964
        {"Non-Linear Color Space", "\xe9\x9d\x9e\xe7\xba\xbf\xe6\x80\xa7\xe8\x89\xb2\xe5\xbd\xa9\xe7\xa9\xba\xe9\x97\xb4"}, // menu_common.cpp:2982
        {"Indicates input color resource uses Non-Linear color space\nMight improve upscaling quality of FSR4\nMight increase ghosting", // menu_common.cpp:2991
         "\xe8\xa1\xa8\xe7\xa4\xba\xe8\xbe\x93\xe5\x85\xa5\xe9\xa2\x9c\xe8\x89\xb2\xe8\xb5\x84\xe6\xba\x90\xe4\xbd\xbf\xe7\x94\xa8\xe9\x9d\x9e\xe7\xba\xbf\xe6\x80\xa7\xe8\x89\xb2\xe5\xbd\xa9\xe7\xa9\xba\xe9\x97\xb4\n\xe5\x8f\xaf\xe8\x83\xbd\xe6\x94\xb9\xe5\x96\x84 FSR4 \xe7\x9a\x84\xe8\xb6\x85\xe5\x88\x86\xe8\xbe\xa8\xe7\x8e\x87\xe8\xb4\xa8\xe9\x87\x8f\n\xe5\x8f\xaf\xe8\x83\xbd\xe5\xa2\x9e\xe5\x8a\xa0\xe5\xb9\xbb\xe5\xbd\xb1"},
        {"On + Ext", "\xe5\xbc\x80 + \xe6\x89\xa9\xe5\xb1\x95"}, // menu_common.cpp:2777
        {"Just Ext", "\xe4\xbb\x85\xe6\x89\xa9\xe5\xb1\x95"}, // menu_common.cpp:2781
        {"Likely doesn't do much", "\xe5\x8f\xaf\xe8\x83\xbd\xe6\xb2\xa1\xe6\x9c\x89\xe5\xa4\xaa\xe5\xa4\xa7\xe6\x95\x88\xe6\x9e\x9c"}, // menu_common.cpp:2906

        // ===== Round 3: Full translation of all remaining UI strings =====

        // FFX / FSR4
        {"Non-Linear sRGB Input", "\xe9\x9d\x9e\xe7\xba\xbf\xe6\x80\xa7 sRGB \xe8\xbe\x93\xe5\x85\xa5"}, // menu_common.cpp:3027
        {"Non-Linear PQ Input", "\xe9\x9d\x9e\xe7\xba\xbf\xe6\x80\xa7 PQ \xe8\xbe\x93\xe5\x85\xa5"}, // menu_common.cpp:3037
        {"Indicates input color resource contains perceptual sRGB colors\nMight improve upscaling quality of FSR4\nMight increase ghosting", // menu_common.cpp:3031
         "\xe8\xa1\xa8\xe7\xa4\xba\xe8\xbe\x93\xe5\x85\xa5\xe9\xa2\x9c\xe8\x89\xb2\xe8\xb5\x84\xe6\xba\x90\xe5\x8c\x85\xe5\x90\xab\xe6\x84\x9f\xe7\x9f\xa5 sRGB \xe9\xa2\x9c\xe8\x89\xb2\n\xe5\x8f\xaf\xe8\x83\xbd\xe6\x94\xb9\xe5\x96\x84 FSR4 \xe7\x9a\x84\xe8\xb6\x85\xe5\x88\x86\xe8\xbe\xa8\xe7\x8e\x87\xe8\xb4\xa8\xe9\x87\x8f\n\xe5\x8f\xaf\xe8\x83\xbd\xe5\xa2\x9e\xe5\x8a\xa0\xe5\xb9\xbb\xe5\xbd\xb1"},
        {"Indicates input color resource contains perceptual PQ colors\nMight improve upscaling quality of FSR4\nRarest, might increase ghosting and break lights", // menu_common.cpp:3041
         "\xe8\xa1\xa8\xe7\xa4\xba\xe8\xbe\x93\xe5\x85\xa5\xe9\xa2\x9c\xe8\x89\xb2\xe8\xb5\x84\xe6\xba\x90\xe5\x8c\x85\xe5\x90\xab\xe6\x84\x9f\xe7\x9f\xa5 PQ \xe9\xa2\x9c\xe8\x89\xb2\n\xe5\x8f\xaf\xe8\x83\xbd\xe6\x94\xb9\xe5\x96\x84 FSR4 \xe7\x9a\x84\xe8\xb6\x85\xe5\x88\x86\xe8\xbe\xa8\xe7\x8e\x87\xe8\xb4\xa8\xe9\x87\x8f\n\xe6\x9c\x80\xe7\xbd\x95\xe8\xa7\x81\xef\xbc\x8c\xe5\x8f\xaf\xe8\x83\xbd\xe5\xa2\x9e\xe5\x8a\xa0\xe5\xb9\xbb\xe5\xbd\xb1\xe5\x92\x8c\xe7\xa0\xb4\xe5\x9d\x8f\xe7\x81\xaf\xe5\x85\x89"},
        {"Models", "\xe6\xa8\xa1\xe5\x9e\x8b"}, // menu_common.cpp:3067
        {"Each FSR4 preset uses its own model.\nSelecting a model won't change the upscaler preset!\n\nModel 0 is meant for FSR Native AA\nModel 1 is meant for Quality/Ultra Quality\nModel 2 is meant for Balanced\nModel 3 is meant for Performance\nModel 5 is meant for Ultra Performance", // menu_common.cpp:3090
         "\xe6\xaf\x8f\xe4\xb8\xaa FSR4 \xe9\xa2\x84\xe8\xae\xbe\xe9\x83\xbd\xe4\xbd\xbf\xe7\x94\xa8\xe8\x87\xaa\xe5\xb7\xb1\xe7\x9a\x84\xe6\xa8\xa1\xe5\x9e\x8b\xe3\x80\x82\n\xe9\x80\x89\xe6\x8b\xa9\xe6\xa8\xa1\xe5\x9e\x8b\xe4\xb8\x8d\xe4\xbc\x9a\xe6\x94\xb9\xe5\x8f\x98\xe8\xb6\x85\xe5\x88\x86\xe8\xbe\xa8\xe7\x8e\x87\xe9\xa2\x84\xe8\xae\xbe\xef\xbc\x81\n\nModel 0 \xe9\x80\x82\xe5\x90\x88 FSR Native AA\nModel 1 \xe9\x80\x82\xe5\x90\x88 Quality/Ultra Quality\nModel 2 \xe9\x80\x82\xe5\x90\x88 Balanced\nModel 3 \xe9\x80\x82\xe5\x90\x88 Performance\nModel 5 \xe9\x80\x82\xe5\x90\x88 Ultra Performance"},
        {"Current model: %d", "\xe5\xbd\x93\xe5\x89\x8d\xe6\xa8\xa1\xe5\x9e\x8b: %d"}, // menu_common.cpp:3105
        {"Failed to hook", "Hook\xe5\xa4\xb1\xe8\xb4\xa5"}, // menu_common.cpp:3107
        {"Upscaler Debug View", "\xe8\xb6\x85\xe5\x88\x86\xe8\xbe\xa8\xe7\x8e\x87\xe8\xb0\x83\xe8\xaf\x95\xe8\xa7\x86\xe5\x9b\xbe"}, // menu_common.cpp:3116
        {"Top left: Dilated Motion Vectors\nTop right: Predicted Blend Factor", // menu_common.cpp:3130,menu_common.cpp:3135
         "\xe5\xb7\xa6\xe4\xb8\x8a: \xe6\x89\xa9\xe5\xbc\xa0\xe8\xbf\x90\xe5\x8a\xa8\xe5\x90\x91\xe9\x87\x8f\n\xe5\x8f\xb3\xe4\xb8\x8a: \xe9\xa2\x84\xe6\xb5\x8b\xe6\xb7\xb7\xe5\x90\x88\xe5\x9b\xa0\xe5\xad\x90"},
        {"Top left: Dilated Motion Vectors\nTop middle: Protected Areas\nTop right: Dilated Depth\nMiddle: Upscaled frame\nBottom left: Disocclusion mask\nBottom middle: Reactiveness\nBottom right: Detail Protection Takedown", // menu_common.cpp:3130,menu_common.cpp:3135
         "\xe5\xb7\xa6\xe4\xb8\x8a: \xe6\x89\xa9\xe5\xbc\xa0\xe8\xbf\x90\xe5\x8a\xa8\xe5\x90\x91\xe9\x87\x8f\n\xe4\xb8\xad\xe4\xb8\x8a: \xe4\xbf\x9d\xe6\x8a\xa4\xe5\x8c\xba\xe5\x9f\x9f\n\xe5\x8f\xb3\xe4\xb8\x8a: \xe6\x89\xa9\xe5\xbc\xa0\xe6\xb7\xb1\xe5\xba\xa6\n\xe4\xb8\xad\xe9\x97\xb4: \xe8\xb6\x85\xe5\x88\x86\xe8\xbe\xa8\xe7\x8e\x87\xe5\xb8\xa7\n\xe5\xb7\xa6\xe4\xb8\x8b: \xe5\x8f\x8d\xe9\x81\xae\xe6\x8c\xa1\xe9\x81\xae\xe7\xbd\xa9\n\xe4\xb8\xad\xe4\xb8\x8b: \xe5\x93\x8d\xe5\xba\x94\xe5\xba\xa6\n\xe5\x8f\xb3\xe4\xb8\x8b: \xe7\xbb\x86\xe8\x8a\x82\xe4\xbf\x9d\xe6\x8a\xa4\xe8\xa1\xb0\xe5\x87\x8f"},
        {"Upscaler Watermark", "\xe8\xb6\x85\xe5\x88\x86\xe8\xbe\xa8\xe7\x8e\x87\xe6\xb0\xb4\xe5\x8d\xb0"}, // menu_common.cpp:3149
        {"After changing this option, please Save Settings\nIt will be applied on next launch.", // [not in menu files]
         "\xe6\x94\xb9\xe5\x8f\x98\xe6\xad\xa4\xe9\x80\x89\xe9\xa1\xb9\xe5\x90\x8e\xef\xbc\x8c\xe8\xaf\xb7\xe4\xbf\x9d\xe5\xad\x98\xe8\xae\xbe\xe7\xbd\xae\n\xe5\xae\x83\xe5\xb0\x86\xe5\x9c\xa8\xe4\xb8\x8b\xe6\xac\xa1\xe5\x90\xaf\xe5\x8a\xa8\xe6\x97\xb6\xe7\x94\x9f\xe6\x95\x88\xe3\x80\x82"},

        // FSR4 Provider
        {"FSR4 Provider", "FSR4 \xe5\x8a\xa0\xe8\xbd\xbd\xe8\xb7\xaf\xe5\xbe\x84"}, // menu_common.cpp:2764
        {"SDK (amd_fidelityfx_upscaler_dx12.dll)", "SDK (amd_fidelityfx_upscaler_dx12.dll)"},
        {"Driver (amdxcffx64.dll)", "Driver (amdxcffx64.dll)"},
        {"Select how FSR4.1 is loaded:\nAuto - Use both paths (default)\nSDK - Use bundled amd_fidelityfx_upscaler_dx12.dll\nDriver - Use amdxcffx64.dll from AMD driver", // menu_common.cpp:2773
         "\xe9\x80\x89\xe6\x8b\xa9 FSR4.1 \xe7\x9a\x84\xe5\x8a\xa0\xe8\xbd\xbd\xe6\x96\xb9\xe5\xbc\x8f\xef\xbc\x9a\n\xe8\x87\xaa\xe5\x8a\xa8 - \xe5\x90\x8c\xe6\x97\xb6\xe5\xb0\x9d\xe8\xaf\x95\xe4\xb8\xa4\xe7\xa7\x8d\xe8\xb7\xaf\xe5\xbe\x84\xef\xbc\x88\xe9\xbb\x98\xe8\xae\xa4\xef\xbc\x89\nSDK - \xe4\xbd\xbf\xe7\x94\xa8\xe6\x8d\x86\xe5\x8c\x85\xe7\x9a\x84 amd_fidelityfx_upscaler_dx12.dll\nDriver - \xe4\xbd\xbf\xe7\x94\xa8 AMD \xe9\xa9\xb1\xe5\x8a\xa8\xe4\xb8\xad\xe7\x9a\x84 amdxcffx64.dll"},
        {"Presets", "\xe9\xa2\x84\xe8\xae\xbe"}, // menu_common.cpp:2673
        {"Current preset: %d", "\xe5\xbd\x93\xe5\x89\x8d\xe9\xa2\x84\xe8\xae\xbe: %d"}, // menu_common.cpp:2711
        {"Status", "\xe7\x8a\xb6\xe6\x80\x81"}, // menu_common.cpp:7227

        // FSR3 Upscaler Fine Tuning
        {"Velocity Factor", "\xe9\x80\x9f\xe5\xba\xa6\xe5\x9b\xa0\xe5\xad\x90"}, // menu_common.cpp:3172
        {"Reactive Scale", "\xe5\x8f\x8d\xe5\xba\x94\xe9\x87\x8f\xe7\xbc\xa9\xe6\x94\xbe"}, // menu_common.cpp:3183
        {"Shading Scale", "\xe7\x9d\x80\xe8\x89\xb2\xe9\x87\x8f\xe7\xbc\xa9\xe6\x94\xbe"}, // menu_common.cpp:3191
        {"Acc. Added Per Frame", "\xe6\xaf\x8f\xe5\xb8\xa7\xe7\xb4\xaf\xe7\xa7\xaf\xe6\xb7\xbb\xe5\x8a\xa0\xe9\x87\x8f"}, // menu_common.cpp:3199
        {"Min. Disocclusion Acc.", "\xe6\x9c\x80\xe5\xb0\x8f\xe5\x8e\xbb\xe9\x81\xae\xe6\x8c\xa1\xe7\xb4\xaf\xe7\xa7\xaf\xe9\x87\x8f"}, // menu_common.cpp:3213

        // DLSS/DLSSD
        {"Render Presets Override", "\xe6\xb8\xb2\xe6\x9f\x93\xe9\xa2\x84\xe8\xae\xbe\xe5\xbc\xba\xe5\x88\xb6\xe8\xa6\x86\xe7\x9b\x96"}, // menu_common.cpp:3259,3287
        {"Each render preset has it strengths and weaknesses\nOverride to potentially improve image quality\nPress apply after enable/disable", // menu_common.cpp:3262,menu_common.cpp:3290
         "\xe6\xaf\x8f\xe4\xb8\xaa\xe6\xb8\xb2\xe6\x9f\x93\xe9\xa2\x84\xe8\xae\xbe\xe9\x83\xbd\xe6\x9c\x89\xe5\x85\xb6\xe4\xbc\x98\xe7\xbc\xba\xe7\x82\xb9\n\xe8\xa6\x86\xe7\x9b\x96\xe5\x8f\xaf\xe8\x83\xbd\xe6\x94\xb9\xe5\x96\x84\xe5\x9b\xbe\xe5\x83\x8f\xe8\xb4\xa8\xe9\x87\x8f\n\xe5\xbc\x80\xe5\x90\xaf/\xe5\x85\xb3\xe9\x97\xad\xe5\x90\x8e\xe8\xaf\xb7\xe6\x8c\x89\xe5\xba\x94\xe7\x94\xa8"},
        {"Override Preset", "\xe8\xa6\x86\xe7\x9b\x96\xe9\xa2\x84\xe8\xae\xbe"}, // menu_common.cpp:3279,3307
        {"Apply Changes", "\xe5\xba\x94\xe7\x94\xa8\xe6\x9b\xb4\xe6\x94\xb9"}, // menu_common.cpp:3315
        {"Advanced DLSSD Settings", "\xe9\xab\x98\xe7\xba\xa7 DLSSD \xe8\xae\xbe\xe7\xbd\xae"}, // menu_common.cpp:3336
        {"Advanced DLSS Settings", "\xe9\xab\x98\xe7\xba\xa7 DLSS \xe8\xae\xbe\xe7\xbd\xae"}, // menu_common.cpp:3337
        {"Use Generic App Id with DLSS", "\xe4\xbd\xbf\xe7\x94\xa8\xe9\x80\x9a\xe7\x94\xa8 AppId \xe4\xb8\x8e DLSS"}, // menu_common.cpp:3344
        {"Use generic appid with NGX\nFixes OptiScaler preset override not working with certain games\nRequires a game restart.", // menu_common.cpp:3347
         "\xe4\xbd\xbf\xe7\x94\xa8\xe9\x80\x9a\xe7\x94\xa8 appid \xe4\xb8\x8e NGX\n\xe4\xbf\xae\xe5\xa4\x8d\xe6\x9f\x90\xe4\xba\x9b\xe6\xb8\xb8\xe6\x88\x8f\xe4\xb8\xad OptiScaler \xe9\xa2\x84\xe8\xae\xbe\xe8\xa6\x86\xe7\x9b\x96\xe4\xb8\x8d\xe8\xb5\xb7\xe4\xbd\x9c\xe7\x94\xa8\xe7\x9a\x84\xe9\x97\xae\xe9\xa2\x98\n\xe9\x9c\x80\xe8\xa6\x81\xe9\x87\x8d\xe6\x96\xb0\xe5\x90\xaf\xe5\x8a\xa8\xe6\xb8\xb8\xe6\x88\x8f\xe3\x80\x82"},
        {"DLAA Preset", "DLAA \xe9\xa2\x84\xe8\xae\xbe"}, // menu_common.cpp:3357,3366
        {"UltraQ Preset", "UltraQ \xe9\xa2\x84\xe8\xae\xbe"}, // menu_common.cpp:3358,3367
        {"Quality Preset", "Quality \xe9\xa2\x84\xe8\xae\xbe"}, // menu_common.cpp:3359,3368
        {"Balanced Preset", "Balanced \xe9\xa2\x84\xe8\xae\xbe"}, // menu_common.cpp:3360,3369
        {"Perf Preset", "Perf \xe9\xa2\x84\xe8\xae\xbe"}, // menu_common.cpp:3361,3370
        {"UltraP Preset", "UltraP \xe9\xa2\x84\xe8\xae\xbe"}, // menu_common.cpp:3362,3371

        // Frame Generation common
        {"Save Settings and restart to apply the changes", "\xe4\xbf\x9d\xe5\xad\x98\xe8\xae\xbe\xe7\xbd\xae\xe5\xb9\xb6\xe9\x87\x8d\xe6\x96\xb0\xe5\x90\xaf\xe5\x8a\xa8\xe4\xbb\xa5\xe5\xba\x94\xe7\x94\xa8\xe6\x9b\xb4\xe6\x94\xb9"}, // [not in menu files]
        {"Show Detected UI", "\xe6\x98\xbe\xe7\xa4\xba\xe6\xa3\x80\xe6\xb5\x8b\xe5\x88\xb0\xe7\x9a\x84 UI"}, // menu_common.cpp:3701
        {"Needs HUDless texture to compare with final image.\nUI elements and ONLY UI elements should have a pink tint!", // menu_common.cpp:3702
         "\xe9\x9c\x80\xe8\xa6\x81 HUDless \xe7\xba\xb9\xe7\x90\x86\xe6\x9d\xa5\xe4\xb8\x8e\xe6\x9c\x80\xe7\xbb\x88\xe5\x9b\xbe\xe5\x83\x8f\xe8\xbf\x9b\xe8\xa1\x8c\xe6\xaf\x94\xe8\xbe\x83\xe3\x80\x82\nUI \xe5\x85\x83\xe7\xb4\xa0\xef\xbc\x88\xe4\xbb\x85 UI \xe5\x85\x83\xe7\xb4\xa0\xef\xbc\x89\xe5\xba\x94\xe8\xaf\xa5\xe5\x91\x88\xe7\x8e\xb0\xe7\xb2\x89\xe8\x89\xb2\xef\xbc\x81"},
        {"Draw UI over", "\xe7\xbb\x98\xe5\x88\xb6 UI \xe4\xb8\x8a\xe5\xb1\x82"}, // menu_common.cpp:3710
        {"Draws UI resource over the final image\nIf no UI visible, enable this!", // menu_common.cpp:3714
         "\xe5\xb0\x86 UI \xe8\xb5\x84\xe6\xba\x90\xe7\xbb\x98\xe5\x88\xb6\xe5\x9c\xa8\xe6\x9c\x80\xe7\xbb\x88\xe5\x9b\xbe\xe5\x83\x8f\xe4\xb9\x8b\xe4\xb8\x8a\n\xe5\xa6\x82\xe6\x9e\x9c\xe7\x9c\x8b\xe4\xb8\x8d\xe5\x88\xb0 UI\xef\xbc\x8c\xe8\xaf\xb7\xe5\xbc\x80\xe5\x90\xaf\xe6\xad\xa4\xe9\x80\x89\xe9\xa1\xb9\xef\xbc\x81"},
        {"UI Premult. alpha", "UI \xe9\xa2\x84\xe4\xb9\x98 Alpha"}, // menu_common.cpp:3724
        {"If UI is too faint, disable this option", "\xe5\xa6\x82\xe6\x9e\x9c UI \xe5\xa4\xaa\xe6\xb7\xa1\xef\xbc\x8c\xe8\xaf\xb7\xe5\x85\xb3\xe9\x97\xad\xe6\xad\xa4\xe9\x80\x89\xe9\xa1\xb9"}, // menu_common.cpp:3728
        {"Advanced FG Settings", "\xe9\xab\x98\xe7\xba\xa7 FG \xe8\xae\xbe\xe7\xbd\xae"}, // menu_common.cpp:3745
        {"Disable UI texture", "\xe7\xa6\x81\xe7\x94\xa8 UI \xe7\xba\xb9\xe7\x90\x86"}, // menu_common.cpp:3763
        {"For when the game sends a UI texture, but you want to disable it", // menu_common.cpp:3769
         "\xe7\x94\xa8\xe4\xba\x8e\xe6\xb8\xb8\xe6\x88\x8f\xe5\x8f\x91\xe9\x80\x81 UI \xe7\xba\xb9\xe7\x90\x86\xef\xbc\x8c\xe4\xbd\x86\xe6\x82\xa8\xe6\x83\xb3\xe7\xa6\x81\xe7\x94\xa8\xe5\xae\x83"},
        {"Disable HUDless", "\xe7\xa6\x81\xe7\x94\xa8 HUDless"}, // menu_common.cpp:3778
        {"For when the game sends HUDless, but you want to disable it", // menu_common.cpp:3783
         "\xe7\x94\xa8\xe4\xba\x8e\xe6\xb8\xb8\xe6\x88\x8f\xe5\x8f\x91\xe9\x80\x81 HUDless\xef\xbc\x8c\xe4\xbd\x86\xe6\x82\xa8\xe6\x83\xb3\xe7\xa6\x81\xe7\x94\xa8\xe5\xae\x83"},
        {"Depth as ValidNow", "\xe6\xb7\xb1\xe5\xba\xa6\xe4\xbd\x9c\xe4\xb8\xba ValidNow"}, // menu_common.cpp:3788
        {"Will use more VRAM, but Uniscaler needs this\nMaybe some other games might need too", // menu_common.cpp:3791,menu_common.cpp:3800
         "\xe4\xbc\x9a\xe4\xbd\xbf\xe7\x94\xa8\xe6\x9b\xb4\xe5\xa4\x9a VRAM\xef\xbc\x8c\xe4\xbd\x86 Uniscaler \xe9\x9c\x80\xe8\xa6\x81\xe6\xad\xa4\xe9\xa1\xb9\n\xe5\x85\xb6\xe4\xbb\x96\xe4\xb8\x80\xe4\xba\x9b\xe6\xb8\xb8\xe6\x88\x8f\xe4\xb9\x9f\xe5\x8f\xaf\xe8\x83\xbd\xe9\x9c\x80\xe8\xa6\x81"},
        {"Velocity as ValidNow", "\xe9\x80\x9f\xe5\xba\xa6\xe4\xbd\x9c\xe4\xb8\xba ValidNow"}, // menu_common.cpp:3797
        {"HUDless as ValidNow", "HUDless \xe4\xbd\x9c\xe4\xb8\xba ValidNow"}, // menu_common.cpp:3804
        {"Will use more VRAM, but some games might need this", "\xe4\xbc\x9a\xe4\xbd\xbf\xe7\x94\xa8\xe6\x9b\xb4\xe5\xa4\x9a VRAM\xef\xbc\x8c\xe4\xbd\x86\xe6\x9f\x90\xe4\xba\x9b\xe6\xb8\xb8\xe6\x88\x8f\xe5\x8f\xaf\xe8\x83\xbd\xe9\x9c\x80\xe8\xa6\x81"}, // menu_common.cpp:3807
        {"Accept First HUDless", "\xe6\x8e\xa5\xe5\x8f\x97\xe7\xac\xac\xe4\xb8\x80\xe4\xb8\xaa HUDless"}, // menu_common.cpp:3812
        {"If source tags more than one HUDless, only use the first one", // menu_common.cpp:3815
         "\xe5\xa6\x82\xe6\x9e\x9c\xe6\xba\x90\xe6\xa0\x87\xe8\xae\xb0\xe4\xba\x86\xe5\xa4\x9a\xe4\xb8\xaa HUDless\xef\xbc\x8c\xe5\x8f\xaa\xe4\xbd\xbf\xe7\x94\xa8\xe7\xac\xac\xe4\xb8\x80\xe4\xb8\xaa"},
        {"Skip Reset", "\xe8\xb7\xb3\xe8\xbf\x87\xe9\x87\x8d\xe7\xbd\xae"}, // menu_common.cpp:3818
        {"Don't use reset signals from FG Inputs", "\xe4\xb8\x8d\xe4\xbd\xbf\xe7\x94\xa8\xe6\x9d\xa5\xe8\x87\xaa FG \xe8\xbe\x93\xe5\x85\xa5\xe7\x9a\x84\xe9\x87\x8d\xe7\xbd\xae\xe4\xbf\xa1\xe5\x8f\xb7"}, // menu_common.cpp:3823
        {"Frame Ahead", "\xe5\xb8\xa7\xe5\x89\x8d\xe9\x87\x8f"}, // menu_common.cpp:3830
        {"Number of frames the FG is allowed to be ahead of the game\nMight prevent FG on/off switching, but also might cause issues", // menu_common.cpp:3836
         "FG \xe5\x85\x81\xe8\xae\xb8\xe6\x8f\x90\xe5\x89\x8d\xe4\xba\x8e\xe6\xb8\xb8\xe6\x88\x8f\xe7\x9a\x84\xe5\xb8\xa7\xe6\x95\xb0\n\xe5\x8f\xaf\xe8\x83\xbd\xe9\x98\xb2\xe6\xad\xa2 FG \xe5\xbc\x80/\xe5\x85\xb3\xe5\x88\x87\xe6\x8d\xa2\xef\xbc\x8c\xe4\xbd\x86\xe4\xb9\x9f\xe5\x8f\xaf\xe8\x83\xbd\xe5\xbc\x95\xe8\xb5\xb7\xe9\x97\xae\xe9\xa2\x98"},
        {"FT Input", "FT \xe8\xbe\x93\xe5\x85\xa5"}, // menu_common.cpp:3853
        {"Select source for frametime\nMight help frame pacing and stutter issues", // menu_common.cpp:3874
         "\xe9\x80\x89\xe6\x8b\xa9\xe5\xb8\xa7\xe6\x97\xb6\xe9\x97\xb4\xe6\xba\x90\n\xe5\x8f\xaf\xe8\x83\xbd\xe5\xb8\xae\xe5\x8a\xa9\xe8\xa7\xa3\xe5\x86\xb3\xe5\xb8\xa7\xe9\x97\xb4\xe9\x9a\x94\xe5\x92\x8c\xe5\x8d\xa1\xe9\xa1\xbf\xe9\x97\xae\xe9\xa2\x98"},
        {"Uses frametimes provided by\nDLSSG or FSR-FG", "\xe4\xbd\xbf\xe7\x94\xa8 DLSSG \xe6\x88\x96 FSR-FG\n\xe6\x8f\x90\xe4\xbe\x9b\xe7\x9a\x84\xe5\xb8\xa7\xe6\x97\xb6\xe9\x97\xb4"}, // menu_common.cpp:3844
        {"Uses frametimes calculated by Opti", "\xe4\xbd\xbf\xe7\x94\xa8 Opti \xe8\xae\xa1\xe7\xae\x97\xe7\x9a\x84\xe5\xb8\xa7\xe6\x97\xb6\xe9\x97\xb4"}, // menu_common.cpp:3845
        {"Let XeFG to handle frametimes", "\xe8\xae\xa9 XeFG \xe5\xa4\x84\xe7\x90\x86\xe5\xb8\xa7\xe6\x97\xb6\xe9\x97\xb4"}, // menu_common.cpp:3846
        {"Zero", "\xe9\x9b\xb6"}, // menu_common.cpp:3843 �?- 无帧时间�?
        {"Restart the game to apply correct XeFG settings!", "\xe9\x87\x8d\xe6\x96\xb0\xe5\x90\xaf\xe5\x8a\xa8\xe6\xb8\xb8\xe6\x88\x8f\xe4\xbb\xa5\xe5\xba\x94\xe7\x94\xa8\xe6\xad\xa3\xe7\xa1\xae\xe7\x9a\x84 XeFG \xe8\xae\xbe\xe7\xbd\xae\xef\xbc\x81"}, // menu_common.cpp:4183
        {"Requires disabling dilated motion vectors", "\xe9\x9c\x80\xe8\xa6\x81\xe7\xa6\x81\xe7\x94\xa8\xe6\x89\xa9\xe5\xbc\xa0\xe8\xbf\x90\xe5\x8a\xa8\xe5\x90\x91\xe9\x87\x8f"}, // menu_common.cpp:4189
        {"Borderless display mode required!", "\xe9\x9c\x80\xe8\xa6\x81\xe6\x97\xa0\xe8\xbe\xb9\xe6\xa1\x86\xe6\x98\xbe\xe7\xa4\xba\xe6\xa8\xa1\xe5\xbc\x8f\xef\xbc\x81"}, // menu_common.cpp:4194
        {"XeFG only supports HDR10", "XeFG \xe4\xbb\x85\xe6\x94\xaf\xe6\x8c\x81 HDR10"}, // menu_common.cpp:4203
        {"amd_fidelityfx_dx12.dll is missing!", "amd_fidelityfx_dx12.dll \xe4\xb8\x8d\xe5\xad\x98\xe5\x9c\xa8\xef\xbc\x81"}, // menu_common.cpp:4759
        {"amd_fidelityfx_dx12.dll is missing", "amd_fidelityfx_dx12.dll \xe4\xb8\x8d\xe5\xad\x98\xe5\x9c\xa8"}, // menu_common.cpp:3430
        {"libxess_fg.dll is missing!", "libxess_fg.dll \xe4\xb8\x8d\xe5\xad\x98\xe5\x9c\xa8\xef\xbc\x81"}, // menu_common.cpp:4764
        {"libxess_fg.dll is missing", "libxess_fg.dll \xe4\xb8\x8d\xe5\xad\x98\xe5\x9c\xa8"}, // menu_common.cpp:3437
        {"DLSSG is purposefully disabled when this menu is visible", "\xe6\x89\x93\xe5\xbc\x80\xe6\xad\xa4\xe8\x8f\x9c\xe5\x8d\x95\xe6\x97\xb6 DLSSG\xef\xbc\x88" "DLSS\xe5\xb8\xa7\xe7\x94\x9f\xe6\x88\x90\xef\xbc\x89\xe5\xb0\x86\xe8\xa2\xab\xe6\x95\x85\xe6\x84\x8f\xe7\xa6\x81\xe7\x94\xa8"}, // menu_common.cpp:4842
        {"Using RTSS Reflex injection with AntiLag 2 and FSR FG might cause issues", "\xe4\xbd\xbf\xe7\x94\xa8 RTSS Reflex \xe6\xb3\xa8\xe5\x85\xa5\xe3\x80\x81" "AntiLag 2 \xe5\x92\x8c FSR FG \xe5\x8f\xaf\xe8\x83\xbd\xe5\xbc\x95\xe8\xb5\xb7\xe9\x97\xae\xe9\xa2\x98"}, // [not in menu files]
        {"Using Reflex's limit with OptiFG has performance overhead", "\xe5\x9c\xa8 OptiFG \xe4\xb8\x8b\xe4\xbd\xbf\xe7\x94\xa8 Reflex \xe9\x99\x90\xe5\x88\xb6\xe4\xbc\x9a\xe4\xba\xa7\xe7\x94\x9f\xe6\x80\xa7\xe8\x83\xbd\xe5\xbc\x80\xe9\x94\x80"}, // [not in menu files]
        {"nvngx.ini detected, please move over to using OptiScaler.ini and delete the old config", "\xe6\xa3\x80\xe6\xb5\x8b\xe5\x88\xb0 nvngx.ini\xef\xbc\x8c\xe8\xaf\xb7\xe8\xbf\x81\xe7\xa7\xbb\xe5\x88\xb0 OptiScaler.ini \xe5\xb9\xb6\xe5\x88\xa0\xe9\x99\xa4\xe6\x97\xa7\xe7\x9a\x84\xe9\x85\x8d\xe7\xbd\xae\xe6\x96\x87\xe4\xbb\xb6"}, // menu_common.cpp:6961
        {"Active", "\xe6\xbf\x80\xe6\xb4\xbb"}, // menu_common.cpp:7185
        {"Passive", "\xe8\xa2\xab\xe5\x8a\xa8"}, // menu_common.cpp:7185
        {"Disable##%d", "\xe7\xa6\x81\xe7\x94\xa8##%d"}, // menu_common.cpp:7193
        {"Enable##%d", "\xe5\x90\xaf\xe7\x94\xa8##%d"}, // menu_common.cpp:7195
        {"Clamps the final image to the [0, 1] range.\n\nPrevents overshoot artifacts such as bright halos or negative colors.\nRecommended for LDR pipelines; optional for HDR depending on tone-mapping.\n\nWhen not set OptiScaler controls it via upscalers HDR flag", // menu_common.cpp:5392
          "\xe5\xb0\x86\xe6\x9c\x80\xe7\xbb\x88\xe5\x9b\xbe\xe5\x83\x8f\xe9\x99\x90\xe5\x88\xb6\xe5\x9c\xa8 [0, 1] \xe8\x8c\x83\xe5\x9b\xb4\xe5\x86\x85\xe3\x80\x82\n\n\xe9\x98\xb2\xe6\xad\xa2\xe8\xbf\x87\xe5\x86\xb2\xe4\xba\xa7\xe7\x94\x9f\xe7\x9a\x84\xe7\x89\xb9\xe6\x95\x88\xef\xbc\x8c\xe5\xa6\x82\xe4\xba\xae\xe5\x85\x89\xe6\x99\x95\xe6\x88\x96\xe8\xb4\x9f\xe8\x89\xb2\xe5\xbd\xa9\xe3\x80\x82\n\xe5\xbb\xba\xe8\xae\xae\xe7\x94\xa8\xe4\xba\x8e LDR \xe6\xb5\x81\xe6\xb0\xb4\xe7\xba\xbf\xef\xbc\x9b\xe5\xaf\xb9\xe4\xba\x8e HDR\xef\xbc\x8c\xe6\xa0\xb9\xe6\x8d\xae\xe8\x89\xb2\xe8\xb0\x83\xe6\x98\xa0\xe5\xb0\x84\xe5\x8f\xaf\xe9\x80\x89\xe3\x80\x82\n\n\xe6\x9c\xaa\xe8\xae\xbe\xe7\xbd\xae\xe6\x97\xb6\xef\xbc\x8cOptiScaler \xe5\xb0\x86\xe9\x80\x9a\xe8\xbf\x87\xe5\x8d\x87\xe9\xa2\x91\xe5\x99\xa8\xe7\x9a\x84 HDR \xe6\xa0\x87\xe5\xbf\x97\xe6\x9d\xa5\xe6\x8e\xa7\xe5\x88\xb6"},
         {"Extended format checks for possible Hudless\nMight cause crashes and slowdowns!", // menu_common.cpp:4525
          "\xe6\x89\xa9\xe5\xb1\x95\xe6\xa0\xbc\xe5\xbc\x8f\xe6\xa3\x80\xe6\x9f\xa5\xe5\x8f\xaf\xe8\x83\xbd\xe7\x9a\x84 Hudless\n\xe5\x8f\xaf\xe8\x83\xbd\xe5\xaf\xbc\xe8\x87\xb4\xe5\xb4\xa9\xe6\xba\x83\xe5\x92\x8c\xe5\x8d\xa1\xe9\xa1\xbf\xef\xbc\x81"},
        {"Using upscaler data for FG", "\xe4\xbd\xbf\xe7\x94\xa8\xe8\xb6\x85\xe5\x88\x86\xe8\xbe\xa8\xe7\x8e\x87\xe6\x95\xb0\xe6\x8d\xae\xe8\xbf\x9b\xe8\xa1\x8c\xe5\xb8\xa7\xe7\x94\x9f\xe6\x88\x90"}, // menu_common.cpp:4472
        {"Requires Nukem's dlssg_to_fsr3 dll\nSelect DLSS-FG in-game", "\xe9\x9c\x80\xe8\xa6\x81 Nukem \xe7\x9a\x84 dlssg_to_fsr3 dll\n\xe5\x9c\xa8\xe6\xb8\xb8\xe6\x88\x8f\xe4\xb8\xad\xe9\x80\x89\xe6\x8b\xa9 DLSS-FG"}, // menu_common.cpp:4780
        {"Select FSR-FG in-game", "\xe5\x9c\xa8\xe6\xb8\xb8\xe6\x88\x8f\xe4\xb8\xad\xe9\x80\x89\xe6\x8b\xa9 FSR-FG\xef\xbc\x88" "AMD\xe5\xb8\xa7\xe7\x94\x9f\xe6\x88\x90\xef\xbc\x89"}, // menu_common.cpp:4873
        {"Select DLSS-FG in-game", "\xe5\x9c\xa8\xe6\xb8\xb8\xe6\x88\x8f\xe4\xb8\xad\xe9\x80\x89\xe6\x8b\xa9 DLSS-FG\xef\xbc\x88NVIDIA\xe5\xb8\xa7\xe7\x94\x9f\xe6\x88\x90\xef\xbc\x89"}, // menu_common.cpp:4775,4781,4913
        {"Affects both FSR-FG & Upscalers", "\xe5\xbd\xb1\xe5\x93\x8d FSR-FG\xef\xbc\x88" "AMD\xe5\xb8\xa7\xe7\x94\x9f\xe6\x88\x90\xef\xbc\x89\xe5\x92\x8c\xe8\xb6\x85\xe5\x88\x86\xe8\xbe\xa8\xe7\x8e\x87"}, // menu_common.cpp:4948
        {"Uses Reflex when possible\nOn AMD/Intel cards, you can use Fakenvapi to substitute Reflex", "\xe4\xbc\x98\xe5\x85\x88\xe4\xbd\xbf\xe7\x94\xa8 Reflex\xef\xbc\x88NVIDIA\xe4\xbd\x8e\xe5\xbb\xb6\xe8\xbf\x9f\xe6\x8a\x80\xe6\x9c\xaf\xef\xbc\x89\n\xe5\x9c\xa8 AMD/Intel \xe5\x8d\xa1\xe4\xb8\x8a\xef\xbc\x8c\xe5\x8f\xaf\xe4\xbd\xbf\xe7\x94\xa8 Fakenvapi \xe4\xbb\xa3\xe6\x9b\xbf Reflex"}, // menu_common.cpp:5041
        // ===== Upscaler/Backend selection =====
        {"XeSS", "XeSS\xef\xbc\x88Intel\xe8\xb6\x85\xe5\x88\x86\xe8\xbe\xa8\xe7\x8e\x87\xef\xbc\x89"}, // menu_common.cpp:2629
        {"XeSS w/Dx12", "XeSS w/Dx12\xef\xbc\x88Intel\xe8\xb6\x85\xe5\x88\x86\xe8\xbe\xa8\xe7\x8e\x87\xe9\x80\x9a\xe8\xbf\x87 Dx12\xef\xbc\x89"}, // [version strings - constructed at runtime]
        {"FSR 2.1.2", "FSR 2.1.2"}, // [version strings - constructed at runtime]
        {"FSR 2.2.1", "FSR 2.2.1"}, // [version strings - constructed at runtime]
        {"FSR 2.1.2 w/Dx12", "FSR 2.1.2 w/Dx12"}, // [version strings - constructed at runtime]
        {"FSR 2.2.1 w/Dx12", "FSR 2.2.1 w/Dx12"}, // [version strings - constructed at runtime]
        {"FSR 3.X", "FSR 3.X"}, // [version strings - constructed at runtime]
        {"FSR 3.X w/Dx12", "FSR 3.X w/Dx12"}, // [version strings - constructed at runtime]
        {"FSR 3.X/4", "FSR 3.X/4"}, // [version strings - constructed at runtime]
        {"FSR 3.X/4 w/Dx12", "FSR 3.X/4 w/Dx12"}, // [version strings - constructed at runtime]
        {"DLSS", "DLSS\xef\xbc\x88\xe6\xb7\xb1\xe5\xba\xa6\xe5\xad\xa6\xe4\xb9\xa0\xe8\xb6\x85\xe7\xba\xa7\xe9\x87\x87\xe6\xa0\xb7\xef\xbc\x89"}, // menu_common.cpp:2626
        // ===== DLSS/DLSSD Preset labels =====
        {"DEFAULT", "\xe9\xbb\x98\xe8\xae\xa4"}, // menu_common.cpp:1295,1339,3048,3614
        {"PRESET A", "\xe9\xa2\x84\xe8\xae\xbe A"}, // menu_common.cpp:1297,1340
        {"PRESET B", "\xe9\xa2\x84\xe8\xae\xbe B"}, // menu_common.cpp:1299,1341
        {"PRESET C", "\xe9\xa2\x84\xe8\xae\xbe C"}, // menu_common.cpp:1301,1342
        {"PRESET D", "\xe9\xa2\x84\xe8\xae\xbe D"}, // menu_common.cpp:1303,1343
        {"PRESET E", "\xe9\xa2\x84\xe8\xae\xbe E"}, // menu_common.cpp:1305,1344
        {"PRESET F", "\xe9\xa2\x84\xe8\xae\xbe F"}, // menu_common.cpp:1307
        {"PRESET G", "\xe9\xa2\x84\xe8\xae\xbe G"}, // menu_common.cpp:1309
        {"PRESET H", "\xe9\xa2\x84\xe8\xae\xbe H"}, // menu_common.cpp:1311
        {"PRESET I", "\xe9\xa2\x84\xe8\xae\xbe I"}, // menu_common.cpp:1313
        {"PRESET J", "\xe9\xa2\x84\xe8\xae\xbe J"}, // menu_common.cpp:1315
        {"PRESET K", "\xe9\xa2\x84\xe8\xae\xbe K"}, // menu_common.cpp:1317
        {"PRESET L", "\xe9\xa2\x84\xe8\xae\xbe L"}, // menu_common.cpp:1319
        {"PRESET M", "\xe9\xa2\x84\xe8\xae\xbe M"}, // menu_common.cpp:1321
        {"PRESET N", "\xe9\xa2\x84\xe8\xae\xbe N"}, // menu_common.cpp:1323
        {"PRESET O", "\xe9\xa2\x84\xe8\xae\xbe O"}, // menu_common.cpp:1325
        {"Latest", "\xe6\x9c\x80\xe6\x96\xb0"}, // menu_common.cpp:1327,1345
        // ===== DLSS Preset tooltips =====
        {"Whatever the game uses", "\xe4\xbd\xbf\xe7\x94\xa8\xe6\xb8\xb8\xe6\x88\x8f\xe8\x87\xaa\xe5\xb8\xa6\xe7\x9a\x84\xe9\xa2\x84\xe8\xae\xbe"}, // menu_common.cpp:1296,1339
        {"Unused", "\xe6\x9c\xaa\xe4\xbd\xbf\xe7\x94\xa8"}, // menu_common.cpp:1310,1312,1314,1324,1326
        {"Latest supported by the dll", "DLL \xe6\x94\xaf\xe6\x8c\x81\xe7\x9a\x84\xe6\x9c\x80\xe6\x96\xb0\xe7\x89\x88\xe6\x9c\xac"}, // menu_common.cpp:1328,1345
        {"Default model, Transformer", "\xe9\xbb\x98\xe8\xae\xa4\xe6\xa8\xa1\xe5\x9e\x8b\xef\xbc\x8cTransformer"}, // menu_common.cpp:1343
        {"Latest Transformer model\nMust use if DoF guide is needed", "\xe6\x9c\x80\xe6\x96\xb0 Transformer \xe6\xa8\xa1\xe5\x9e\x8b\n\xe5\xa6\x82\xe9\x9c\x80\xe8\xa6\x81 DoF \xe6\x8c\x87\xe5\xbc\x95\xe5\xbf\x85\xe9\xa1\xbb\xe4\xbd\xbf\xe7\x94\xa8"}, // menu_common.cpp:1344
        // ===== FG Input/Output labels =====
        {"No Frame Generation", "\xe6\x97\xa0\xe5\xb8\xa7\xe7\x94\x9f\xe6\x88\x90"}, // menu_common.cpp:3390,3470
        {"Nukem's DLSSG", "Nukem's DLSSG"}, // menu_common.cpp:3412
        {"FSR 3.1 FG", "FSR 3.1 FG\xef\xbc\x88" "AMD\xe5\xb8\xa7\xe7\x94\x9f\xe6\x88\x90\xef\xbc\x89"}, // menu_common.cpp:3393
        {"DLSSG via Streamline", "DLSSG via Streamline\xef\xbc\x88" "DLSS\xe5\xb8\xa7\xe7\x94\x9f\xe6\x88\x90\xe9\x80\x9a\xe8\xbf\x87 Streamline\xef\xbc\x89"}, // menu_common.cpp:3395
        {"XeFG", "XeFG\xef\xbc\x88Intel\xe5\xb8\xa7\xe7\x94\x9f\xe6\x88\x90\xef\xbc\x89"}, // menu_common.cpp:3397,3474
        {"OptiFG (Upscaler)", "OptiFG (Upscaler)\xef\xbc\x88OptiScaler\xe5\xb8\xa7\xe7\x94\x9f\xe6\x88\x90\xef\xbc\x89"}, // menu_common.cpp:3398
        {"FSR 3.0 FG", "FSR 3.0 FG\xef\xbc\x88" "AMD\xe5\xb8\xa7\xe7\x94\x9f\xe6\x88\x90\xef\xbc\x89"}, // menu_common.cpp:3400
        {"FSR3-FG via Nukem's", "FSR3-FG via Nukem's\xef\xbc\x88Nukem \xe7\x9a\x84 FSR3 \xe5\xb8\xa7\xe7\x94\x9f\xe6\x88\x90\xef\xbc\x89"}, // menu_common.cpp:3493
        {"FSR FG", "FSR FG\xef\xbc\x88" "AMD\xe5\xb8\xa7\xe7\x94\x9f\xe6\x88\x90\xef\xbc\x89"}, // menu_common.cpp:3472
        {"DLSSG", "DLSSG\xef\xbc\x88" "DLSS\xe5\xb8\xa7\xe7\x94\x9f\xe6\x88\x90\xef\xbc\x89"}, // menu_common.cpp:3473
        // ===== LatencyFlex/Reflex labels =====
        {"Conservative", "\xe4\xbf\x9d\xe5\xae\x88"}, // menu_common.cpp:5240
        {"Aggressive", "\xe6\xbf\x80\xe8\xbf\x9b"}, // menu_common.cpp:5242
        {"Reflex ID", "Reflex ID"}, // menu_common.cpp:5244
        // ===== Downscale labels =====
        {"FSR1", "FSR1"}, // menu_common.cpp:5635
        {"Bicubic", "\xe5\x8f\x8c\xe4\xb8\x89\xe6\xac\xa1"}, // menu_common.cpp:5637
        {"Catmull-Rom", "Catmull-Rom"}, // menu_common.cpp:5639
        {"Lanczos2", "Lanczos2"}, // menu_common.cpp:5641
        {"Lanczos3", "Lanczos3"}, // menu_common.cpp:5643
        {"Kaiser2", "Kaiser2"}, // menu_common.cpp:5645
        {"Kaiser3", "Kaiser3"}, // menu_common.cpp:5647
        {"MAGIC", "MAGIC"}, // menu_common.cpp:5649
        // ===== FG Input tooltips =====
        {"Limited to FSR3-FG\n\nSupports Hudless out of the box\n\nUses Streamline swapchain for pacing", "\xe9\x99\x90\xe4\xba\x8e FSR3-FG\n\n\xe5\x8e\x9f\xe7\x94\x9f\xe6\x94\xaf\xe6\x8c\x81 Hudless\n\n\xe4\xbd\xbf\xe7\x94\xa8 Streamline \xe4\xba\xa4\xe6\x8d\xa2\xe9\x93\xbe\xe8\xbf\x9b\xe8\xa1\x8c\xe9\x80\x9f\xe7\x8e\x87\xe6\x8e\xa7\xe5\x88\xb6"}, // menu_common.cpp:3392
        {"Can be used with any FG Output\n\nSupports Hudless out of the box", "\xe5\x8f\xaf\xe4\xb8\x8e\xe4\xbb\xbb\xe4\xbd\x95 FG \xe8\xbe\x93\xe5\x87\xba\xe4\xb8\x80\xe8\xb5\xb7\xe4\xbd\xbf\xe7\x94\xa8\n\n\xe5\x8e\x9f\xe7\x94\x9f\xe6\x94\xaf\xe6\x8c\x81 Hudless"}, // menu_common.cpp:3394,menu_common.cpp:3396,menu_common.cpp:3401
        {"Can be used with any FG Output\n\nSupports Hudless out of the box\n\nLimited to games that use Streamline v2", "\xe5\x8f\xaf\xe4\xb8\x8e\xe4\xbb\xbb\xe4\xbd\x95 FG \xe8\xbe\x93\xe5\x87\xba\xe4\xb8\x80\xe8\xb5\xb7\xe4\xbd\xbf\xe7\x94\xa8\n\n\xe5\x8e\x9f\xe7\x94\x9f\xe6\x94\xaf\xe6\x8c\x81 Hudless\n\n\xe4\xbb\x85\xe9\x99\x90\xe4\xba\x8e\xe4\xbd\xbf\xe7\x94\xa8 Streamline v2 \xe7\x9a\x84\xe6\xb8\xb8\xe6\x88\x8f"}, // menu_common.cpp:3394,menu_common.cpp:3396,menu_common.cpp:3401
        {"Upscaler must be enabled\n\nCan be used with any FG Output, but might be imperfect with some\n\nTo prevent UI glitching, HUDfix required", "\xe9\x9c\x80\xe8\xa6\x81\xe5\x90\xaf\xe7\x94\xa8\xe8\xb6\x85\xe5\x88\x86\xe8\xbe\xa8\xe7\x8e\x87\n\n\xe5\x8f\xaf\xe4\xb8\x8e\xe4\xbb\xbb\xe4\xbd\x95 FG \xe8\xbe\x93\xe5\x87\xba\xe4\xb8\x80\xe8\xb5\xb7\xe4\xbd\xbf\xe7\x94\xa8\xef\xbc\x8c\xe4\xbd\x86\xe9\x83\xa8\xe5\x88\x86\xe5\x8f\xaf\xe8\x83\xbd\xe4\xb8\x8d\xe5\xae\x8c\xe7\xbe\x8e\n\n\xe4\xb8\xba\xe9\x98\xb2\xe6\xad\xa2 UI \xe5\xb4\xa9\xe6\xba\x83\xef\xbc\x8c\xe9\x9c\x80\xe8\xa6\x81 HUDfix"}, // menu_common.cpp:3399
        {"FSR3/4 FG", "FSR3/4 FG\xef\xbc\x88" "AMD\xe5\xb8\xa7\xe7\x94\x9f\xe6\x88\x90\xef\xbc\x89"}, // menu_common.cpp:3472
        {"Support not implemented", "\xe5\xb0\x9a\xe6\x9c\xaa\xe5\xae\x9e\xe7\x8e\xb0"}, // menu_common.cpp:3417
        {"Unsupported API", "\xe4\xb8\x8d\xe6\x94\xaf\xe6\x8c\x81\xe7\x9a\x84 API"}, // menu_common.cpp:3422,3442,3453,3457,3482,3508,3509,3518,3522,3526
        {"FSR3-FG Nukem/Enabler", "FSR3-FG Nukem/Enabler"}, // menu_common.cpp:3440
        {"Nukem's/Artur's DLSSG", "Nukem/Artur \xe7\x9a\x84 DLSSG"}, // menu_common.cpp:3360
        {"Artur's DLSSG", "Artur \xe7\x9a\x84 DLSSG"}, // menu_common.cpp:3380
        {"DLSSG with Nvngx FG", "\xe5\xb8\xa6 Nvngx FG \xe7\x9a\x84 DLSSG"}, // menu_common.cpp:3452
        {"For 40xx and above", "\xe9\x80\x82\xe7\x94\xa8\xe4\xba\x8e RTX 40 \xe7\xb3\xbb\xe5\x88\x97\xe5\x8f\x8a\xe4\xbb\xa5\xe4\xb8\x8a"}, // menu_common.cpp:3443
        {"Streamline + NvngxFG", "Streamline + NvngxFG"}, // menu_common.cpp:3445
        {"Missing dlssg_to_fsr3_amd_is_better.dll\nor dlss-enabler-headless.dll", "\xe7\xbc\xba\xe5\xb0\x91 dlssg_to_fsr3_amd_is_better.dll\n\xe6\x88\x96 dlss-enabler-headless.dll"}, // menu_common.cpp:3466,3468
        {"Missing the dlssg_to_fsr3_amd_is_better.dll file", "\xe7\xbc\xba\xe5\xb0\x91 dlssg_to_fsr3_amd_is_better.dll \xe6\x96\x87\xe4\xbb\xb6"}, // menu_common.cpp:3483
        {"Unsupported Opti working mode", "\xe4\xb8\x8d\xe6\x94\xaf\xe6\x8c\x81\xe7\x9a\x84 Opti \xe5\xb7\xa5\xe4\xbd\x9c\xe6\xa8\xa1\xe5\xbc\x8f"}, // [not in menu files]
        // ===== LatencyFlex tooltips =====
        {"The safest, but might not reduce latency well", "\xe6\x9c\x80\xe5\xae\x89\xe5\x85\xa8\xef\xbc\x8c\xe4\xbd\x86\xe5\x8f\xaf\xe8\x83\xbd\xe9\x99\x8d\xe4\xbd\x8e\xe5\xbb\xb6\xe8\xbf\x9f\xe6\x95\x88\xe6\x9e\x9c\xe4\xb8\x8d\xe4\xbd\xb3"}, // menu_common.cpp:5241
        {"Improves latency, but in some cases will lower FPS more than expected", "\xe6\x94\xb9\xe5\x96\x84\xe5\xbb\xb6\xe8\xbf\x9f\xef\xbc\x8c\xe4\xbd\x86\xe6\x9f\x90\xe4\xba\x9b\xe6\x83\x85\xe5\x86\xb5\xe4\xb8\x8b\xe9\x99\x8d FPS \xe8\xb6\x85\xe8\xbf\x87\xe9\xa2\x84\xe6\x9c\x9f"}, // menu_common.cpp:5243
        {"Best when can be used, some games are not compatible (e.g. Cyberpunk)\nand will fallback to Aggressive", "\xe5\x8f\xaf\xe7\x94\xa8\xe6\x97\xb6\xe6\x95\x88\xe6\x9e\x9c\xe6\x9c\x80\xe4\xbd\xb3\xef\xbc\x8c\xe9\x83\xa8\xe5\x88\x86\xe6\xb8\xb8\xe6\x88\x8f\xe4\xb8\x8d\xe5\x85\xbc\xe5\xae\xb9\xef\xbc\x88\xe5\xa6\x82 Cyberpunk\xef\xbc\x89\n\xe5\xb0\x86\xe9\x80\x80\xe5\x9b\x9e\xe5\x88\xb0\xe6\xbf\x80\xe8\xbf\x9b\xe6\xa8\xa1\xe5\xbc\x8f"}, // menu_common.cpp:5245
         // ===== DLSS Preset tooltips (long) =====
        {"Intended for Performance/Balanced/Quality modes.\nAn older variant best suited to combat ghosting...\nRemoved on recent versions!", "\xe9\x80\x82\xe7\x94\xa8\xe4\xba\x8e\xe6\x80\xa7\xe8\x83\xbd/\xe5\x9d\x87\xe8\xa1\xa1/\xe8\xb4\xa8\xe9\x87\x8f\xe6\xa8\xa1\xe5\xbc\x8f\xe3\x80\x82\n\xe8\xbe\x83\xe6\x97\xa9\xe7\x9a\x84\xe5\x8f\x98\xe4\xbd\x93\xef\xbc\x8c\xe6\x9c\x80\xe9\x80\x82\xe5\x90\x88\xe5\xba\x94\xe5\xaf\xb9\xe5\xb9\xbb\xe5\xbd\xb1...\n\xe5\x9c\xa8\xe6\x96\xb0\xe7\x89\x88\xe4\xb8\xad\xe5\xb7\xb2\xe7\xa7\xbb\xe9\x99\xa4\xef\xbc\x81"}, // menu_common.cpp:1298,menu_common.cpp:1302
        {"Intended for Ultra Performance mode.\nSimilar to Preset A...\nRemoved on recent versions!", "\xe9\x80\x82\xe7\x94\xa8\xe4\xba\x8e\xe8\xb6\x85\xe9\xab\x98\xe6\x80\xa7\xe8\x83\xbd\xe6\xa8\xa1\xe5\xbc\x8f\xe3\x80\x82\n\xe4\xb8\x8e\xe9\xa2\x84\xe8\xae\xbe A \xe7\xb1\xbb\xe4\xbc\xbc...\n\xe5\x9c\xa8\xe6\x96\xb0\xe7\x89\x88\xe4\xb8\xad\xe5\xb7\xb2\xe7\xa7\xbb\xe9\x99\xa4\xef\xbc\x81"}, // menu_common.cpp:1300
        {"Intended for Performance/Balanced/Quality modes.\nGenerally favors current frame information...\nRemoved on recent versions!", "\xe9\x80\x82\xe7\x94\xa8\xe4\xba\x8e\xe6\x80\xa7\xe8\x83\xbd/\xe5\x9d\x87\xe8\xa1\xa1/\xe8\xb4\xa8\xe9\x87\x8f\xe6\xa8\xa1\xe5\xbc\x8f\xe3\x80\x82\n\xe4\xb8\x80\xe8\x88\xac\xe5\x81\x8f\xe5\x90\x91\xe5\xbd\x93\xe5\x89\x8d\xe5\xb8\xa7\xe4\xbf\xa1\xe6\x81\xaf...\n\xe5\x9c\xa8\xe6\x96\xb0\xe7\x89\x88\xe4\xb8\xad\xe5\xb7\xb2\xe7\xa7\xbb\xe9\x99\xa4\xef\xbc\x81"}, // menu_common.cpp:1298,menu_common.cpp:1302
        {"Default preset for Performance/Balanced/Quality modes;\ngenerally favors image stability.\nRemoved on recent versions!", "\xe6\x80\xa7\xe8\x83\xbd/\xe5\x9d\x87\xe8\xa1\xa1/\xe8\xb4\xa8\xe9\x87\x8f\xe6\xa8\xa1\xe5\xbc\x8f\xe7\x9a\x84\xe9\xbb\x98\xe8\xae\xa4\xe9\xa2\x84\xe8\xae\xbe\xef\xbc\x9b\n\xe4\xb8\x80\xe8\x88\xac\xe5\x81\x8f\xe5\x90\x91\xe5\x9b\xbe\xe5\x83\x8f\xe7\xa8\xb3\xe5\xae\x9a\xe6\x80\xa7\xe3\x80\x82\n\xe5\x9c\xa8\xe6\x96\xb0\xe7\x89\x88\xe4\xb8\xad\xe5\xb7\xb2\xe7\xa7\xbb\xe9\x99\xa4\xef\xbc\x81"}, // menu_common.cpp:1304
        {"DLSS 3.7+, a better D preset\nRemoved on recent versions!", "DLSS 3.7+\xef\xbc\x8c\xe6\x9b\xb4\xe5\xa5\xbd\xe7\x9a\x84 D \xe9\xa2\x84\xe8\xae\xbe\n\xe5\x9c\xa8\xe6\x96\xb0\xe7\x89\x88\xe4\xb8\xad\xe5\xb7\xb2\xe7\xa7\xbb\xe9\x99\xa4\xef\xbc\x81"}, // menu_common.cpp:1306
        {"Default preset for Ultra Performance and DLAA modes\nRemoved on recent versions!", "\xe8\xb6\x85\xe9\xab\x98\xe6\x80\xa7\xe8\x83\xbd\xe5\x92\x8c DLAA \xe6\xa8\xa1\xe5\xbc\x8f\xe7\x9a\x84\xe9\xbb\x98\xe8\xae\xa4\xe9\xa2\x84\xe8\xae\xbe\n\xe5\x9c\xa8\xe6\x96\xb0\xe7\x89\x88\xe4\xb8\xad\xe5\xb7\xb2\xe7\xa7\xbb\xe9\x99\xa4\xef\xbc\x81"}, // menu_common.cpp:1308
        {"Similar to preset K. Preset J might exhibit slightly\nless ghosting...\n1st Gen Transformer", "\xe4\xb8\x8e\xe9\xa2\x84\xe8\xae\xbe K \xe7\xb1\xbb\xe4\xbc\xbc\xe3\x80\x82\xe9\xa2\x84\xe8\xae\xbe J \xe5\x8f\xaf\xe8\x83\xbd\xe7\xa8\x8d\xe5\xbe\xae\n\xe6\x9b\xb4\xe5\xb0\x91\xe5\xb9\xbb\xe5\xbd\xb1...\n\xe7\xac\xac\xe4\xb8\x80\xe4\xbb\xa3 Transformer"}, // menu_common.cpp:1316
        {"Default preset for DLAA/Balanced/Quality modes...\n1st Gen Transformer", "DLAA/\xe5\x9d\x87\xe8\xa1\xa1/\xe8\xb4\xa8\xe9\x87\x8f\xe6\xa8\xa1\xe5\xbc\x8f\xe7\x9a\x84\xe9\xbb\x98\xe8\xae\xa4\xe9\xa2\x84\xe8\xae\xbe...\n\xe7\xac\xac\xe4\xb8\x80\xe4\xbb\xa3 Transformer"}, // menu_common.cpp:1318
        {"Default for Ultra Perf mode\n2nd Gen Transformers", "\xe8\xb6\x85\xe9\xab\x98\xe6\x80\xa7\xe8\x83\xbd\xe6\xa8\xa1\xe5\xbc\x8f\xe7\x9a\x84\xe9\xbb\x98\xe8\xae\xa4\xe9\xa2\x84\xe8\xae\xbe\n\xe7\xac\xac\xe4\xba\x8c\xe4\xbb\xa3 Transformers"}, // menu_common.cpp:1320
        {"Default for Perf mode\n2nd Gen Transformer", "\xe6\x80\xa7\xe8\x83\xbd\xe6\xa8\xa1\xe5\xbc\x8f\xe7\x9a\x84\xe9\xbb\x98\xe8\xae\xa4\xe9\xa2\x84\xe8\xae\xbe\n\xe7\xac\xac\xe4\xba\x8c\xe4\xbb\xa3 Transformer"}, // menu_common.cpp:1322
        {"Preset A\nRemoved on recent versions!", "\xe9\xa2\x84\xe8\xae\xbe A\n\xe5\x9c\xa8\xe6\x96\xb0\xe7\x89\x88\xe4\xb8\xad\xe5\xb7\xb2\xe7\xa7\xbb\xe9\x99\xa4\xef\xbc\x81"}, // menu_common.cpp:1297,1340
        {"Preset B\nRemoved on recent versions!", "\xe9\xa2\x84\xe8\xae\xbe B\n\xe5\x9c\xa8\xe6\x96\xb0\xe7\x89\x88\xe4\xb8\xad\xe5\xb7\xb2\xe7\xa7\xbb\xe9\x99\xa4\xef\xbc\x81"}, // menu_common.cpp:1299,1341
        {"Preset C\nRemoved on recent versions!", "\xe9\xa2\x84\xe8\xae\xbe C\n\xe5\x9c\xa8\xe6\x96\xb0\xe7\x89\x88\xe4\xb8\xad\xe5\xb7\xb2\xe7\xa7\xbb\xe9\x99\xa4\xef\xbc\x81"}, // menu_common.cpp:1301,1342
         // ===== Downscale tooltips =====
        {"Default option.\nGood enough image quality and very fast.", "\xe9\xbb\x98\xe8\xae\xa4\xe9\x80\x89\xe9\xa1\xb9\xe3\x80\x82\n\xe5\x9b\xbe\xe5\x83\x8f\xe8\xb4\xa8\xe9\x87\x8f\xe8\xb6\xb3\xe5\xa4\x9f\xe5\xa5\xbd\xe4\xb8\x94\xe9\x80\x9f\xe5\xba\xa6\xe5\xbe\x88\xe5\xbf\xab\xe3\x80\x82"}, // menu_common.cpp:5636
        {"Fastest traditional option.\nProduces a very soft/blurry image, but might be okay for downscaling.", "\xe6\x9c\x80\xe5\xbf\xab\xe7\x9a\x84\xe4\xbc\xa0\xe7\xbb\x9f\xe9\x80\x89\xe9\xa1\xb9\xe3\x80\x82\n\xe4\xba\xa7\xe7\x94\x9f\xe9\x9d\x9e\xe5\xb8\xb8\xe6\x9f\x94\xe5\x92\x8c/\xe6\xa8\xa1\xe7\xb3\x8a\xe7\x9a\x84\xe5\x9b\xbe\xe5\x83\x8f\xef\xbc\x8c\xe4\xbd\x86\xe5\x8f\xaf\xe8\x83\xbd\xe9\x80\x82\xe5\x90\x88\xe9\x99\x8d\xe9\xa2\x91\xe3\x80\x82"}, // menu_common.cpp:5638
        {"Designed primarily for downscaling.\nRetains good contrast with minimal artefacts, but softer than Lanczos.", "\xe4\xb8\x93\xe4\xb8\xba\xe9\x99\x8d\xe9\xa2\x91\xe8\x80\x8c\xe8\xae\xbe\xe8\xae\xa1\xe3\x80\x82\n\xe4\xbf\x9d\xe6\x8c\x81\xe8\x89\xaf\xe5\xa5\xbd\xe7\x9a\x84\xe5\xaf\xb9\xe6\xaf\x94\xe5\xba\xa6\xef\xbc\x8c\xe5\x81\x8f\xe7\xa7\xbb\xe6\x9e\x81\xe5\xb0\x91\xef\xbc\x8c\xe4\xbd\x86\xe6\xaf\x94 Lanczos \xe6\x9f\x94\xe3\x80\x82"}, // menu_common.cpp:5640
        {"Lighter and faster than Lanczos3.\nLess prone to ringing artefacts, but slightly blurrier.", "\xe6\xaf\x94 Lanczos3 \xe6\x9b\xb4\xe8\xbd\xbb\xe9\x87\x8f\xe6\x9b\xb4\xe5\xbf\xab\xe3\x80\x82\n\xe4\xb8\x8d\xe6\x98\x93\xe4\xba\xa7\xe7\x94\x9f\xe7\x8e\xaf\xe7\x8a\xb6\xe4\xbc\xaa\xe5\xbd\xb1\xef\xbc\x8c\xe4\xbd\x86\xe7\xa8\x8d\xe5\xbe\xae\xe6\xa8\xa1\xe7\xb3\x8a\xe3\x80\x82"}, // menu_common.cpp:5642
        {"Heavier version of Lanczos2.\nOffers the sharpest image, but is the most prone to ringing.", "Lanczos2 \xe7\x9a\x84\xe9\x87\x8d\xe9\x87\x8f\xe7\x89\x88\xe3\x80\x82\n\xe6\x8f\x90\xe4\xbe\x9b\xe6\x9c\x80\xe6\xb8\x85\xe6\x99\xb0\xe7\x9a\x84\xe5\x9b\xbe\xe5\x83\x8f\xef\xbc\x8c\xe4\xbd\x86\xe6\x9c\x80\xe5\xae\xb9\xe6\x98\x93\xe4\xba\xa7\xe7\x94\x9f\xe7\x8e\xaf\xe7\x8a\xb6\xe4\xbc\xaa\xe5\xbd\xb1\xe3\x80\x82"}, // menu_common.cpp:5644
        {"Similar to Lanczos2.\nSmoother and less prone to artefacts than Lanczos, but slightly blurrier.", "\xe4\xb8\x8e Lanczos2 \xe7\xb1\xbb\xe4\xbc\xbc\xe3\x80\x82\n\xe6\xaf\x94 Lanczos \xe6\x9b\xb4\xe5\xb9\xb3\xe6\xbb\x91\xe4\xb8\x94\xe4\xb8\x8d\xe6\x98\x93\xe4\xba\xa7\xe7\x94\x9f\xe4\xbc\xaa\xe5\xbd\xb1\xef\xbc\x8c\xe4\xbd\x86\xe7\xa8\x8d\xe5\xbe\xae\xe6\xa8\xa1\xe7\xb3\x8a\xe3\x80\x82"}, // menu_common.cpp:5646
        {"Similar to Lanczos3.\nFar less prone to artefacting than Lanczos3, but much heavier on the GPU.", "\xe4\xb8\x8e Lanczos3 \xe7\xb1\xbb\xe4\xbc\xbc\xe3\x80\x82\n\xe6\xaf\x94 Lanczos3 \xe6\x9b\xb4\xe4\xb8\x8d\xe6\x98\x93\xe4\xba\xa7\xe7\x94\x9f\xe4\xbc\xaa\xe5\xbd\xb1\xef\xbc\x8c\xe4\xbd\x86\xe5\xaf\xb9 GPU \xe7\x9a\x84\xe8\xb4\x9f\xe6\x8b\x85\xe6\x9b\xb4\xe9\x87\x8d\xe3\x80\x82"}, // menu_common.cpp:5648
        {"Specialised to prevent artifacts.\nEliminates harsh halos for a natural look, but can appear slightly soft.", "\xe4\xb8\x93\xe9\x97\xa8\xe9\x98\xb2\xe6\xad\xa2\xe4\xbc\xaa\xe5\xbd\xb1\xe3\x80\x82\n\xe6\xb6\x88\xe9\x99\xa4\xe7\x8b\xa0\xe7\x8b\xa0\xe7\x9a\x84\xe5\x85\x89\xe6\x99\x95\xe4\xbb\xa5\xe8\x8e\xb7\xe5\xbe\x97\xe8\x87\xaa\xe7\x84\xb6\xe7\x9a\x84\xe5\xa4\x96\xe8\xa7\x82\xef\xbc\x8c\xe4\xbd\x86\xe5\x8f\xaf\xe8\x83\xbd\xe7\xa8\x8d\xe5\xbe\xae\xe6\x9f\x94\xe5\x92\x8c\xe3\x80\x82"}, // menu_common.cpp:5650
        {"Only FSR1 and Bicubic are supported when Ratio is below 1.0.", "\xe5\xbd\x93\xe6\xaf\x94\xe4\xbe\x8b\xe4\xbd\x8e\xe4\xba\x8e 1.0 \xe6\x97\xb6\xef\xbc\x8c\xe5\x8f\xaa\xe6\x94\xaf\xe6\x8c\x81 FSR1 \xe5\x92\x8c\xe5\x8f\x8c\xe4\xb8\x89\xe6\xac\xa1\xe3\x80\x82"}, // menu_common.cpp:5656
         // ===== Missing tooltip/help entries =====
        {"Meant for development purpose to test if\nwriting a larger value to reactive mask, reduces ghosting.", // menu_common.cpp:3186
         "\xe4\xbb\x85\xe7\x94\xa8\xe4\xba\x8e\xe5\xbc\x80\xe5\x8f\x91\xe7\x9b\xae\xe7\x9a\x84\xef\xbc\x8c\xe6\xb5\x8b\xe8\xaf\x95\xe5\x90\x91\xe5\x8f\x8d\xe5\xba\x94\xe6\x8e\xa9\xe8\x86\x9c\xe5\x86\x99\xe5\x85\xa5\xe8\xbe\x83\xe5\xa4\xa7\xe5\x80\xbc\xe6\x98\xaf\xe5\x90\xa6\xe5\x87\x8f\xe5\xb0\x91\xe5\xb9\xbb\xe5\xbd\xb1"},
        {"Increasing this scales fsr3.1 computed shading\nchange value at read to have higher reactiveness.", // menu_common.cpp:3194
         "\xe5\xa2\x9e\xe5\x8a\xa0\xe6\xad\xa4\xe5\x80\xbc\xe4\xbc\x9a\xe7\xbc\xa9\xe6\x94\xbe fsr3.1 \xe8\xae\xa1\xe7\xae\x97\xe7\x9a\x84\xe9\x98\xb4\xe5\xbd\xb1\n\xe5\x9c\xa8\xe8\xaf\xbb\xe5\x8f\x96\xe6\x97\xb6\xe6\x94\xb9\xe5\x8f\x98\xe5\x80\xbc\xe4\xbb\xa5\xe8\x8e\xb7\xe5\xbe\x97\xe6\x9b\xb4\xe9\xab\x98\xe7\x9a\x84\xe5\x8f\x8d\xe5\xba\x94\xe6\x80\xa7"},
        {"Set XeFG interpolation count", "\xe8\xae\xbe\xe7\xbd\xae XeFG \xe6\x8f\x92\xe5\x80\xbc\xe5\xb8\xa7\xe6\x95\xb0"}, // menu_common.cpp:4261
        {"Do not use Hudless set at ffxConfig", "\xe4\xb8\x8d\xe4\xbd\xbf\xe7\x94\xa8 ffxConfig \xe8\xae\xbe\xe7\xbd\xae\xe7\x9a\x84 Hudless"}, // menu_common.cpp:4899
        {"Do not use Hudless set at ffxDispatch", "\xe4\xb8\x8d\xe4\xbd\xbf\xe7\x94\xa8 ffxDispatch \xe8\xae\xbe\xe7\xbd\xae\xe7\x9a\x84 Hudless"}, // menu_common.cpp:4907
        {"Ignores the value sent by the game\nand uses the value set below", // menu_common.cpp:5282
         "\xe5\xbf\xbd\xe7\x95\xa5\xe6\xb8\xb8\xe6\x88\x8f\xe5\x8f\x91\xe9\x80\x81\xe7\x9a\x84\xe5\x80\xbc\n\xe8\x80\x8c\xe4\xbd\xbf\xe7\x94\xa8\xe4\xb8\x8b\xe9\x9d\xa2\xe8\xae\xbe\xe7\xbd\xae\xe7\x9a\x84\xe5\x80\xbc"},
        {"Overrides every upscaler preset with the set value\n\n1.5x on a 1080p screen means an internal res of 720p\n1080 / 1.5 = 720", // menu_common.cpp:5542
         "\xe7\x94\xa8\xe8\xae\xbe\xe5\xae\x9a\xe5\x80\xbc\xe8\xa6\x86\xe7\x9b\x96\xe6\x89\x80\xe6\x9c\x89\xe8\xb6\x85\xe5\x88\x86\xe8\xbe\xa8\xe7\x8e\x87\xe9\xa2\x84\xe8\xae\xbe\n\n1.5x \xe5\x9c\xa8 1080p \xe5\xb1\x8f\xe5\xb9\x95\xe4\xb8\x8a\xe6\x84\x8f\xe5\x91\xb3\xe7\x9d\x80\xe5\x86\x85\xe9\x83\xa8\xe5\x88\x86\xe8\xbe\xa8\xe7\x8e\x87\xe4\xb8\xba 720p\n1080 / 1.5 = 720"},
        {"Lets you override each preset's ratio individually\nNote that not every game supports every quality preset\n\n1.5x on a 1080p screen means internal resolution of 720p\n1080 / 1.5 = 720", // menu_common.cpp:5555
         "\xe5\x85\x81\xe8\xae\xb8\xe6\x82\xa8\xe5\x8d\x95\xe7\x8b\xac\xe8\xa6\x86\xe7\x9b\x96\xe6\xaf\x8f\xe4\xb8\xaa\xe9\xa2\x84\xe8\xae\xbe\xe7\x9a\x84\xe6\xaf\x94\xe7\x8e\x87\n\xe8\xaf\xb7\xe6\xb3\xa8\xe6\x84\x8f\xe5\xb9\xb6\xe9\x9d\x9e\xe6\x89\x80\xe6\x9c\x89\xe6\xb8\xb8\xe6\x88\x8f\xe9\x83\xbd\xe6\x94\xaf\xe6\x8c\x81\xe6\x89\x80\xe6\x9c\x89\xe8\xb4\xa8\xe9\x87\x8f\xe9\xa2\x84\xe8\xae\xbe\n\n1.5x \xe5\x9c\xa8 1080p \xe5\xb1\x8f\xe5\xb9\x95\xe4\xb8\x8a\xe6\x84\x8f\xe5\x91\xb3\xe7\x9d\x80\xe5\x86\x85\xe9\x83\xa8\xe5\x88\x86\xe8\xbe\xa8\xe7\x8e\x87\xe4\xb8\xba 720p\n1080 / 1.5 = 720"},
        {"Upscales the image internally to a higher output resolution\n"
         "then downscales it back to your display resolution\n\n"
         "Values <1.0 make the upscaler cheaper\n"
         "Values >1.0 make image sharper at the cost of performance\n\n"
         "If greyed out, please check Git Wiki - Unreal Engine tweaks\n\n"
         "Target res and total ratio at the bottom (max. total 3.0!)",
         "\xe5\x9c\xa8\xe5\x86\x85\xe9\x83\xa8\xe5\xb0\x86\xe5\x9b\xbe\xe5\x83\x8f\xe8\xb6\x85\xe5\x88\x86\xe8\xbe\xa8\xe7\x8e\x87\xe5\x88\xb0\xe8\xbe\x83\xe9\xab\x98\xe8\xbe\x93\xe5\x87\xba\xe5\x88\x86\xe8\xbe\xa8\xe7\x8e\x87\n"
         "\xe7\x84\xb6\xe5\x90\x8e\xe9\x99\x8d\xe9\x87\x87\xe6\xa0\xb7\xe5\x9b\x9e\xe6\x98\xbe\xe7\xa4\xba\xe5\x88\x86\xe8\xbe\xa8\xe7\x8e\x87\n\n"
         "\xe5\x80\xbc <1.0 \xe4\xbd\xbf\xe8\xb6\x85\xe5\x88\x86\xe8\xbe\xa8\xe7\x8e\x87\xe6\x9b\xb4\xe8\x8a\x82\xe7\x9c\x81\xe6\x80\xa7\xe8\x83\xbd\n"
         "\xe5\x80\xbc >1.0 \xe4\xbd\xbf\xe5\x9b\xbe\xe5\x83\x8f\xe6\x9b\xb4\xe6\xb8\x85\xe6\x99\xb0\xef\xbc\x8c\xe4\xbd\x86\xe4\xbc\x9a\xe9\x99\x8d\xe4\xbd\x8e\xe6\x80\xa7\xe8\x83\xbd\n\n"
         "\xe5\xa6\x82\xe6\x9e\x9c\xe7\x81\xb0\xe8\x89\xb2\xef\xbc\x8c\xe8\xaf\xb7\xe6\x9f\xa5\xe7\x9c\x8b Git Wiki - Unreal Engine \xe8\xb0\x83\xe6\x95\xb4\n\n"
         "\xe7\x9b\xae\xe6\xa0\x87\xe5\x88\x86\xe8\xbe\xa8\xe7\x8e\x87\xe5\x92\x8c\xe6\x80\xbb\xe6\xaf\x94\xe7\x8e\x87\xe5\x9c\xa8\xe5\xba\x95\xe9\x83\xa8\xef\xbc\x88\xe6\x9c\x80\xe5\xa4\xa7\xe6\x80\xbb\xe6\xaf\x94 3.0\xef\xbc\x81\xef\xbc\x89"},
        {"Extended sliders limit for quality presets\n\nUsing this option changes resolution detection logic\nand might cause issues and crashes!", // menu_common.cpp:5897
         "\xe6\x89\xa9\xe5\xb1\x95\xe8\xb4\xa8\xe9\x87\x8f\xe9\xa2\x84\xe8\xae\xbe\xe7\x9a\x84\xe6\xbb\x91\xe5\x9d\x97\xe9\x99\x90\xe5\x88\xb6\n\n\xe4\xbd\xbf\xe7\x94\xa8\xe6\xad\xa4\xe9\x80\x89\xe9\xa1\xb9\xe4\xbc\x9a\xe6\x94\xb9\xe5\x8f\x98\xe5\x88\x86\xe8\xbe\xa8\xe7\x8e\x87\xe6\xa3\x80\xe6\xb5\x8b\xe9\x80\xbb\xe8\xbe\x91\n\xe5\x8f\xaf\xe8\x83\xbd\xe5\xbc\x95\xe8\xb5\xb7\xe9\x97\xae\xe9\xa2\x98\xe5\x92\x8c\xe5\xb4\xa9\xe6\xba\x83\xef\xbc\x81"},
        {"Fix for games ignoring official DRS limits", "\xe4\xbf\xae\xe5\xa4\x8d\xe6\xb8\xb8\xe6\x88\x8f\xe5\xbf\xbd\xe7\x95\xa5\xe5\xae\x98\xe6\x96\xb9 DRS \xe9\x99\x90\xe5\x88\xb6\xe7\x9a\x84\xe9\x97\xae\xe9\xa2\x98"}, // menu_common.cpp:5918,5924
        {"Force V-Sync On/Off & Sync Interval options", "\xe5\xbc\xba\xe5\x88\xb6 V-Sync \xe5\xbc\x80/\xe5\x85\xb3 \xe5\x92\x8c\xe5\x90\x8c\xe6\xad\xa5\xe9\x97\xb4\xe9\x9a\x94\xe9\x80\x89\xe9\xa1\xb9"}, // menu_common.cpp:6607
        {"Update comparison filters", "\xe6\x9b\xb4\xe6\x96\xb0\xe6\xaf\x94\xe8\xbe\x83\xe8\xbf\x87\xe6\xbb\xa4\xe5\x99\xa8"}, // menu_common.cpp:6783
        {"Update min/max filters", "\xe6\x9b\xb4\xe6\x96\xb0\xe6\x9c\x80\xe5\xb0\x8f/\xe6\x9c\x80\xe5\xa4\xa7\xe8\xbf\x87\xe6\xbb\xa4\xe5\x99\xa8"}, // menu_common.cpp:6791
        {"Skip updating of point filters", "\xe8\xb7\xb3\xe8\xbf\x87\xe6\x9b\xb4\xe6\x96\xb0\xe7\x82\xb9\xe8\xbf\x87\xe6\xbb\xa4\xe5\x99\xa8"}, // menu_common.cpp:6797
        {"Click to open the OptiScaler Wiki page\nin your default browser\n\n"
         "Compatibility list with known game issues\nand workarounds, FG options explained\nand other useful info",
         "\xe7\x82\xb9\xe5\x87\xbb\xe5\x9c\xa8\xe9\xbb\x98\xe8\xae\xa4\xe6\xb5\x8f\xe8\xa7\x88\xe5\x99\xa8\xe4\xb8\xad\xe6\x89\x93\xe5\xbc\x80 OptiScaler Wiki \xe9\xa1\xb5\n\n"
         "\xe5\x85\xbc\xe5\xae\xb9\xe6\x80\xa7\xe5\x88\x97\xe8\xa1\xa8\xef\xbc\x88\xe5\xb7\xb2\xe7\x9f\xa5\xe6\xb8\xb8\xe6\x88\x8f\xe9\x97\xae\xe9\xa2\x98\xe5\x92\x8c\xe5\xb7\xa5\xe4\xbd\x9c\xe5\x8f\x98\xe9\x80\x9a\xef\xbc\x89\nFG \xe9\x80\x89\xe9\xa1\xb9\xe8\xaf\xb4\xe6\x98\x8e\xe5\x92\x8c\xe5\x85\xb6\xe4\xbb\x96\xe6\x9c\x89\xe7\x94\xa8\xe4\xbf\xa1\xe6\x81\xaf"},
        {"Current FSR-FG state:", "\xe5\xbd\x93\xe5\x89\x8d FSR-FG \xe7\x8a\xb6\xe6\x80\x81:"}, // menu_common.cpp:4878

        // ===== Last batch: newly discovered strings =====
        {"Press any key...", "\xe8\xaf\xb7\xe6\x8c\x89\xe4\xbb\xbb\xe6\x84\x8f\xe9\x94\xae..."}, // menu_common.cpp:718
        {"OptiScaler - %s for menu", "OptiScaler - \xe6\x8c\x89 %s \xe6\x89\x93\xe5\xbc\x80\xe8\x8f\x9c\xe5\x8d\x95"}, // menu_common.cpp:1988
        {"OptiScaler Update available", "OptiScaler \xe6\x9c\x89\xe5\x8f\xaf\xe7\x94\xa8\xe6\x9b\xb4\xe6\x96\xb0"}, // menu_common.cpp:1889
        {"Press %s for more info", "\xe6\x8c\x89 %s \xe6\x9f\xa5\xe7\x9c\x8b\xe6\x9b\xb4\xe5\xa4\x9a\xe4\xbf\xa1\xe6\x81\xaf"}, // menu_common.cpp:1891
        {"The data source to be used for FG\nThe native FG which the game supports", // menu_common.cpp:3563
         "\xe7\x94\xa8\xe4\xba\x8e FG \xe7\x9a\x84\xe6\x95\xb0\xe6\x8d\xae\xe6\xba\x90\n\xe6\xb8\xb8\xe6\x88\x8f\xe5\x8e\x9f\xe7\x94\x9f\xe7\x9a\x84 FG"},
        {"Doesn't matter with the selected FG Source", "\xe4\xb8\x8e\xe6\x89\x80\xe9\x80\x89 FG \xe6\xba\x90\xe6\x97\xa0\xe5\x85\xb3"}, // menu_common.cpp:3575
        {"The FG that you will actually be using", "\xe4\xbd\xa0\xe5\xae\x9e\xe9\x99\x85\xe5\xb0\x86\xe4\xbd\xbf\xe7\x94\xa8\xe7\x9a\x84 FG"}, // menu_common.cpp:3577
        {"This setting will become active on next boot!", "\xe6\xad\xa4\xe8\xae\xbe\xe7\xbd\xae\xe5\xb0\x86\xe5\x9c\xa8\xe4\xb8\x8b\xe6\xac\xa1\xe5\x90\xaf\xe5\x8a\xa8\xe6\x97\xb6\xe7\x94\x9f\xe6\x95\x88\xef\xbc\x81"},
        {"No support", "\xe4\xb8\x8d\xe6\x94\xaf\xe6\x8c\x81"}, // menu_common.cpp:6494,6507
        {"Near: %.1f Far: %.1f", "\xe8\xbf\x91: %.1f \xe8\xbf\x9c: %.1f"}, // menu_common.cpp:5026
        {"R", "\xe9\x87\x8d\xe7\xbd\xae"}, // menu_common.cpp:742,5734
        {"(%d)", "(%d)"}, // menu_common.cpp:4613
        {"Clear##4", "\xe6\xb8\x85\xe9\x99\xa4"}, // menu_common.cpp:7208
        {"Close##4", "\xe5\x85\xb3\xe9\x97\xad"}, // menu_common.cpp:7216
        // ===== Remaining overlay/window strings =====
        {"Performance Overlay", "\xe6\x80\xa7\xe8\x83\xbd\xe8\xa6\x86\xe5\xb1\x82"}, // menu_common.cpp:2103
        {"Mipmap Bias", "Mipmap\xef\xbc\x88\xe7\xba\xb9\xe7\x90\x86\xe5\xb1\x82\xe7\xba\xa7\xef\xbc\x89\xe5\x81\x8f\xe7\xbd\xae"}, // menu_common.cpp:6619,7021,7117
        {"Reflex timings, whole frame: %.1fms", "Reflex\xef\xbc\x88NVIDIA\xe4\xbd\x8e\xe5\xbb\xb6\xe8\xbf\x9f\xe6\x8a\x80\xe6\x9c\xaf\xef\xbc\x89\xe6\x97\xb6\xe9\x97\xb4\xef\xbc\x8c\xe6\x95\xb4\xe5\xb8\xa7: %.1fms"}, // menu_common.cpp:2426
        {"Low latency timings, whole frame: %.1fms", "\xe4\xbd\x8e\xe5\xbb\xb6\xe8\xbf\x9f\xe6\x97\xb6\xe9\x97\xb4\xef\xbc\x8c\xe6\x95\xb4\xe5\xb8\xa7: %.1fms"}, // menu_common.cpp:2368
        {"D3D11 %s| %s %d.%d.%d%s", "D3D11 %s| %s %d.%d.%d%s"}, // menu_common.cpp:2729
        {"D3D12 %s| %s %d.%d.%d", "D3D12 %s| %s %d.%d.%d"}, // menu_common.cpp:2748
        {"Vulkan %s| %s %d.%d.%d%s", "Vulkan %s| %s %d.%d.%d%s"}, // menu_common.cpp:2766
        {"| Input: %s", "| \xe8\xbe\x93\xe5\x85\xa5: %s"}, // menu_common.cpp:2734,2752,2771
        {"Splash", "Splash"}, // menu_common.cpp:1972
        {"Update Available", "\xe6\x9b\xb4\xe6\x96\xb0\xe5\x8f\xaf\xe7\x94\xa8"}, // menu_common.cpp:2580
        // ===== Remaining overlay text =====
        {"FGId: %llu, RfxId: %llu", "FGId: %llu, RfxId: %llu"}, // menu_common.cpp:2365,2425
        {"Current : %.3f / %.3f, Target: %.3f", "\xe5\xbd\x93\xe5\x89\x8d: %.3f / %.3f, \xe7\x9b\xae\xe6\xa0\x87: %.3f"}, // menu_common.cpp:6718
        {"Current : %.3f / %.3f, Target: Base * %.3f", "\xe5\xbd\x93\xe5\x89\x8d: %.3f / %.3f, \xe7\x9b\xae\xe6\xa0\x87: \xe5\x9f\xba\xe5\x87\x86 * %.3f"}, // menu_common.cpp:6723
        {"Current : %.3f / %.3f, Target: Base + %.3f", "\xe5\xbd\x93\xe5\x89\x8d: %.3f / %.3f, \xe7\x9b\xae\xe6\xa0\x87: \xe5\x9f\xba\xe5\x87\x86 + %.3f"}, // menu_common.cpp:6728
        {"Current : %.3f / %.3f", "\xe5\xbd\x93\xe5\x89\x8d: %.3f / %.3f"}, // menu_common.cpp:6734
        {"%dx%d -> %dx%d (%.1f) [%dx%d (%.1f)]", "%dx%d -> %dx%d (%.1f) [%dx%d (%.1f)]"}, // menu_common.cpp:6860
        {"%d", "%d"}, // menu_common.cpp:6567,6869
        {"%08x, %s->%s, Count: %llu, %s", "%08x, %s->%s, \xe8\xae\xa1\xe6\x95\xb0: %llu, %s"}, // menu_common.cpp:7182
        // ===== Nukem's FG mod =====
        {"Missing the dlssg_to_fsr3_amd_is_better.dll file", "\xe7\xbc\xba\xe5\xb0\x91 dlssg_to_fsr3_amd_is_better.dll \xe6\x96\x87\xe4\xbb\xb6"}, // menu_common.cpp:3515
        // ===== Splash messages =====
        {"Cope smarter, not harder", "\xe5\x86\xb7\xe9\x9d\x99\xe4\xb8\x80\xe4\xb8\x8b\xef\xbc\x8c\xe4\xb8\x8d\xe8\xa6\x81\xe5\xa4\xaa\xe7\x94\xa8\xe5\x8a\x9b"}, // menu_common.cpp:63
        {"Coping is strong with this one...", "\xe8\xbf\x99\xe4\xb8\xaa\xe5\xbe\x88\xe4\xbc\x9a\xe5\xae\x89\xe6\x85\xb0\xe8\x87\xaa\xe5\xb7\xb1..."}, // menu_common.cpp:64
        {"This is where the fun begins...", "\xe6\xac\xa2\xe4\xb9\x90\xe5\x88\x9a\xe5\x88\x9a\xe5\xbc\x80\xe5\xa7\x8b..."}, // menu_common.cpp:65
        {"Got any more of them scalers?...", "\xe8\xbf\x98\xe6\x9c\x89\xe6\x9b\xb4\xe5\xa4\x9a\xe8\xb6\x85\xe5\x88\x86\xe8\xbe\xa8\xe7\x8e\x87\xe5\x90\x97\xef\xbc\x9f"}, // menu_common.cpp:66
        {"Fake pixels and even faker frames...", "\xe5\x81\x87\xe5\x83\x8f\xe7\xb4\xa0\xe5\x92\x8c\xe6\x9b\xb4\xe5\x81\x87\xe7\x9a\x84\xe5\xb8\xa7..."}, // menu_common.cpp:67
        {"Fake frames, get your fake frames...", "\xe5\x81\x87\xe5\xb8\xa7\xef\xbc\x8c\xe5\xbf\xab\xe6\x9d\xa5\xe4\xb9\xb0\xe5\x81\x87\xe5\xb8\xa7..."}, // menu_common.cpp:68
        {"I'm here to kick pixels and chew frames...", "\xe6\x88\x91\xe6\x9d\xa5\xe8\xbf\x99\xe9\x87\x8c\xe6\x89\x93\xe5\x83\x8f\xe7\xb4\xa0\xe3\x80\x81\xe5\x92\x80\xe5\xb8\xa7..."}, // menu_common.cpp:69
        {"I find your lack of supersampling disturbing...", "\xe6\x88\x91\xe8\xa7\x89\xe5\xbe\x97\xe4\xbd\xa0\xe7\xbc\xba\xe4\xb9\x8f\xe8\xb6\x85\xe9\x87\x87\xe6\xa0\xb7..."}, // menu_common.cpp:70
        {"Frame by frame, I scale-up!", "\xe4\xb8\x80\xe5\xb8\xa7\xe4\xb8\x80\xe5\xb8\xa7\xef\xbc\x8c\xe6\x88\x91\xe5\x8d\x87\xe7\xba\xa7\xef\xbc\x81"}, // menu_common.cpp:71
        {"Resistance is futile. Your pixels will be upscaled.", "\xe6\x8a\xb5\xe6\x8a\x97\xe6\x98\xaf\xe6\x97\xa0\xe7\x94\xa8\xe7\x9a\x84\xe3\x80\x82\xe4\xbd\xa0\xe7\x9a\x84\xe5\x83\x8f\xe7\xb4\xa0\xe5\xb0\x86\xe8\xa2\xab\xe8\xb6\x85\xe5\x88\x86\xe8\xbe\xa8\xe7\x8e\x87\xe5\x8c\x96\xe3\x80\x82"}, // menu_common.cpp:72
        {"I've got 99 problems, but low-res ain't one.", "\xe6\x88\x91\xe6\x9c\x89 99 \xe4\xb8\xaa\xe9\x97\xae\xe9\xa2\x98\xef\xbc\x8c\xe4\xbd\x86\xe4\xbd\x8e\xe5\x88\x86\xe8\xbe\xa8\xe7\x8e\x87\xe4\xb8\x8d\xe6\x98\xaf\xe5\x85\xb6\xe4\xb8\xad\xe4\xb9\x8b\xe4\xb8\x80\xe3\x80\x82"}, // menu_common.cpp:73
        {"It's over, DLSS, I have the higher ground!", "\xe7\xbb\x93\xe6\x9d\x9f\xe4\xba\x86\xef\xbc\x8c" "DLSS\xef\xbc\x8c\xe6\x88\x91\xe5\x8d\xa0\xe6\x8d\xae\xe9\xab\x98\xe5\x9c\xb0\xef\xbc\x81"}, // menu_common.cpp:74
        {"This isn't the resolution you're looking for.", "\xe8\xbf\x99\xe4\xb8\x8d\xe6\x98\xaf\xe4\xbd\xa0\xe8\xa6\x81\xe6\x89\xbe\xe7\x9a\x84\xe5\x88\x86\xe8\xbe\xa8\xe7\x8e\x87\xe3\x80\x82"}, // menu_common.cpp:75
        {"To infinity and beyond... with ray tracing off.", "\xe5\x88\xb0\xe6\x97\xa0\xe9\x99\x90\xe5\x92\x8c\xe6\x9b\xb4\xe8\xbf\x9c...\xe5\x85\xb3\xe9\x97\xad\xe5\x85\x89\xe8\xbf\xbd\xe3\x80\x82"}, // menu_common.cpp:76
        {"I have a bad feeling about this frame pacing.", "\xe6\x88\x91\xe5\xaf\xb9\xe8\xbf\x99\xe4\xb8\xaa\xe5\xb8\xa7\xe8\x8a\x82\xe5\xa5\x8f\xe6\x9c\x89\xe4\xb8\x8d\xe5\xa5\xbd\xe7\x9a\x84\xe9\xa2\x84\xe6\x84\x9f\xe3\x80\x82"}, // menu_common.cpp:77
        {"It's Dangerous to Go Alone-Take This Upscaler", "\xe7\x8b\xac\xe8\x87\xaa\xe5\x89\x8d\xe5\xbe\x80\xe5\xbe\x88\xe5\x8d\xb1\xe9\x99\xa9\xe2\x80\x94\xe5\xb8\xa6\xe4\xb8\x8a\xe8\xbf\x99\xe4\xb8\xaa\xe8\xb6\x85\xe5\x88\x86\xe8\xbe\xa8\xe7\x8e\x87"}, // menu_common.cpp:78
        {"Upscaled beyond recognition.", "\xe8\xb6\x85\xe5\x88\x86\xe8\xbe\xa8\xe7\x8e\x87\xe5\x88\xb0\xe8\xae\xa4\xe4\xb8\x8d\xe5\x87\xba\xe6\x9d\xa5\xe3\x80\x82"}, // menu_common.cpp:79
        {"Trust the process. Ignore the shimmer.", "\xe7\x9b\xb8\xe4\xbf\xa1\xe8\xbf\x87\xe7\xa8\x8b\xe3\x80\x82\xe5\xbf\xbd\xe7\x95\xa5\xe9\x97\xaa\xe7\x83\x81\xe3\x80\x82"}, // menu_common.cpp:80
        {"Real fake frames. Certified.", "\xe7\x9c\x9f\xe5\x81\x87\xe5\xb8\xa7\xe3\x80\x82\xe7\xbb\x8f\xe8\xbf\x87\xe8\xae\xa4\xe8\xaf\x81\xe3\x80\x82"}, // menu_common.cpp:81
        {"The illusion of performance, perfected.", "\xe6\x80\xa7\xe8\x83\xbd\xe5\xb9\xbb\xe8\xb1\xa1\xef\xbc\x8c\xe5\xae\x8c\xe7\xbe\x8e\xe5\x8d\x87\xe7\xba\xa7\xe3\x80\x82"}, // menu_common.cpp:82
        {"This upscaler belongs in a museum!", "\xe8\xbf\x99\xe4\xb8\xaa\xe8\xb6\x85\xe5\x88\x86\xe8\xbe\xa8\xe7\x8e\x87\xe5\xba\x94\xe8\xaf\xa5\xe6\x94\xbe\xe5\x9c\xa8\xe5\x8d\x9a\xe7\x89\xa9\xe9\xa6\x86\xef\xbc\x81"}, // menu_common.cpp:83
        {"Because native rendering is overrated.", "\xe5\x9b\xa0\xe4\xb8\xba\xe5\x8e\x9f\xe7\x94\x9f\xe6\xb8\xb2\xe6\x9f\x93\xe8\xa2\xab\xe8\xbf\x87\xe9\xab\x98\xe4\xbc\xb0\xe4\xba\x86\xe3\x80\x82"}, // menu_common.cpp:84
        {"The more you upscaler, the more you save", "\xe8\xb6\x8a\xe8\xb6\x85\xe5\x88\x86\xe8\xbe\xa8\xe7\x8e\x87\xef\xbc\x8c\xe8\xb6\x8a\xe8\x8a\x82\xe7\x9c\x81"}, // menu_common.cpp:85
        {"It's never too late to buy a better GPU", "\xe4\xb9\xb0\xe4\xb8\x80\xe5\xbc\xa0\xe6\x9b\xb4\xe5\xa5\xbd\xe7\x9a\x84 GPU \xe6\xb0\xb8\xe8\xbf\x9c\xe4\xb8\x8d\xe6\x99\x9a"}, // menu_common.cpp:86
        {"We don't need real pixels where we're going", "\xe6\x88\x91\xe4\xbb\xac\xe8\xa6\x81\xe5\x8e\xbb\xe7\x9a\x84\xe5\x9c\xb0\xe6\x96\xb9\xe4\xb8\x8d\xe9\x9c\x80\xe8\xa6\x81\xe7\x9c\x9f\xe5\xae\x9e\xe5\x83\x8f\xe7\xb4\xa0"}, // menu_common.cpp:87
        {"Did you know that Intel released XeFG for everyone?", "\xe4\xbd\xa0\xe7\x9f\xa5\xe9\x81\x93 Intel \xe5\xb7\xb2\xe7\xbb\x8f\xe5\x8f\x91\xe5\xb8\x83\xe4\xba\x86 XeFG \xe5\x90\x97\xef\xbc\x9f"}, // menu_common.cpp:88
        {"MFG totally works with Nukem's 100%% no scam", "MFG \xe5\xae\x8c\xe5\x85\xa8\xe9\x80\x82\xe9\x85\x8d Nukem \xe7\x9a\x84\xef\xbc\x8c" "100%% \xe7\xbb\x9d\xe9\x9d\x9e\xe9\xaa\x97\xe5\xb1\x80"}, // menu_common.cpp:89
        {"Some of those pixels might even be real!", "\xe5\x85\xb6\xe4\xb8\xad\xe4\xb8\x80\xe4\xba\x9b\xe5\x83\x8f\xe7\xb4\xa0\xe5\x8f\xaf\xe8\x83\xbd\xe7\x94\x9a\xe8\x87\xb3\xe6\x98\xaf\xe7\x9c\x9f\xe7\x9a\x84\xef\xbc\x81"}, // menu_common.cpp:90
        {"Just don't look too closely at the image", "\xe5\x8f\xaa\xe8\xa6\x81\xe5\x88\xab\xe5\xa4\xaa\xe4\xbb\x94\xe7\xbb\x86\xe7\x9c\x8b\xe5\x9b\xbe\xe5\x83\x8f"}, // menu_common.cpp:91
        {"Even supports \"software\" XeSS!", "\xe7\x94\x9a\xe8\x87\xb3\xe6\x94\xaf\xe6\x8c\x81 \"software\" XeSS\xef\xbc\x81"}, // menu_common.cpp:92
        {"Thanks nitec, back to you nitec", "\xe8\xb0\xa2\xe8\xb0\xa2 nitec\xef\xbc\x8c\xe4\xba\xa4\xe5\x9b\x9e\xe7\xbb\x99 nitec"}, // menu_common.cpp:94
        {"Tested and approved by By-U", "\xe7\xbb\x8f By-U \xe6\xb5\x8b\xe8\xaf\x95\xe5\x92\x8c\xe6\x89\xb9\xe5\x87\x86"}, // menu_common.cpp:95
        {"0.8 was an inside job", "0.8 \xe6\x98\xaf\xe5\x86\x85\xe9\x83\xa8\xe4\xba\xba\xe5\x91\x98\xe5\x81\x9a\xe7\x9a\x84"}, // menu_common.cpp:96
        {"FSR4 DP4a wenETA, AMD plz", "FSR4 DP4a \xe4\xbd\x95\xe6\x97\xb6\xe5\x8f\x91\xe5\xb8\x83\xef\xbc\x8c" "AMD \xe8\xaf\xb7\xe5\x90\xa7"}, // menu_common.cpp:97
        {"OptiCopers, assemble!", "OptiCopers\xef\xbc\x8c\xe9\x9b\x86\xe5\x90\x88\xef\xbc\x81"}, // menu_common.cpp:98
        {"The Way It's Meant To Be Upscaled", "\xe8\xb6\x85\xe5\x88\x86\xe8\xbe\xa8\xe7\x8e\x87\xe5\xba\x94\xe6\x9c\x89\xe7\x9a\x84\xe6\xa0\xb7\xe5\xad\x90"}, // menu_common.cpp:99
        {"Your game may not even crash today", "\xe4\xbd\xa0\xe7\x9a\x84\xe6\xb8\xb8\xe6\x88\x8f\xe4\xbb\x8a\xe5\xa4\xa9\xe5\x8f\xaf\xe8\x83\xbd\xe4\xb8\x8d\xe4\xbc\x9a\xe5\xb4\xa9\xe6\xba\x83"}, // menu_common.cpp:100
        {"Expanded and Enhanced", "\xe6\x89\xa9\xe5\xb1\x95\xe5\x92\x8c\xe5\xa2\x9e\xe5\xbc\xba"}, // menu_common.cpp:101
        {"It's only my 5th crash today", "\xe8\xbf\x99\xe5\x8f\xaa\xe6\x98\xaf\xe6\x88\x91\xe4\xbb\x8a\xe5\xa4\xa9\xe7\xac\xac 5 \xe6\xac\xa1\xe5\xb4\xa9\xe6\xba\x83"}, // menu_common.cpp:102
        {"Latency with FG? But I have good internet", "\xe5\xb8\xa7\xe7\x94\x9f\xe6\x88\x90\xe5\xbb\xb6\xe8\xbf\x9f\xef\xbc\x9f\xe4\xbd\x86\xe6\x88\x91\xe7\xbd\x91\xe7\xbb\x9c\xe5\xbe\x88\xe5\xa5\xbd\xe5\x95\x8a"}, // menu_common.cpp:103
        {"Console peasants can't do that", "\xe4\xb8\xbb\xe6\x9c\xba\xe5\xbc\x9f\xe5\x8f\x8b\xe5\x8f\xaf\xe5\x81\x9a\xe4\xb8\x8d\xe5\x88\xb0"}, // menu_common.cpp:104
        {"Hope you don't have a good eyesight", "\xe5\xb8\x8c\xe6\x9c\x9b\xe4\xbd\xa0\xe8\xa7\x86\xe5\x8a\x9b\xe4\xb8\x8d\xe5\xa4\xaa\xe5\xa5\xbd"}, // menu_common.cpp:105
        {"Such an aggressive upscaling? A bold move", "\xe5\xa6\x82\xe6\xad\xa4\xe6\xbf\x80\xe8\xbf\x9b\xe7\x9a\x84\xe8\xb6\x85\xe5\x88\x86\xe8\xbe\xa8\xe7\x8e\x87\xef\xbc\x9f\xe5\x8b\x87\xe6\x95\xa2\xe7\x9a\x84\xe5\x81\x9a\xe6\xb3\x95"}, // menu_common.cpp:106
        {"I almost don't feel the input lag", "\xe6\x88\x91\xe5\x87\xa0\xe4\xb9\x8e\xe6\x84\x9f\xe8\xa7\x89\xe4\xb8\x8d\xe5\x88\xb0\xe8\xbe\x93\xe5\x85\xa5\xe5\xbb\xb6\xe8\xbf\x9f"}, // menu_common.cpp:107
        {"And that's how you get to 60 FPS", "\xe8\xbf\x99\xe5\xb0\xb1\xe6\x98\xaf\xe4\xbd\xa0\xe5\xa6\x82\xe4\xbd\x95\xe8\xbe\xbe\xe5\x88\xb0 60 FPS \xe7\x9a\x84\xe6\x96\xb9\xe6\xb3\x95"}, // menu_common.cpp:108
        {"Together We Upscale", "\xe6\x88\x91\xe4\xbb\xac\xe4\xb8\x80\xe8\xb5\xb7\xe8\xb6\x85\xe5\x88\x86\xe8\xbe\xa8\xe7\x8e\x87"}, // menu_common.cpp:109
        {"For upscalers, by upscalers", "\xe7\x94\xb1\xe8\xb6\x85\xe5\x88\x86\xe8\xbe\xa8\xe7\x8e\x87\xe7\x88\xb1\xe5\xa5\xbd\xe8\x80\x85\xef\xbc\x8c\xe4\xb8\xba\xe8\xb6\x85\xe5\x88\x86\xe8\xbe\xa8\xe7\x8e\x87\xe7\x88\xb1\xe5\xa5\xbd\xe8\x80\x85"}, // menu_common.cpp:110
        {"Opti Sports, it's in the sampling", "Opti Sports\xef\xbc\x8c\xe5\x9c\xa8\xe9\x87\x87\xe6\xa0\xb7\xe4\xb8\xad"}, // menu_common.cpp:111
        {"Render in your world. Upscale in ours", "\xe5\x9c\xa8\xe4\xbd\xa0\xe7\x9a\x84\xe4\xb8\x96\xe7\x95\x8c\xe6\xb8\xb2\xe6\x9f\x93\xe3\x80\x82\xe5\x9c\xa8\xe6\x88\x91\xe4\xbb\xac\xe7\x9a\x84\xe4\xb8\x96\xe7\x95\x8c\xe8\xb6\x85\xe5\x88\x86\xe8\xbe\xa8\xe7\x8e\x87"}, // menu_common.cpp:112
        {"All your pixels are belong to us", "\xe4\xbd\xa0\xe6\x89\x80\xe6\x9c\x89\xe7\x9a\x84\xe5\x83\x8f\xe7\xb4\xa0\xe9\x83\xbd\xe5\xbd\x92\xe6\x88\x91\xe4\xbb\xac"}, // menu_common.cpp:113
        {"Upscaling for the masses, not the classes", "\xe4\xb8\xba\xe5\xa4\xa7\xe4\xbc\x97\xe7\x9a\x84\xe8\xb6\x85\xe5\x88\x86\xe8\xbe\xa8\xe7\x8e\x87\xef\xbc\x8c\xe8\x80\x8c\xe9\x9d\x9e\xe9\x98\xb6\xe5\xb1\x82"}, // menu_common.cpp:114
        {"Generating discord since 2023", "\xe8\x87\xaa 2023 \xe5\xb9\xb4\xe4\xbb\xa5\xe6\x9d\xa5\xe4\xb8\x80\xe7\x9b\xb4\xe5\x9c\xa8\xe4\xba\x89\xe8\xae\xba"}, // menu_common.cpp:115
        {"Enabling DLSS since 2023", "\xe8\x87\xaa 2023 \xe5\xb9\xb4\xe4\xbb\xa5\xe6\x9d\xa5\xe5\x90\xaf\xe7\x94\xa8 DLSS"}, // menu_common.cpp:116
        {"[REDACTED] never looked better", "[REDACTED] \xe4\xbb\x8e\xe6\x9d\xa5\xe6\xb2\xa1\xe8\xbf\x99\xe4\xb9\x88\xe5\xa5\xbd\xe7\x9c\x8b\xe8\xbf\x87"}, // menu_common.cpp:117
        {"Free and always free", "\xe5\x85\x8d\xe8\xb4\xb9\xef\xbc\x8c\xe5\xb9\xb6\xe4\xb8\x94\xe6\xb0\xb8\xe8\xbf\x9c\xe5\x85\x8d\xe8\xb4\xb9"}, // menu_common.cpp:118
        {"Getting unshackled from green chains in progress...", "\xe6\xad\xa3\xe5\x9c\xa8\xe8\x84\xb1\xe7\xa6\xbb\xe7\xbb\xbf\xe8\x89\xb2\xe9\x93\xbe\xe6\x9d\x9f..."}, // menu_common.cpp:119
        {"Who's Nukem anyway?", "Nukem \xe5\x88\xb0\xe5\xba\x95\xe6\x98\xaf\xe8\xb0\x81\xef\xbc\x9f"}, // menu_common.cpp:120
        {"Compiling shaders... ETA: 05h:49m", "\xe6\xad\xa3\xe5\x9c\xa8\xe7\xbc\x96\xe8\xaf\x91\xe7\x9d\x80\xe8\x89\xb2\xe5\x99\xa8... \xe9\xa2\x84\xe8\xae\xa1: 05h:49m"}, // menu_common.cpp:121
        {"Did you really just pay 70\u20ac for this game?!", "\xe4\xbd\xa0\xe4\xb8\x8d\xe4\xbc\x9a\xe7\x9c\x9f\xe7\x9a\x84\xe8\x8a\xb1\xe4\xba\x86 70 \xe6\xac\xa7\xe5\x85\x83\xe4\xb9\xb0\xe8\xbf\x99\xe4\xb8\xaa\xe6\xb8\xb8\xe6\x88\x8f\xe5\x90\xa7\xef\xbc\x9f\xef\xbc\x81"}, // menu_common.cpp:122
        {"Guess who forgot about a nullptr check again", "\xe7\x8c\x9c\xe7\x8c\x9c\xe8\xb0\x81\xe5\x8f\x88\xe5\xbf\x98\xe4\xba\x86 nullptr \xe6\xa3\x80\xe6\x9f\xa5"}, // menu_common.cpp:123
        {"AI can't outslop this", "AI \xe4\xb9\x9f\xe6\x91\x86\xe4\xb8\x8d\xe5\xb9\xb3\xe8\xbf\x99\xe4\xb8\xaa"}, // menu_common.cpp:124
        {"Guess we're pre-alpha build demos now", "\xe6\x88\x91\xe7\x8c\x9c\xe6\x88\x91\xe4\xbb\xac\xe7\x8e\xb0\xe5\x9c\xa8\xe6\x98\xaf pre-alpha \xe7\x89\x88\xe6\xbc\x94\xe7\xa4\xba\xe4\xba\x86"}, // menu_common.cpp:125
        {"New app on the block - TH", "\xe8\xa1\x97\xe5\x8c\xba\xe6\x96\xb0\xe5\xba\x94\xe7\x94\xa8 - TH"}, // menu_common.cpp:126
        {"One more stutter and I might lose it", "\xe5\x86\x8d\xe5\x8d\xa1\xe4\xb8\x80\xe6\xac\xa1\xe6\x88\x91\xe5\x8f\xaf\xe8\x83\xbd\xe5\xb0\xb1\xe8\xa6\x81\xe5\xb4\xa9\xe6\xba\x83\xe4\xba\x86"}, // menu_common.cpp:127
        {"Deep Learning Slop Sampling 5", "\xe6\xb7\xb1\xe5\xba\xa6\xe5\xad\xa6\xe4\xb9\xa0\xe5\xba\x9f\xe6\x96\x99\xe9\x87\x87\xe6\xa0\xb7 5"}, // menu_common.cpp:135
        {"2D AI filters, now powered by just 2x 5090s", "2D AI \xe6\xbb\xa4\xe9\x95\x9c\xef\xbc\x8c\xe7\x8e\xb0\xe5\x9c\xa8\xe5\x8f\xaa\xe9\x9c\x80\xe4\xb8\xa4\xe5\xbc\xa0 5090 \xe9\xa9\xb1\xe5\x8a\xa8"}, // menu_common.cpp:136
        {"Neural Slop Sampling with DLSS5", "\xe7\xa5\x9e\xe7\xbb\x8f\xe5\xba\x9f\xe6\x96\x99\xe9\x87\x87\xe6\xa0\xb7\xe4\xb8\x8e DLSS5"}, // menu_common.cpp:137
        {"DLSS 5 - the way it's meant to be slopped", "DLSS 5 \xe2\x80\x94 \xe5\xba\x9f\xe6\x96\x99\xe5\xba\x94\xe6\x9c\x89\xe7\x9a\x84\xe6\xa0\xb7\xe5\xad\x90"}, // menu_common.cpp:138
        {"Just when I think I'm out, they scale me back in", "\xe6\xad\xa3\xe5\xbd\x93\xe6\x88\x91\xe4\xbb\xa5\xe4\xb8\xba\xe6\x88\x91\xe9\x80\x80\xe5\x87\xba\xe4\xba\x86\xef\xbc\x8c\xe4\xbb\x96\xe4\xbb\xac\xe5\x8f\x88\xe6\x8a\x8a\xe6\x88\x91\xe6\x8b\x89\xe5\x9b\x9e\xe6\x9d\xa5\xe4\xba\x86"}, // menu_common.cpp:139
        {"<Your funny text goes here>", "<\xe5\x9c\xa8\xe6\xad\xa4\xe5\xa1\xab\xe5\x85\xa5\xe4\xbd\xa0\xe7\x9a\x84\xe5\xb9\xbd\xe9\xbb\x98\xe6\x96\x87\xe5\xad\x97>"}, // menu_common.cpp:142
        {"Auto", "\xe8\x87\xaa\xe5\x8a\xa8"}, // menu_common.cpp:1083,6753,6756,6876
        {"Input", "\xe8\xbe\x93\xe5\x85\xa5"}, // menu_common.cpp:3843,5183
        {"Opti", "OptiScaler"}, // menu_common.cpp:3843
        {"Display Res. MV", "\xe6\x98\xbe\xe7\xa4\xba\xe5\x88\x86\xe8\xbe\xa8\xe7\x8e\x87\xe8\xbf\x90\xe5\x8a\xa8\xe5\x90\x91\xe9\x87\x8f"}, // menu_common.cpp:5801
        {"React. Mask Bias", "\xe5\x8f\x8d\xe5\xba\x94\xe6\x8e\xa9\xe8\x86\x9c\xe5\x81\x8f\xe7\xbd\xae"}, // menu_common.cpp:5845
        {"You shouldn't need to change it", "\xe4\xbd\xa0\xe9\x80\x9a\xe5\xb8\xb8\xe4\xb8\x8d\xe9\x9c\x80\xe8\xa6\x81\xe6\x94\xb9\xe5\x8f\x98\xe5\xae\x83"}, // menu_common.cpp:5789
        {"Might help with purple hue in some games", "\xe5\x8f\xaf\xe8\x83\xbd\xe5\xb8\xae\xe5\x8a\xa9\xe8\xa7\xa3\xe5\x86\xb3\xe6\x9f\x90\xe4\xba\x9b\xe6\xb8\xb8\xe6\x88\x8f\xe4\xb8\xad\xe7\x9a\x84\xe7\xb4\xab\xe8\x89\xb2\xe8\x89\xb2\xe8\xb0\x83\xe9\x97\xae\xe9\xa2\x98"}, // menu_common.cpp:5798
        {"Fix for games that send motion data with preapplied jitter", "\xe4\xbf\xae\xe5\xa4\x8d\xe5\x8f\x91\xe9\x80\x81\xe5\xb8\xa6\xe9\xa2\x84\xe5\xba\x94\xe7\x94\xa8\xe6\x8a\x96\xe5\x8a\xa8\xe6\x95\xb0\xe6\x8d\xae\xe7\x9a\x84\xe6\xb8\xb8\xe6\x88\x8f"}, // menu_common.cpp:5828
        {"Values above 0 activate usage of Reactive mask", "\xe9\xab\x98\xe4\xba\x8e 0 \xe7\x9a\x84\xe5\x80\xbc\xe5\x90\xaf\xe7\x94\xa8\xe5\x8f\x8d\xe5\xba\x94\xe6\x8e\xa9\xe8\x86\x9c"}, // menu_common.cpp:5848
        {"Option disabled because the game doesn't provide a Reactive mask", "\xe6\xad\xa4\xe9\x80\x89\xe9\xa1\xb9\xe5\xb7\xb2\xe7\xa6\x81\xe7\x94\xa8\xef\xbc\x8c\xe5\x9b\xa0\xe4\xb8\xba\xe6\xb8\xb8\xe6\x88\x8f\xe6\x9c\xaa\xe6\x8f\x90\xe4\xbe\x9b\xe5\x8f\x8d\xe5\xba\x94\xe6\x8e\xa9\xe8\x86\x9c"}, // menu_common.cpp:5769
        {"Depth values will be divided to this value", "\xe6\xb7\xb1\xe5\xba\xa6\xe5\x80\xbc\xe5\xb0\x86\xe9\x99\xa4\xe4\xbb\xa5\xe6\xad\xa4\xe5\x80\xbc"}, // menu_common.cpp:4730
        {"Controls sharpness at high contrast areas.", "\xe5\x9c\xa8\xe9\xab\x98\xe5\xaf\xb9\xe6\xaf\x94\xe5\xba\xa6\xe5\x8c\xba\xe5\x9f\x9f\xe6\x8e\xa7\xe5\x88\xb6\xe9\x94\x90\xe5\x8c\x96\xe5\xba\xa6"}, // menu_common.cpp:5459
        {"Display only FSR 3.1 Generated frames", "\xe4\xbb\x85\xe6\x98\xbe\xe7\xa4\xba FSR 3.1 \xe7\x94\x9f\xe6\x88\x90\xe7\x9a\x84\xe5\xb8\xa7"}, // menu_common.cpp:4007
        {"List of FGs reported by FFX SDK", "FFX SDK \xe6\x8a\xa5\xe5\x91\x8a\xe7\x9a\x84\xe5\xb8\xa7\xe7\x94\x9f\xe6\x88\x90\xe5\x88\x97\xe8\xa1\xa8"}, // menu_common.cpp:3924
        {"Resets Frame generation rectangle", "\xe9\x87\x8d\xe7\xbd\xae\xe5\xb8\xa7\xe7\x94\x9f\xe6\x88\x90\xe7\x9f\xa9\xe5\xbd\xa2"}, // menu_common.cpp:4072
        {"Use height difference as offset", "\xe4\xbd\xbf\xe7\x94\xa8\xe9\xab\x98\xe5\xba\xa6\xe5\xb7\xae\xe5\x80\xbc\xe4\xbd\x9c\xe4\xb8\xba\xe5\x81\x8f\xe7\xa7\xbb\xe9\x87\x8f"}, // menu_common.cpp:4558
        {"Fix for DLSS-D wrong depth inputs", "\xe4\xbf\xae\xe5\xa4\x8d DLSS-D \xe9\x94\x99\xe8\xaf\xaf\xe7\x9a\x84\xe6\xb7\xb1\xe5\xba\xa6\xe8\xbe\x93\xe5\x85\xa5"}, // menu_common.cpp:4546
        {"Enable XeFG Debug view", "\xe5\x90\xaf\xe7\x94\xa8 XeFG \xe8\xb0\x83\xe8\xaf\x95\xe8\xa7\x86\xe5\x9b\xbe"}, // menu_common.cpp:4287
        {"Enable HUD stability fix, might cause crashes!", "\xe5\x90\xaf\xe7\x94\xa8 HUD \xe7\xa8\xb3\xe5\xae\x9a\xe6\x80\xa7\xe4\xbf\xae\xe5\xa4\x8d\xef\xbc\x8c\xe5\x8f\xaf\xe8\x83\xbd\xe5\xaf\xbc\xe8\x87\xb4\xe5\xb4\xa9\xe6\xba\x83\xef\xbc\x81"}, // menu_common.cpp:4493
        {"Enables drawing of Interpolation skip lines", "\xe5\x90\xaf\xe7\x94\xa8\xe7\xbb\x98\xe5\x88\xb6\xe6\x8f\x92\xe5\x80\xbc\xe8\xb7\xb3\xe8\xbf\x87\xe7\xba\xbf"}, // menu_common.cpp:4016
        {"Enables drawing of Pacing lines", "\xe5\x90\xaf\xe7\x94\xa8\xe7\xbb\x98\xe5\x88\xb6\xe8\x8a\x82\xe5\xa5\x8f\xe7\xba\xbf"}, // menu_common.cpp:4033
        {"Enables drawing of Tear and Interpolation skip lines", "\xe5\x90\xaf\xe7\x94\xa8\xe7\xbb\x98\xe5\x88\xb6\xe6\x92\x95\xe8\xa3\x82\xe5\x92\x8c\xe6\x8f\x92\xe5\x80\xbc\xe8\xb7\xb3\xe8\xbf\x87\xe7\xba\xbf"}, // menu_common.cpp:4024
        {"Enables sharpness adjustments according to the motion", "\xe6\xa0\xb9\xe6\x8d\xae\xe8\xbf\x90\xe5\x8a\xa8\xe8\xb0\x83\xe6\x95\xb4\xe9\x94\x90\xe5\x8c\x96\xe5\xba\xa6"}, // menu_common.cpp:5364
        {"Might help achieve better image quality", "\xe5\x8f\xaf\xe8\x83\xbd\xe6\x9c\x89\xe5\x8a\xa9\xe4\xba\x8e\xe5\xae\x9e\xe7\x8e\xb0\xe6\x9b\xb4\xe5\xa5\xbd\xe7\x9a\x84\xe5\x9b\xbe\xe5\x83\x8f\xe8\xb4\xa8\xe9\x87\x8f"}, // menu_common.cpp:4991,4998
        {"Apply same override value to all textures", "\xe5\xb0\x86\xe7\x9b\xb8\xe5\x90\x8c\xe7\x9a\x84\xe8\xa6\x86\xe5\x86\x99\xe5\x80\xbc\xe5\xba\x94\xe7\x94\xa8\xe4\xba\x8e\xe6\x89\x80\xe6\x9c\x89\xe7\xba\xb9\xe7\x90\x86"}, // menu_common.cpp:6648
        {"Delay HUDless capture, high values might cause crash!", "\xe5\xbb\xb6\xe8\xbf\x9f HUDless \xe6\x8d\x95\xe8\x8e\xb7\xef\xbc\x8c\xe8\xbf\x87\xe9\xab\x98\xe7\x9a\x84\xe5\x80\xbc\xe5\x8f\xaf\xe8\x83\xbd\xe5\xaf\xbc\xe8\x87\xb4\xe5\xb4\xa9\xe6\xba\x83\xef\xbc\x81"}, // menu_common.cpp:4510
        {"Flip Velocity & Depth resources of Unity games", "\xe4\xba\xa4\xe6\x8d\xa2 Unity \xe6\xb8\xb8\xe6\x88\x8f\xe7\x9a\x84\xe9\x80\x9f\xe5\xba\xa6\xe5\x92\x8c\xe6\xb7\xb1\xe5\xba\xa6\xe8\xb5\x84\xe6\xba\x90"}, // menu_common.cpp:4551
        {"Frame generation rectangle, adjust for letterboxed content", "\xe5\xb8\xa7\xe7\x94\x9f\xe6\x88\x90\xe7\x9f\xa9\xe5\xbd\xa2\xef\xbc\x8c\xe9\x80\x82\xe5\xba\x94\xe9\x81\xae\xe7\xbd\xa9\xe5\xbc\x8f\xe5\x86\x85\xe5\xae\xb9"}, // menu_common.cpp:4058
        {"Allows WaitForSingleObject instead of spinning for fence value", "\xe5\x85\x81\xe8\xae\xb8 WaitForSingleObject \xe6\x9b\xbf\xe4\xbb\xa3\xe7\xad\x89\xe5\xbe\x85 fence \xe5\x80\xbc\xe7\x9a\x84\xe8\x87\xaa\xe5\xae\xa3\xe8\xbd\xac"}, // menu_common.cpp:4134
        {"Enable Async for better FG performance\nMight cause crashes, especially with HUD Fix!", "\xe5\x90\xaf\xe7\x94\xa8\xe5\xbc\x82\xe6\xad\xa5\xe4\xbb\xa5\xe8\x8e\xb7\xe5\xbe\x97\xe6\x9b\xb4\xe5\xa5\xbd\xe7\x9a\x84 FG \xe6\x80\xa7\xe8\x83\xbd\n\xe5\x8f\xaf\xe8\x83\xbd\xe5\xaf\xbc\xe8\x87\xb4\xe5\xb4\xa9\xe6\xba\x83\xef\xbc\x8c\xe5\xb0\xa4\xe5\x85\xb6\xe6\x98\xaf\xe5\xbc\x80\xe5\x90\xaf HUD \xe4\xbf\xae\xe5\xa4\x8d\xe6\x97\xb6"}, // menu_common.cpp:3960
        {"Some Unreal Engine games need this\n\nTry using if colours flickering or\nobjects have ghosting trails", "\xe6\x9f\x90\xe4\xba\x9b Unreal Engine \xe6\xb8\xb8\xe6\x88\x8f\xe9\x9c\x80\xe8\xa6\x81\xe6\xad\xa4\xe9\x80\x89\xe9\xa1\xb9\n\n\xe5\xa6\x82\xe6\x9e\x9c\xe9\xa2\x9c\xe8\x89\xb2\xe9\x97\xaa\xe7\x83\x81\xe6\x88\x96\xe7\x89\xa9\xe4\xbd\x93\xe5\x87\xba\xe7\x8e\xb0\xe5\xb9\xbb\xe5\xbd\xb1\xe8\xbd\xa8\xe8\xbf\xb9\xef\xbc\x8c\xe8\xaf\xb7\xe5\xb0\x9d\xe8\xaf\x95"}, // menu_common.cpp:5735
        {"Allows the use of a Reactive mask\nKeep in mind that a Reactive mask sent to DLSS\nwill not produce a good image in combination with FSR/XeSS", "\xe5\x85\x81\xe8\xae\xb8\xe4\xbd\xbf\xe7\x94\xa8\xe5\x8f\x8d\xe5\xba\x94\xe6\x8e\xa9\xe8\x86\x9c\n\xe8\xaf\xb7\xe8\xae\xb0\xe4\xbd\x8f\xef\xbc\x8c\xe5\x8f\x91\xe9\x80\x81\xe7\xbb\x99 DLSS \xe7\x9a\x84\xe5\x8f\x8d\xe5\xba\x94\xe6\x8e\xa9\xe8\x86\x9c\n\xe4\xb8\x8e FSR/XeSS \xe7\xbb\x93\xe5\x90\x88\xe4\xb8\x8d\xe4\xbc\x9a\xe4\xba\xa7\xe7\x94\x9f\xe8\x89\xaf\xe5\xa5\xbd\xe7\x9a\x84\xe5\x9b\xbe\xe5\x83\x8f"}, // menu_common.cpp:5765
        {"The data source to be used for FG\n\nAuto = let OptiScaler decide based on context\nOpti = Use OptiScaler frame generation\nInput = Use the Frame Gen from the input upscaler", "\xe7\x94\xa8\xe4\xba\x8e FG \xe7\x9a\x84\xe6\x95\xb0\xe6\x8d\xae\xe6\xba\x90\n\n\xe8\x87\xaa\xe5\x8a\xa8 = \xe8\xae\xa9 OptiScaler \xe6\xa0\xb9\xe6\x8d\xae\xe4\xb8\x8a\xe4\xb8\x8b\xe6\x96\x87\xe5\x86\xb3\xe5\xae\x9a\nOptiScaler = \xe4\xbd\xbf\xe7\x94\xa8 OptiScaler \xe5\xb8\xa7\xe7\x94\x9f\xe6\x88\x90\n\xe8\xbe\x93\xe5\x85\xa5 = \xe4\xbd\xbf\xe7\x94\xa8\xe8\xbe\x93\xe5\x85\xa5\xe8\xb6\x85\xe5\x88\x86\xe8\xbe\xa8\xe7\x8e\x87\xe5\x99\xa8\xe7\x9a\x84\xe5\xb8\xa7\xe7\x94\x9f\xe6\x88\x90"}, // menu_common.cpp:3563
        {"Enable Frame Generation\n\nDLSSG requires dlssg_to_fsr3_amd_is_better.dll", "\xe5\x90\xaf\xe7\x94\xa8\xe5\xb8\xa7\xe7\x94\x9f\xe6\x88\x90\n\nDLSSG \xe9\x9c\x80\xe8\xa6\x81 dlssg_to_fsr3_amd_is_better.dll"}, // menu_common.cpp:3945,4230,4388
        {"Will use more VRAM, but Uniscaler needs this\nMaybe some other games might need too", "\xe4\xbc\x9a\xe6\xb6\x88\xe8\x80\x97\xe6\x9b\xb4\xe5\xa4\x9a\xe6\x98\xbe\xe5\xad\x98\xef\xbc\x8c\xe4\xbd\x86 Uniscaler \xe9\x9c\x80\xe8\xa6\x81\xe6\xad\xa4\xe9\x80\x89\xe9\xa1\xb9\n\xe5\x85\xb6\xe4\xbb\x96\xe4\xb8\x80\xe4\xba\x9b\xe6\xb8\xb8\xe6\x88\x8f\xe5\x8f\xaf\xe8\x83\xbd\xe4\xb9\x9f\xe9\x9c\x80\xe8\xa6\x81"}, // menu_common.cpp:3791,menu_common.cpp:3800
        {"Number of frames the FG is allowed to be ahead of the game\nMight prevent FG on/off switching, but also might cause issues", "FG \xe5\x85\x81\xe8\xae\xb8\xe6\x8f\x90\xe5\x89\x8d\xe4\xba\x8e\xe6\xb8\xb8\xe6\x88\x8f\xe7\x9a\x84\xe5\xb8\xa7\xe6\x95\xb0\n\xe5\x8f\xaf\xe8\x83\xbd\xe9\x98\xb2\xe6\xad\xa2 FG \xe5\xbc\x80\xe5\x85\xb3\xe5\x88\x87\xe6\x8d\xa2\xef\xbc\x8c\xe4\xbd\x86\xe4\xb9\x9f\xe5\x8f\xaf\xe8\x83\xbd\xe5\xbc\x95\xe8\xb5\xb7\xe9\x97\xae\xe9\xa2\x98"}, // menu_common.cpp:3836
        {"Select source for frametime\nMight help frame pacing and stutter issues", "\xe9\x80\x89\xe6\x8b\xa9\xe5\xb8\xa7\xe6\x97\xb6\xe9\x97\xb4\xe6\xba\x90\n\xe5\x8f\xaf\xe8\x83\xbd\xe5\xb8\xae\xe5\x8a\xa9\xe8\xa7\xa3\xe5\x86\xb3\xe5\xb8\xa7\xe8\x8a\x82\xe5\xa5\x8f\xe5\x92\x8c\xe5\x8d\xa1\xe9\xa1\xbf\xe9\x97\xae\xe9\xa2\x98"}, // menu_common.cpp:3874
        {"Make a copy of motion vectors to use with OptiFG\nFor preventing corruptions that might happen", "\xe5\xa4\x8d\xe5\x88\xb6\xe8\xbf\x90\xe5\x8a\xa8\xe5\x90\x91\xe9\x87\x8f\xe4\xbe\x9b OptiFG \xe4\xbd\xbf\xe7\x94\xa8\n\xe7\x94\xa8\xe4\xba\x8e\xe9\x98\xb2\xe6\xad\xa2\xe5\x8f\xaf\xe8\x83\xbd\xe5\x8f\x91\xe7\x94\x9f\xe7\x9a\x84\xe6\x8d\x9f\xe5\x9d\x8f"}, // menu_common.cpp:4717
        {"Make a copy of depth to use with OptiFG\nFor preventing corruptions that might happen", "\xe5\xa4\x8d\xe5\x88\xb6\xe6\xb7\xb1\xe5\xba\xa6\xe4\xbe\x9b OptiFG \xe4\xbd\xbf\xe7\x94\xa8\n\xe7\x94\xa8\xe4\xba\x8e\xe9\x98\xb2\xe6\xad\xa2\xe5\x8f\xaf\xe8\x83\xbd\xe5\x8f\x91\xe7\x94\x9f\xe7\x9a\x84\xe6\x8d\x9f\xe5\x9d\x8f"}, // menu_common.cpp:4723
        {"Use mutex to prevent desync of FG and crashes\nDisabling might improve the perf but decrease stability", "\xe4\xbd\xbf\xe7\x94\xa8\xe4\xba\x92\xe6\x96\xa5\xe9\x87\x8f\xe9\x98\xb2\xe6\xad\xa2 FG \xe5\xa4\xb1\xe5\x90\x8c\xe5\x92\x8c\xe5\xb4\xa9\xe6\xba\x83\n\xe5\x85\xb3\xe9\x97\xad\xe5\x8f\xaf\xe8\x83\xbd\xe6\x8f\x90\xe5\x8d\x87\xe6\x80\xa7\xe8\x83\xbd\xef\xbc\x8c\xe4\xbd\x86\xe4\xbc\x9a\xe9\x99\x8d\xe4\xbd\x8e\xe7\xa8\xb3\xe5\xae\x9a\xe6\x80\xa7"}, // menu_common.cpp:4742
        {"Areas that are more red will have more sharpness applied\nGreen areas will get reduced sharpness", "\xe6\x9b\xb4\xe7\xba\xa2\xe7\x9a\x84\xe5\x8c\xba\xe5\x9f\x9f\xe5\xb0\x86\xe5\xba\x94\xe7\x94\xa8\xe6\x9b\xb4\xe5\xa4\x9a\xe9\x94\x90\xe5\x8c\x96\n\xe7\xbb\xbf\xe8\x89\xb2\xe5\x8c\xba\xe5\x9f\x9f\xe5\xb0\x86\xe5\x87\x8f\xe5\xb0\x91\xe9\x94\x90\xe5\x8c\x96"}, // menu_common.cpp:5486
        {"Block rarely used resources from using as Hudless \nto prevent flickers and other issues\n\nHUDfix enable/disable will reset the block list!", "\xe9\x98\xbb\xe6\xad\xa2\xe5\xb0\x91\xe7\x94\xa8\xe8\xb5\x84\xe6\xba\x90\xe8\xa2\xab\xe7\x94\xa8\xe4\xbd\x9c Hudless\n\xe4\xbb\xa5\xe9\x98\xb2\xe6\xad\xa2\xe9\x97\xaa\xe7\x83\x81\xe5\x92\x8c\xe5\x85\xb6\xe4\xbb\x96\xe9\x97\xae\xe9\xa2\x98\n\nHUDfix \xe5\x90\xaf\xe7\x94\xa8/\xe7\xa6\x81\xe7\x94\xa8\xe5\xb0\x86\xe9\x87\x8d\xe7\xbd\xae\xe9\x98\xbb\xe6\xad\xa2\xe5\x88\x97\xe8\xa1\xa8"}, // menu_common.cpp:4576
        {"Relax resolution checks for Hudless by 32 pixels \nHelps games which use black borders for some \nresolutions and screen ratios (e.g. Witcher 3)", "\xe5\xb0\x86 Hudless \xe7\x9a\x84\xe5\x88\x86\xe8\xbe\xa8\xe7\x8e\x87\xe6\xa3\x80\xe6\x9f\xa5\xe6\x94\xbe\xe5\xae\xbd 32 \xe5\x83\x8f\xe7\xb4\xa0\n\xe5\xb8\xae\xe5\x8a\xa9\xe4\xbd\xbf\xe7\x94\xa8\xe9\xbb\x91\xe8\xbe\xb9\xe7\x9a\x84\xe6\xb8\xb8\xe6\x88\x8f\n\xef\xbc\x88\xe4\xbe\x8b\xe5\xa6\x82\xe7\x8c\x8e\xe9\xad\x94\xe4\xba\xba 3\xef\xbc\x89"}, // menu_common.cpp:4588
        {"Apply override value as scale multiplier\nWhen using scale mode, please use positive\noverride values to increase sharpness!", "\xe5\xb0\x86\xe8\xa6\x86\xe5\x86\x99\xe5\x80\xbc\xe4\xbd\x9c\xe4\xb8\xba\xe7\xbc\xa9\xe6\x94\xbe\xe4\xb9\x98\xe6\x95\xb0\xe5\xba\x94\xe7\x94\xa8\n\xe4\xbd\xbf\xe7\x94\xa8\xe7\xbc\xa9\xe6\x94\xbe\xe6\xa8\xa1\xe5\xbc\x8f\xe6\x97\xb6\xef\xbc\x8c\xe8\xaf\xb7\xe4\xbd\xbf\xe7\x94\xa8\xe6\xad\xa3\xe5\x80\xbc\n\xe6\x9d\xa5\xe5\xa2\x9e\xe5\x8a\xa0\xe9\x94\x90\xe5\x8c\x96\xe5\xba\xa6\xef\xbc\x81"}, // menu_common.cpp:6664
        {"Mostly a fix for Unreal Engine games\nTop left part of the screen will be blurry", "\xe4\xb8\xbb\xe8\xa6\x81\xe9\x92\x88\xe5\xaf\xb9 Unreal Engine \xe6\xb8\xb8\xe6\x88\x8f\xe7\x9a\x84\xe4\xbf\xae\xe5\xa4\x8d\n\xe5\xb1\x8f\xe5\xb9\x95\xe5\xb7\xa6\xe4\xb8\x8a\xe8\xa7\x92\xe9\x83\xa8\xe5\x88\x86\xe5\xb0\x86\xe5\x8f\x98\xe6\xa8\xa1\xe7\xb3\x8a"}, // menu_common.cpp:5816
        {"Enable DLSS-FG in-game", "\xe5\x9c\xa8\xe6\xb8\xb8\xe6\x88\x8f\xe4\xb8\xad\xe5\x90\xaf\xe7\x94\xa8 DLSS-FG"}, // menu_common.cpp:3471
        {"Uses frametimes provided by\nDLSSG or FSR-FG ", "\xe4\xbd\xbf\xe7\x94\xa8 DLSSG \xe6\x88\x96 FSR-FG\n\xe6\x8f\x90\xe4\xbe\x9b\xe7\x9a\x84\xe5\xb8\xa7\xe6\x97\xb6\xe9\x97\xb4 "}, // menu_common.cpp:3844
        {"It\u2019s too blurry to go alone, take RCAS with you", "\xe5\xa4\xaa\xe6\xa8\xa1\xe7\xb3\x8a\xe4\xba\x86\xef\xbc\x8c\xe5\xb8\xa6\xe4\xb8\x8a RCAS \xe5\x90\xa7"}, // menu_common.cpp:93
        {"Enable OptiScaler's sharpening filter\nBy default uses a sharpening value provided by the game\nSelect 'Override' under 'Sharpness' and adjust the slider\nto change it\n\nSome upscalers have their own sharpness filter, so this\noption is not always needed", "\xe5\x90\xaf\xe7\x94\xa8 OptiScaler \xe7\x9a\x84\xe9\x94\x90\xe5\x8c\x96\xe6\xbb\xa4\xe9\x95\x9c\n\xe9\xbb\x98\xe8\xae\xa4\xe4\xbd\xbf\xe7\x94\xa8\xe6\xb8\xb8\xe6\x88\x8f\xe6\x8f\x90\xe4\xbe\x9b\xe7\x9a\x84\xe9\x94\x90\xe5\x8c\x96\xe5\x80\xbc\n\xe5\x9c\xa8 Sharpness \xe4\xb8\x8b\xe9\x80\x89\xe6\x8b\xa9 Override \xe5\xb9\xb6\xe8\xb0\x83\xe6\x95\xb4\xe6\xbb\x91\xe5\x9d\x97\n\xe4\xbb\xa5\xe6\x9b\xb4\xe6\x94\xb9\xe5\xae\x83\n\n\xe6\x9f\x90\xe4\xba\x9b\xe8\xb6\x85\xe5\x88\x86\xe8\xbe\xa8\xe7\x8e\x87\xe6\x9c\x89\xe5\xae\x83\xe8\x87\xaa\xe5\xb7\xb1\xe7\x9a\x84\xe9\x94\x90\xe5\x8c\x96\xe6\xbb\xa4\xe9\x95\x9c\xef\xbc\x8c\xe5\x9b\xa0\xe6\xad\xa4\n\xe5\xb9\xb6\xe4\xb8\x8d\xe6\x80\xbb\xe6\x98\xaf\xe9\x9c\x80\xe8\xa6\x81\xe6\xad\xa4\xe9\x80\x89\xe9\xa1\xb9"}, // menu_common.cpp:5310
        {"Use AMD's RCAS\nModified to add Contrast parameter\nand MAS support", "\xe4\xbd\xbf\xe7\x94\xa8 AMD \xe7\x9a\x84 RCAS\n\xe5\xb7\xb2\xe4\xbf\xae\xe6\x94\xb9\xe4\xbb\xa5\xe6\xb7\xbb\xe5\x8a\xa0\xe5\xaf\xb9\xe6\xaf\x94\xe5\xba\xa6\xe5\x8f\x82\xe6\x95\xb0\n\xe5\x92\x8c MAS \xe6\x94\xaf\xe6\x8c\x81"}, // menu_common.cpp:5326
        {"Use Depth Aware Sharpening (RCAS)\nSmarter sharpening with less artifacts,\nbut also heavier\n\nThe farther away is the object, the more\nsharpening is applied", "\xe4\xbd\xbf\xe7\x94\xa8\xe6\xb7\xb1\xe5\xba\xa6\xe6\x84\x9f\xe7\x9f\xa5\xe9\x94\x90\xe5\x8c\x96 (RCAS)\n\xe6\x9b\xb4\xe6\x99\xba\xe8\x83\xbd\xe7\x9a\x84\xe9\x94\x90\xe5\x8c\x96\xef\xbc\x8c\xe4\xbc\xaa\xe5\xbd\xb1\xe6\x9b\xb4\xe5\xb0\x91\xef\xbc\x8c\n\xe4\xbd\x86\xe5\xbc\x80\xe9\x94\x80\xe4\xb9\x9f\xe6\x9b\xb4\xe5\xa4\xa7\n\n\xe7\x89\xa9\xe4\xbd\x93\xe8\xb6\x8a\xe8\xbf\x9c\xef\xbc\x8c\n\xe5\xba\x94\xe7\x94\xa8\xe7\x9a\x84\xe9\x94\x90\xe5\x8c\x96\xe8\xb6\x8a\xe5\xa4\x9a"}, // menu_common.cpp:5338
        {"Use Depth Aware Sharpening (DAS)\nDepth-aware directional adaptive luma sharpener\nSmarter sharpening with less artifacts,\nbut also heavier\n\nThe farther away is the object, the more\nsharpening is applied", "\xe4\xbd\xbf\xe7\x94\xa8\xe6\xb7\xb1\xe5\xba\xa6\xe6\x84\x9f\xe7\x9f\xa5\xe9\x94\x90\xe5\x8c\x96 (DAS)\n\xe6\xb7\xb1\xe5\xba\xa6\xe6\x84\x9f\xe7\x9f\xa5\xe6\x96\xb9\xe5\x90\x91\xe8\x87\xaa\xe9\x80\x82\xe5\xba\x94\xe4\xba\xae\xe5\xba\xa6\xe9\x94\x90\xe5\x8c\x96\xe5\x99\xa8\n\xe6\x9b\xb4\xe6\x99\xba\xe8\x83\xbd\xe7\x9a\x84\xe9\x94\x90\xe5\x8c\x96\xef\xbc\x8c\xe4\xbc\xaa\xe5\xbd\xb1\xe6\x9b\xb4\xe5\xb0\x91\xef\xbc\x8c\n\xe4\xbd\x86\xe5\xbc\x80\xe9\x94\x80\xe4\xb9\x9f\xe6\x9b\xb4\xe5\xa4\xa7\n\n\xe7\x89\xa9\xe4\xbd\x93\xe8\xb6\x8a\xe8\xbf\x9c\xef\xbc\x8c\n\xe5\xba\x94\xe7\x94\xa8\xe7\x9a\x84\xe9\x94\x90\xe5\x8c\x96\xe8\xb6\x8a\xe5\xa4\x9a"}, // menu_common.cpp:5352
        {"Most games use non-linear depth, but\nDLSS-D might need this option to be enabled.\nCould be verified via Debug view", "\xe5\xa4\xa7\xe5\xa4\x9a\xe6\x95\xb0\xe6\xb8\xb8\xe6\x88\x8f\xe4\xbd\xbf\xe7\x94\xa8\xe9\x9d\x9e\xe7\xba\xbf\xe6\x80\xa7\xe6\xb7\xb1\xe5\xba\xa6\xef\xbc\x8c\xe4\xbd\x86\nDLSS-D \xe5\x8f\xaf\xe8\x83\xbd\xe9\x9c\x80\xe8\xa6\x81\xe5\x90\xaf\xe7\x94\xa8\xe6\xad\xa4\xe9\x80\x89\xe9\xa1\xb9\xe3\x80\x82\n\xe5\x8f\xaf\xe4\xbb\xa5\xe9\x80\x9a\xe8\xbf\x87\xe8\xb0\x83\xe8\xaf\x95\xe8\xa7\x86\xe5\x9b\xbe\xe9\xaa\x8c\xe8\xaf\x81"}, // [not in menu files]
        {"Enable DAS debug view\n\nBlue tint for detected edges", "\xe5\x90\xaf\xe7\x94\xa8 DAS \xe8\xb0\x83\xe8\xaf\x95\xe8\xa7\x86\xe5\x9b\xbe\n\n\xe6\xa3\x80\xe6\xb5\x8b\xe5\x88\xb0\xe7\x9a\x84\xe8\xbe\xb9\xe7\xbc\x98\xe6\x98\xbe\xe7\xa4\xba\xe8\x93\x9d\xe8\x89\xb2\xe8\xb0\x83"}, // [not in menu files]
        {"Can help with blurry textures in broken games\nNegative values will make textures sharper\nPositive values will make textures more blurry\n\nHas a small performance impact", "\xe6\x9c\x89\xe5\x8a\xa9\xe4\xba\x8e\xe4\xbf\xae\xe5\xa4\x8d\xe6\x9c\x89\xe9\x97\xae\xe9\xa2\x98\xe7\x9a\x84\xe6\xb8\xb8\xe6\x88\x8f\xe4\xb8\xad\xe6\xa8\xa1\xe7\xb3\x8a\xe7\x9a\x84\xe7\xba\xb9\xe7\x90\x86\n\xe8\xb4\x9f\xe5\x80\xbc\xe4\xbc\x9a\xe4\xbd\xbf\xe7\xba\xb9\xe7\x90\x86\xe6\x9b\xb4\xe6\xb8\x85\xe6\x99\xb0\n\xe6\xad\xa3\xe5\x80\xbc\xe4\xbc\x9a\xe4\xbd\xbf\xe7\xba\xb9\xe7\x90\x86\xe6\x9b\xb4\xe6\xa8\xa1\xe7\xb3\x8a\n\n\xe5\xaf\xb9\xe6\x80\xa7\xe8\x83\xbd\xe5\xbd\xb1\xe5\x93\x8d\xe8\xbe\x83\xe5\xb0\x8f"}, // menu_common.cpp:6631
        {"Override all textures mipmap values\nNormally OptiScaler only overrides\nbelow zero mipmap values!", "\xe8\xa6\x86\xe7\x9b\x96\xe6\x89\x80\xe6\x9c\x89\xe7\xba\xb9\xe7\x90\x86\xe7\x9a\x84 Mipmap \xe5\x80\xbc\n\xe9\x80\x9a\xe5\xb8\xb8 OptiScaler \xe4\xbb\x85\xe8\xa6\x86\xe7\x9b\x96\n\xe5\xb0\x8f\xe4\xba\x8e\xe9\x9b\xb6\xe7\x9a\x84 Mipmap \xe5\x80\xbc"}, // menu_common.cpp:6674
        {"Ignores small depth differences before edge detection.\n\nHigher values reduce flickering and noise from minor depth changes, but may soften real geometry edges.\nLower values preserve fine detail but can cause unstable or noisy edge detection.", "\xe5\x9c\xa8\xe8\xbe\xb9\xe7\xbc\x98\xe6\xa3\x80\xe6\xb5\x8b\xe5\x89\x8d\xe5\xbf\xbd\xe7\x95\xa5\xe5\xb0\x8f\xe7\x9a\x84\xe6\xb7\xb1\xe5\xba\xa6\xe5\xb7\xae\xe5\xbc\x82\xe3\x80\x82\n\n\xe8\xbe\x83\xe9\xab\x98\xe7\x9a\x84\xe5\x80\xbc\xe5\x8f\xaf\xe5\x87\x8f\xe5\xb0\x91\xe5\xbe\xae\xe5\xb0\x8f\xe6\xb7\xb1\xe5\xba\xa6\xe5\x8f\x98\xe5\x8c\x96\xe5\xbc\x95\xe8\xb5\xb7\xe7\x9a\x84\xe9\x97\xaa\xe7\x83\x81\xe5\x92\x8c\xe5\x99\xaa\xe7\x82\xb9\xef\xbc\x8c\xe4\xbd\x86\xe5\x8f\xaf\xe8\x83\xbd\xe4\xbc\x9a\xe8\xbd\xaf\xe5\x8c\x96\xe7\x9c\x9f\xe5\xae\x9e\xe5\x87\xa0\xe4\xbd\x95\xe8\xbe\xb9\xe7\xbc\x98\xe3\x80\x82\n\xe8\xbe\x83\xe4\xbd\x8e\xe7\x9a\x84\xe5\x80\xbc\xe4\xbf\x9d\xe7\x95\x99\xe7\xb2\xbe\xe7\xbb\x86\xe7\xbb\x86\xe8\x8a\x82\xef\xbc\x8c\xe4\xbd\x86\xe5\x8f\xaf\xe8\x83\xbd\xe5\xaf\xbc\xe8\x87\xb4\xe8\xbe\xb9\xe7\xbc\x98\xe6\xa3\x80\xe6\xb5\x8b\xe4\xb8\x8d\xe7\xa8\xb3\xe5\xae\x9a\xe6\x88\x96\xe5\xb8\xa6\xe6\x9c\x89\xe5\x99\xaa\xe7\x82\xb9\xe3\x80\x82"}, // menu_common.cpp:5404,menu_common.cpp:5428
        {"Controls how strongly sharpening is reduced across depth edges.\n\nHigher values more aggressively prevent sharpening across object boundaries (reduces halos).\nLower values allow more sharpening to pass across edges (sharper but riskier).", "\xe6\x8e\xa7\xe5\x88\xb6\xe9\x94\x90\xe5\x8c\x96\xe5\x9c\xa8\xe6\xb7\xb1\xe5\xba\xa6\xe8\xbe\xb9\xe7\xbc\x98\xe4\xb8\x8a\xe7\x9a\x84\xe5\x87\x8f\xe5\xbc\xb1\xe7\xa8\x8b\xe5\xba\xa6\xe3\x80\x82\n\n\xe8\xbe\x83\xe9\xab\x98\xe7\x9a\x84\xe5\x80\xbc\xe6\x9b\xb4\xe7\xa7\xaf\xe6\x9e\x81\xe5\x9c\xb0\xe9\x98\xb2\xe6\xad\xa2\xe9\x94\x90\xe5\x8c\x96\xe8\xb7\xa8\xe8\xb6\x8a\xe7\x89\xa9\xe4\xbd\x93\xe8\xbe\xb9\xe7\x95\x8c\xef\xbc\x88\xe5\x87\x8f\xe5\xb0\x91\xe5\x85\x89\xe6\x99\x95\xef\xbc\x89\xe3\x80\x82\n\xe8\xbe\x83\xe4\xbd\x8e\xe7\x9a\x84\xe5\x80\xbc\xe5\x85\x81\xe8\xae\xb8\xe6\x9b\xb4\xe5\xa4\x9a\xe9\x94\x90\xe5\x8c\x96\xe7\xa9\xbf\xe8\xbf\x87\xe8\xbe\xb9\xe7\xbc\x98\xef\xbc\x88\xe6\x9b\xb4\xe6\xb8\x85\xe6\x99\xb0\xe4\xbd\x86\xe9\xa3\x8e\xe9\x99\xa9\xe6\x9b\xb4\xe5\xa4\xa7\xef\xbc\x89\xe3\x80\x82"}, // menu_common.cpp:5415,menu_common.cpp:5439
        {"Positive values decrease sharpness at high contrast areas.\nNegative values increase sharpness at high contrast areas.", "\xe6\xad\xa3\xe5\x80\xbc\xe9\x99\x8d\xe4\xbd\x8e\xe9\xab\x98\xe5\xaf\xb9\xe6\xaf\x94\xe5\xba\xa6\xe5\x8c\xba\xe5\x9f\x9f\xe7\x9a\x84\xe9\x94\x90\xe5\xba\xa6\xe3\x80\x82\n\xe8\xb4\x9f\xe5\x80\xbc\xe5\xa2\x9e\xe5\x8a\xa0\xe9\xab\x98\xe5\xaf\xb9\xe6\xaf\x94\xe5\xba\xa6\xe5\x8c\xba\xe5\x9f\x9f\xe7\x9a\x84\xe9\x94\x90\xe5\xba\xa6\xe3\x80\x82"}, // menu_common.cpp:5467
        {"Maximum amount of sharpness that motion can add or remove.\n\nNegative values reduce sharpening in motion (recommended).\nPositive values increase sharpening in motion.\n\nThe final adjustment scales with motion and is capped at this value.", "\xe8\xbf\x90\xe5\x8a\xa8\xe5\x8f\xaf\xe4\xbb\xa5\xe6\xb7\xbb\xe5\x8a\xa0\xe6\x88\x96\xe7\xa7\xbb\xe9\x99\xa4\xe7\x9a\x84\xe6\x9c\x80\xe5\xa4\xa7\xe9\x94\x90\xe5\xba\xa6\xe9\x87\x8f\xe3\x80\x82\n\n\xe8\xb4\x9f\xe5\x80\xbc\xe5\x87\x8f\xe5\xb0\x91\xe8\xbf\x90\xe5\x8a\xa8\xe4\xb8\xad\xe7\x9a\x84\xe9\x94\x90\xe5\x8c\x96\xef\xbc\x88\xe6\x8e\xa8\xe8\x8d\x90\xef\xbc\x89\xe3\x80\x82\n\xe6\xad\xa3\xe5\x80\xbc\xe5\xa2\x9e\xe5\x8a\xa0\xe8\xbf\x90\xe5\x8a\xa8\xe4\xb8\xad\xe7\x9a\x84\xe9\x94\x90\xe5\x8c\x96\xe3\x80\x82\n\n\xe6\x9c\x80\xe7\xbb\x88\xe8\xb0\x83\xe6\x95\xb4\xe9\x9a\x8f\xe8\xbf\x90\xe5\x8a\xa8\xe7\xbc\xa9\xe6\x94\xbe\xef\xbc\x8c\xe5\xb9\xb6\xe4\xbb\xa5\xe6\xad\xa4\xe5\x80\xbc\xe4\xb8\xba\xe4\xb8\x8a\xe9\x99\x90\xe3\x80\x82"}, // menu_common.cpp:5494
        {"Minimum motion required before motion-based sharpening adjustment begins.\n\nHigher values ignore small movements (more stable).\nLower values react to subtle motion (more sensitive).", "\xe5\x9f\xba\xe4\xba\x8e\xe8\xbf\x90\xe5\x8a\xa8\xe7\x9a\x84\xe9\x94\x90\xe5\x8c\x96\xe8\xb0\x83\xe6\x95\xb4\xe5\xbc\x80\xe5\xa7\x8b\xe5\x89\x8d\xe6\x89\x80\xe9\x9c\x80\xe7\x9a\x84\xe6\x9c\x80\xe5\xb0\x8f\xe8\xbf\x90\xe5\x8a\xa8\xe9\x87\x8f\xe3\x80\x82\n\n\xe8\xbe\x83\xe9\xab\x98\xe7\x9a\x84\xe5\x80\xbc\xe5\xbf\xbd\xe7\x95\xa5\xe5\xb0\x8f\xe8\xbf\x90\xe5\x8a\xa8\xef\xbc\x88\xe6\x9b\xb4\xe7\xa8\xb3\xe5\xae\x9a\xef\xbc\x89\xe3\x80\x82\n\xe8\xbe\x83\xe4\xbd\x8e\xe7\x9a\x84\xe5\x80\xbc\xe5\xaf\xb9\xe7\xbb\x86\xe5\xbe\xae\xe8\xbf\x90\xe5\x8a\xa8\xe6\x9c\x89\xe5\x8f\x8d\xe5\xba\x94\xef\xbc\x88\xe6\x9b\xb4\xe6\x95\x8f\xe6\x84\x9f\xef\xbc\x89\xe3\x80\x82"}, // menu_common.cpp:5504
        {"Defines the motion range over which the effect ramps from zero to full strength.\n\nValues above the threshold are mapped into this range.\nLarger values make the response smoother and more gradual.\nSmaller values make the effect react more quickly and aggressively.", "\xe5\xae\x9a\xe4\xb9\x89\xe6\x95\x88\xe6\x9e\x9c\xe4\xbb\x8e\xe9\x9b\xb6\xe5\x88\xb0\xe5\xae\x8c\xe5\x85\xa8\xe5\xbc\xba\xe5\xba\xa6\xe7\x9a\x84\xe8\xbf\x90\xe5\x8a\xa8\xe8\x8c\x83\xe5\x9b\xb4\xe3\x80\x82\n\n\xe9\xab\x98\xe4\xba\x8e\xe9\x98\x88\xe5\x80\xbc\xe7\x9a\x84\xe5\x80\xbc\xe8\xa2\xab\xe6\x98\xa0\xe5\xb0\x84\xe5\x88\xb0\xe6\xad\xa4\xe8\x8c\x83\xe5\x9b\xb4\xe5\x86\x85\xe3\x80\x82\n\xe8\xbe\x83\xe5\xa4\xa7\xe7\x9a\x84\xe5\x80\xbc\xe4\xbd\xbf\xe5\x93\x8d\xe5\xba\x94\xe6\x9b\xb4\xe5\xb9\xb3\xe6\xbb\x91\xe3\x80\x81\xe6\x9b\xb4\xe6\xb8\x90\xe8\xbf\x9b\xe3\x80\x82\n\xe8\xbe\x83\xe5\xb0\x8f\xe7\x9a\x84\xe5\x80\xbc\xe4\xbd\xbf\xe6\x95\x88\xe6\x9e\x9c\xe5\x8f\x8d\xe5\xba\x94\xe6\x9b\xb4\xe5\xbf\xab\xe3\x80\x81\xe6\x9b\xb4\xe7\xa7\xaf\xe6\x9e\x81\xe3\x80\x82"}, // menu_common.cpp:5513

        // ===== 0.10 New Strings =====
        {"An active limit of 0 means auto-detect the display refresh rate", "\xe6\xbf\x80\xe6\xb4\xbb\xe9\x99\x90\xe5\x88\xb6\xe4\xb8\xba 0 \xe8\xa1\xa8\xe7\xa4\xba\xe8\x87\xaa\xe5\x8a\xa8\xe6\xa3\x80\xe6\xb5\x8b\xe6\x98\xbe\xe7\xa4\xba\xe5\x88\xb7\xe6\x96\xb0\xe7\x8e\x87"}, // menu_common.cpp:3675,4438
        {"Apply Target", "\xe5\xba\x94\xe7\x94\xa8\xe7\x9b\xae\xe6\xa0\x87"}, // menu_common.cpp:3675,4440
        {"Late Streamline hook detected", "\xe6\xa3\x80\xe6\xb5\x8b\xe5\x88\xb0\xe8\xbf\x9f\xe5\x88\xb0\xe7\x9a\x84 Streamline \xe9\x92\xa9\xe5\xad\x90"}, // menu_common.cpp:1905
        {"Consider renaming OptiScaler from %s to other supported name.\nYou may experience issues otherwise.", "\xe8\x80\x83\xe8\x99\x91\xe5\xb0\x86 OptiScaler \xe4\xbb\x8e %s \xe9\x87\x8d\xe5\x91\xbd\xe5\x90\x8d\xe4\xb8\xba\xe5\x85\xb6\xe4\xbb\x96\xe6\x94\xaf\xe6\x8c\x81\xe7\x9a\x84\xe5\x90\x8d\xe7\xa7\xb0\xe3\x80\x82\n\xe5\x90\xa6\xe5\x88\x99\xe5\x8f\xaf\xe8\x83\xbd\xe4\xbc\x9a\xe9\x81\x87\xe5\x88\xb0\xe9\x97\xae\xe9\xa2\x98"}, // menu_common.cpp:1910
        {"Current Preset: Default", "\xe5\xbd\x93\xe5\x89\x8d\xe9\xa2\x84\xe8\xae\xbe: \xe9\xbb\x98\xe8\xae\xa4"}, // menu_common.cpp:3270,3298
        {"Current Preset: %c", "\xe5\xbd\x93\xe5\x89\x8d\xe9\xa2\x84\xe8\xae\xbe: %c"}, // menu_common.cpp:3270,3298
        {"DA + MAS Debug", "DA + MAS \xe8\xb0\x83\xe8\xaf\x95"}, // menu_common.cpp:5369
        {"Display only XeFG generated frames", "\xe4\xbb\x85\xe6\x98\xbe\xe7\xa4\xba XeFG \xe7\x94\x9f\xe6\x88\x90\xe7\x9a\x84\xe5\xb8\xa7"}, // menu_common.cpp:4305
        {"DLSS Enabler as dlss-enabler-headless.dll\nSelect DLSS-FG in-game", "\xe9\x80\x9a\xe8\xbf\x87 dlss-enabler-headless.dll \xe5\x90\xaf\xe7\x94\xa8 DLSS\n\xe5\x9c\xa8\xe6\xb8\xb8\xe6\x88\x8f\xe4\xb8\xad\xe9\x80\x89\xe6\x8b\xa9 DLSS-FG"}, // menu_common.cpp:4774
        {"Force Dynamic MFG", "\xe5\xbc\xba\xe5\x88\xb6\xe5\x8a\xa8\xe6\x80\x81 MFG"}, // menu_common.cpp:3665,4429
        {"Force XeLL", "\xe5\xbc\xba\xe5\x88\xb6 XeLL"}, // menu_common.cpp:5223
        {"Frame Generation (FSR3-MFG via DLSS Enabler)", "\xe5\xb8\xa7\xe7\x94\x9f\xe6\x88\x90 (FSR3-MFG \xe9\x80\x9a\xe8\xbf\x87 DLSS Enabler)"}, // menu_common.cpp:4773
        {"Frame Generation (Streamline FG Inputs)", "\xe5\xb8\xa7\xe7\x94\x9f\xe6\x88\x90 (Streamline FG \xe8\xbe\x93\xe5\x85\xa5)"}, // menu_common.cpp:4913
        {"FSR Anti-Lag 2.0 is the new name for AntiLag 2\nDon't ask me why", "FSR Anti-Lag 2.0 \xe6\x98\xaf AntiLag 2 \xe7\x9a\x84\xe6\x96\xb0\xe5\x90\x8d\xe7\xa7\xb0\n\xe5\x88\xab\xe9\x97\xae\xe6\x88\x91\xe4\xb8\xba\xe4\xbb\x80\xe4\xb9\x88"}, // menu_common.cpp:5092
        {"If you are using an AMD/Intel GPU, then make sure you have Fakenvapi", "\xe5\xa6\x82\xe6\x9e\x9c\xe4\xbd\xbf\xe7\x94\xa8 AMD/Intel \xe6\x98\xbe\xe5\x8d\xa1\xef\xbc\x8c\xe8\xaf\xb7\xe7\xa1\xae\xe4\xbf\x9d\xe6\x82\xa8\xe6\x9c\x89 Fakenvapi"}, // menu_common.cpp:4801
        {"Menu Theme and Color", "\xe8\x8f\x9c\xe5\x8d\x95\xe4\xb8\xbb\xe9\xa2\x98\xe5\x92\x8c\xe9\xa2\x9c\xe8\x89\xb2"}, // menu_common.cpp:6017
        {"Missing the dlssg_to_fsr3_amd_is_better.dll file", "\xe7\xbc\xba\xe5\xb0\x91 dlssg_to_fsr3_amd_is_better.dll \xe6\x96\x87\xe4\xbb\xb6"}, // menu_common.cpp:3515
        {"No support", "\xe4\xb8\x8d\xe6\x94\xaf\xe6\x8c\x81"}, // menu_common.cpp:5193,5194
        {"Override DLSSG", "\xe8\xa6\x86\xe7\x9b\x96 DLSSG"}, // menu_common.cpp:3627
        {"Reset Accent Color", "\xe9\x87\x8d\xe7\xbd\xae\xe5\xbc\xba\xe8\xb0\x83\xe8\x89\xb2"}, // menu_common.cpp:6223
        {"Reset Target", "\xe9\x87\x8d\xe7\xbd\xae\xe7\x9b\xae\xe6\xa0\x87"}, // menu_common.cpp:3685,4447
        {"Save INI", "\xe4\xbf\x9d\xe5\xad\x98 INI"}, // menu_common.cpp:6906
        {"Set DLSSG interpolation count", "\xe8\xae\xbe\xe7\xbd\xae DLSSG \xe6\x8f\x92\xe5\x80\xbc\xe8\xae\xa1\xe6\x95\xb0"}, // menu_common.cpp:4420
        {"Unsupported API", "\xe4\xb8\x8d\xe6\x94\xaf\xe6\x8c\x81\xe7\x9a\x84 API"}, // menu_common.cpp:3422,3442,3453,3457,3482,3508,3509,3518,3522,3526
        {"Unsupported hardware", "\xe4\xb8\x8d\xe6\x94\xaf\xe6\x8c\x81\xe7\x9a\x84\xe7\xa1\xac\xe4\xbb\xb6"}, // menu_common.cpp:3484
        {"Uses Reflex when possible\nOn AMD/Intel cards, you can use Fakenvapi to substitute Reflex", "\xe4\xbc\x98\xe5\x85\x88\xe4\xbd\xbf\xe7\x94\xa8 Reflex\n\xe5\x9c\xa8 AMD/Intel \xe5\x8d\xa1\xe4\xb8\x8a\xef\xbc\x8c\xe5\x8f\xaf\xe4\xbd\xbf\xe7\x94\xa8 Fakenvapi \xe4\xbb\xa3\xe6\x9b\xbf Reflex"}, // menu_common.cpp:5041
        {"Use Game's Reflex Markers", "\xe4\xbd\xbf\xe7\x94\xa8\xe6\xb8\xb8\xe6\x88\x8f\xe7\x9a\x84 Reflex \xe6\xa0\x87\xe8\xae\xb0"}, // menu_common.cpp:4459
        {"Using RTSS Reflex injection with FSR Anti-Lag 2.0 and FSR FG might cause issues", "\xe4\xbd\xbf\xe7\x94\xa8 RTSS Reflex \xe6\xb3\xa8\xe5\x85\xa5\xe3\x80\x81" "FSR Anti-Lag 2.0 \xe5\x92\x8c FSR FG \xe5\x8f\xaf\xe8\x83\xbd\xe5\xbc\x95\xe8\xb5\xb7\xe9\x97\xae\xe9\xa2\x98"}, // menu_common.cpp:5068
        {"OFF", "\xe5\x85\xb3\xe9\x97\xad"}, // menu_common.cpp:4318,4741,4809,4854
        {"ON", "\xe5\xbc\x80\xe5\x90\xaf"}, // menu_common.cpp:4803,4848
        {"ON {}x", "\xe5\xbc\x80\xe5\x90\xaf {}x"}, // menu_common.cpp:4314,4737

        // ===== 0.10 New Splash Texts =====
        {"*On a generative damage control mode at geometry level*", "*\xe5\x9c\xa8\xe5\x87\xa0\xe4\xbd\x95\xe7\xba\xa7\xe5\x88\xab\xe4\xb8\x8a\xe5\xa4\x84\xe4\xba\x8e\xe7\x94\x9f\xe6\x88\x90\xe5\xbc\x8f\xe6\x8d\x9f\xe5\xae\xb3\xe6\x8e\xa7\xe5\x88\xb6\xe6\xa8\xa1\xe5\xbc\x8f*"}, // menu_common.cpp:134
        {"Did you really just pay 70 EUR for this game?!", "\xe4\xbd\xa0\xe7\x9c\x9f\xe7\x9a\x84\xe8\x8a\xb1\xe4\xba\x86 70 \xe6\xac\xa7\xe5\x85\x83\xe4\xb9\xb0\xe8\xbf\x99\xe4\xb8\xaa\xe6\xb8\xb8\xe6\x88\x8f\xef\xbc\x9f\xef\xbc\x81"}, // menu_common.cpp:122
        {"Fake it til you bake it", "\xe8\xa3\x85\xe5\x88\xb0\xe4\xbd\xa0\xe6\x88\x90\xe5\x8a\x9f"}, // menu_common.cpp:132
        {"FSR4 DP4a wenETA, AMD plz", "FSR4 DP4a \xe4\xbb\x80\xe4\xb9\x88\xe6\x97\xb6\xe5\x80\x99\xe6\x9c\x89\xef\xbc\x8c" "AMD \xe6\xb1\x82\xe6\xb1\x82\xe4\xba\x86"}, // menu_common.cpp:97
        {"It's over, DLSS, I have the higher ground!", "\xe7\xbb\x93\xe6\x9d\x9f\xe4\xba\x86\xef\xbc\x8c" "DLSS\xef\xbc\x8c\xe6\x88\x91\xe5\x8d\xa0\xe6\x8d\xae\xe9\xab\x98\xe5\x9c\xb0\xef\xbc\x81"}, // menu_common.cpp:74
        {"Like going in the first gear on the highway", "\xe5\xb0\xb1\xe5\x83\x8f\xe5\x9c\xa8\xe9\xab\x98\xe9\x80\x9f\xe4\xb8\x8a\xe6\x8c\x82\xe4\xb8\x80\xe6\xa1\xa3"}, // menu_common.cpp:140
        {"MFG totally works with Nukem's 100%% no scam", "MFG \xe5\xae\x8c\xe5\x85\xa8\xe9\x80\x82\xe9\x85\x8d Nukem \xe7\x9a\x84\xef\xbc\x8c" "100%% \xe7\xbb\x9d\xe9\x9d\x9e\xe9\xaa\x97\xe5\xb1\x80"}, // menu_common.cpp:89
        {"Mostly stable, unlike the driver", "\xe5\x9f\xba\xe6\x9c\xac\xe7\xa8\xb3\xe5\xae\x9a\xef\xbc\x8c\xe4\xb8\x8d\xe5\x83\x8f\xe9\xa9\xb1\xe5\x8a\xa8\xe7\xa8\x8b\xe5\xba\x8f"}, // menu_common.cpp:128
        {"My 8 points are floating", "\xe6\x88\x91\xe7\x9a\x84 8 \xe4\xb8\xaa\xe7\x82\xb9\xe9\x83\xbd\xe6\x98\xaf\xe6\xb5\xae\xe7\x82\xb9"}, // menu_common.cpp:130
        {"Nitec's Bizarre Upscaling", "Nitec \xe7\x9a\x84\xe6\x80\xaa\xe5\xbc\x82\xe8\xb6\x85\xe5\x88\x86\xe8\xbe\xa8\xe7\x8e\x87"}, // menu_common.cpp:141
        {"\"Framegen really attracts some strange clientelle\"", "\"\xe5\xb8\xa7\xe7\x94\x9f\xe6\x88\x90\xe7\xa1\xae\xe5\xae\x9e\xe5\x90\xb8\xe5\xbc\x95\xe4\xba\x86\xe4\xb8\x80\xe4\xba\x9b\xe5\xa5\x87\xe6\x80\xaa\xe7\x9a\x84\xe5\xae\xa2\xe6\x88\xb7\""}, // menu_common.cpp:186
        {"How to remove those corny messages?!", "\xe5\xa6\x82\xe4\xbd\x95\xe5\x88\xa0\xe9\x99\xa4\xe8\xbf\x99\xe4\xba\x9b\xe4\xb9\xb3\xe9\x85\x8b\xe7\x9a\x84\xe6\xb6\x88\xe6\x81\xaf?!"}, // menu_common.cpp
        {"No floating here - I'm strictly between -128 and 127", "\xe8\xbf\x99\xe9\x87\x8c\xe6\xb2\xa1\xe6\x9c\x89\xe6\xb5\xae\xe7\x82\xb9\xe2\x80\x94\xe6\x88\x91\xe4\xb8\xa5\xe6\xa0\xbc\xe5\x9c\xa8 -128 \xe5\x88\xb0 127 \xe4\xb9\x8b\xe9\x97\xb4"}, // menu_common.cpp:131
        {"Vul... what? ~AMD", "Vul... \xe4\xbb\x80\xe4\xb9\x88\xef\xbc\x9f ~AMD"}, // menu_common.cpp:129
        {"Worst case just turn it off and on", "\xe6\x9c\x80\xe5\x9d\x8f\xe6\x83\x85\xe5\x86\xb5\xe5\x85\xb3\xe6\x8e\x89\xe5\x86\x8d\xe5\xbc\x80"}, // menu_common.cpp:133

        // ===== ##2 variant keys =====
        {"Active##4", "\xe5\x90\xaf\xe7\x94\xa8"}, // menu_common.cpp:4379
        {"Frame generation rectangle, adjust for letterboxed content##2", "\xe5\xb8\xa7\xe7\x94\x9f\xe6\x88\x90\xe7\x9f\xa9\xe5\xbd\xa2\xef\xbc\x8c\xe9\x80\x82\xe5\xba\x94\xe9\x81\xae\xe7\xbd\xa9\xe5\xbc\x8f\xe5\x86\x85\xe5\xae\xb9"}, // menu_common.cpp:4333
        {"Resets Frame generation rectangle##2", "\xe9\x87\x8d\xe7\xbd\xae\xe5\xb8\xa7\xe7\x94\x9f\xe6\x88\x90\xe7\x9f\xa9\xe5\xbd\xa2"}, // menu_common.cpp:4347
        // ===== 0.10 New multi-line strings =====
        {"Always track resources, might cause performance issues\n, but also might fix HUDFix related crashes!", "\xe5\xa7\x8b\xe7\xbb\x88\xe8\xb7\x9f\xe8\xb8\xaa\xe8\xb5\x84\xe6\xba\x90\xef\xbc\x8c\xe5\x8f\xaf\xe8\x83\xbd\xe4\xbc\x9a\xe5\xaf\xbc\xe8\x87\xb4\xe6\x80\xa7\xe8\x83\xbd\xe9\x97\xae\xe9\xa2\x98\n\xef\xbc\x8c\xe4\xbd\x86\xe4\xb9\x9f\xe5\x8f\xaf\xe8\x83\xbd\xe4\xbf\xae\xe5\xa4\x8d HUDFix \xe7\x9b\xb8\xe5\x85\xb3\xe5\xb4\xa9\xe6\xba\x83\xef\xbc\x81"}, // menu_common.cpp:4640
        // ===== New strings from review =====
        {"Makes a copy of the depth buffer\nCan fix broken visuals in some games on AMD GPUs under Windows\nCan cause stutters, so best to use only when necessary", // menu_common.cpp:4835
         "\xe5\x88\x9b\xe5\xbb\xba\xe6\xb7\xb1\xe5\xba\xa6\xe7\xbc\x93\xe5\x86\xb2\xe5\x8c\xba\xe7\x9a\x84\xe5\x89\xaf\xe6\x9c\xac\n\xe5\x8f\xaf\xe4\xbb\xa5\xe4\xbf\xae\xe5\xa4\x8d\xe6\x9f\x90\xe4\xba\x9b\xe6\xb8\xb8\xe6\x88\x8f\xe5\x9c\xa8 AMD Windows GPU \xe4\xb8\x8a\xe7\x9a\x84\xe8\xa7\x86\xe8\xa7\x89\xe9\x97\xae\xe9\xa2\x98\n\xe5\x8f\xaf\xe8\x83\xbd\xe5\xaf\xbc\xe8\x87\xb4\xe5\x8d\xa1\xe9\xa1\xbf\xef\xbc\x8c\xe6\x9c\x80\xe5\xa5\xbd\xe4\xbb\x85\xe5\x9c\xa8\xe5\xbf\x85\xe8\xa6\x81\xe6\x97\xb6\xe4\xbd\xbf\xe7\x94\xa8"},
        {"Using a subset of features from DLSS Enabler", "\xe4\xbd\xbf\xe7\x94\xa8 DLSS Enabler \xe7\x9a\x84\xe9\x83\xa8\xe5\x88\x86\xe5\x8a\x9f\xe8\x83\xbd"}, // menu_common.cpp:4715
        {"Please put dlssg_to_fsr3_amd_is_better.dll or dlss-enabler-headless.dll next to OptiScaler", "\xe8\xaf\xb7\xe5\xb0\x86 dlssg_to_fsr3_amd_is_better.dll \xe6\x88\x96 dlss-enabler-headless.dll \xe6\x94\xbe\xe5\x9c\xa8 OptiScaler \xe6\x97\x81\xe8\xbe\xb9"}, // menu_common.cpp:4710
        // ===== Missing ShowHelpMarker strings =====
        {"This usually happens due to using tools\nsuch as Nvidia App or Nvidia Inspector",
         "\xe8\xbf\x99\xe7\xa7\x8d\xe6\x83\x85\xe5\x86\xb5\xe9\x80\x9a\xe5\xb8\xb8\xe6\x98\xaf\xe5\x9b\xa0\xe4\xb8\xba\xe4\xbd\xbf\xe7\x94\xa8\xe4\xba\x86\x20\x4e\x76\x69\x64\x69\x61\x20\x41\x70\x70\x20\xe6\x88\x96\x20\x4e\x76\x69\x64\x69\x61\x20\x49\x6e\x73\x70\x65\x63\x74\x6f\x72\x20\xe7\xad\x89\xe5\xb7\xa5\xe5\x85\xb7\xe5\xaf\xbc\xe8\x87\xb4\xe7\x9a\x84"}, // menu_common.cpp:3217
        {"Cutoffs transparency from UI to help with interpolation\nYou can use Show Detected UI to see the difference\n0.0 is auto",
         "\xe4\xbb\x8e\x20\x55\x49\x20\xe4\xb8\xad\xe8\xa3\x81\xe5\x88\x87\xe9\x80\x8f\xe6\x98\x8e\xe5\xba\xa6\xe4\xbb\xa5\xe5\xb8\xae\xe5\x8a\xa9\xe6\x8f\x92\xe5\x80\xbc\x0a\xe6\x82\xa8\xe5\x8f\xaf\xe4\xbb\xa5\xe4\xbd\xbf\xe7\x94\xa8\x20\x53\x68\x6f\x77\x20\x44\x65\x74\x65\x63\x74\x65\x64\x20\x55\x49\x20\xe6\x9f\xa5\xe7\x9c\x8b\xe5\x8c\xba\xe5\x88\xab\x0a\x30\x2e\x30\x20\xe4\xb8\xba\xe8\x87\xaa\xe5\x8a\xa8"}, // menu_common.cpp:3854
        {"Enable FSR3.1-FG Debug view\n\nTop left: Game Motion Vectors\nTop middle: GMV Depth\nTop right: Optical Flow MV\nMiddle: Interpolated frame only\nBottom left: Disocclusion mask\nBottom middle: Interpolation source (w/o UI)\nBottom right: HUDless resource", "\xe5\x90\xaf\xe7\x94\xa8\x20\x46\x53\x52\x33\x2e\x31\x2d\x46\x47\x20\xe8\xb0\x83\xe8\xaf\x95\xe8\xa7\x86\xe5\x9b\xbe\x0a\x0a\xe5\xb7\xa6\xe4\xb8\x8a\xef\xbc\x9a\xe6\xb8\xb8\xe6\x88\x8f\xe8\xbf\x90\xe5\x8a\xa8\xe7\x9f\xa2\xe9\x87\x8f\x0a\xe5\xb7\xa6\xe4\xb8\xad\xef\xbc\x9a\x47\x4d\x56\x20\xe6\xb7\xb1\xe5\xba\xa6\x0a\xe5\x8f\xb3\xe4\xb8\x8a\xef\xbc\x9a\xe5\x85\x89\xe6\xb5\x81\x20\x4d\x56\x0a\xe4\xb8\xad\xe9\x97\xb4\xef\xbc\x9a\xe4\xbb\x85\xe6\x8f\x92\xe5\x80\xbc\xe5\xb8\xa7\x0a\xe5\xb7\xa6\xe4\xb8\x8b\xef\xbc\x9a\xe5\x8e\xbb\xe9\x81\xae\xe6\x8c\xa1\xe9\x81\xae\xe7\xbd\xa9\x0a\xe4\xb8\xad\xe4\xb8\x8b\xef\xbc\x9a\xe6\x8f\x92\xe5\x80\xbc\xe6\xba\x90\xef\xbc\x88\xe4\xb8\x8d\xe5\x90\xab\x20\x55\x49\xef\xbc\x89\x0a\xe5\x8f\xb3\xe4\xb8\x8b\xef\xbc\x9a\x48\x55\x44\x6c\x65\x73\x73\x20\xe8\xb5\x84\xe6\xba\x90"}, // menu_common.cpp:3944
        {"After changing this option, please Save INI\nIt will be applied on next launch.",
         "\xe6\x9b\xb4\xe6\x94\xb9\xe6\xad\xa4\xe9\x80\x89\xe9\xa1\xb9\xe5\x90\x8e\xef\xbc\x8c\xe8\xaf\xb7\xe4\xbf\x9d\xe5\xad\x98\x20\x49\x4e\x49\x0a\xe5\xb0\x86\xe5\x9c\xa8\xe4\xb8\x8b\xe6\xac\xa1\xe5\x90\xaf\xe5\x8a\xa8\xe6\x97\xb6\xe7\x94\x9f\xe6\x95\x88"}, // menu_common.cpp:3964
        {"Safety margins in millisecons\nFSR default value: 0.1ms\nOpti default value: 0.01ms",
         "\xe5\xae\x89\xe5\x85\xa8\xe4\xbd\x99\xe9\x87\x8f\xef\xbc\x88\xe6\xaf\xab\xe7\xa7\x92\xef\xbc\x89\x0a\x46\x53\x52\x20\xe9\xbb\x98\xe8\xae\xa4\xe5\x80\xbc\xef\xbc\x9a\x30\x2e\x31\x6d\x73\x0a\x4f\x70\x74\x69\x20\xe9\xbb\x98\xe8\xae\xa4\xe5\x80\xbc\xef\xbc\x9a\x30\x2e\x30\x31\x6d\x73"}, // menu_common.cpp:4069
        {"Variance factor\nFSR default value: 0.1\nOpti default value: 0.3",
         "\xe6\x96\xb9\xe5\xb7\xae\xe5\x9b\xa0\xe5\xad\x90\x0a\x46\x53\x52\x20\xe9\xbb\x98\xe8\xae\xa4\xe5\x80\xbc\xef\xbc\x9a\x30\x2e\x31\x0a\x4f\x70\x74\x69\x20\xe9\xbb\x98\xe8\xae\xa4\xe5\x80\xbc\xef\xbc\x9a\x30\x2e\x33"}, // menu_common.cpp:4076
        {"Allows pacing spinlock to sleep, should reduce CPU usage\nMight cause slow ramp up of FPS",
         "\xe5\x85\x81\xe8\xae\xb8\x20\x70\x61\x63\x69\x6e\x67\x20\xe8\x87\xaa\xe6\x97\x8b\xe9\x94\x81\xe4\xbc\x91\xe7\x9c\xa0\xef\xbc\x8c\xe5\x8f\xaf\xe9\x99\x8d\xe4\xbd\x8e\x20\x43\x50\x55\x20\xe4\xbd\xbf\xe7\x94\xa8\xe7\x8e\x87\x0a\xe5\x8f\xaf\xe8\x83\xbd\xe5\xaf\xbc\xe8\x87\xb4\x20\x46\x50\x53\x20\xe4\xb8\x8a\xe5\x8d\x87\xe7\xbc\x93\xe6\x85\xa2"}, // menu_common.cpp:4084
        {"How long to spin if FPTHybridSpin is true. Measured in timer resolution units.\nNot recommended to go below 2. Will result in frequent overshoots",
         "\x46\x50\x54\x48\x79\x62\x72\x69\x64\x53\x70\x69\x6e\x20\xe4\xb8\xba\x20\x74\x72\x75\x65\x20\xe6\x97\xb6\xe7\x9a\x84\xe8\x87\xaa\xe6\x97\x8b\xe6\x97\xb6\xe9\x95\xbf\xe3\x80\x82\xe4\xbb\xa5\xe8\xae\xa1\xe6\x97\xb6\xe5\x99\xa8\xe5\x88\x86\xe8\xbe\xa8\xe7\x8e\x87\xe5\x8d\x95\xe4\xbd\x8d\xe8\xae\xa1\xe9\x87\x8f\xe3\x80\x82\x0a\xe4\xb8\x8d\xe5\xbb\xba\xe8\xae\xae\xe4\xbd\x8e\xe4\xba\x8e\x20\x32\xef\xbc\x8c\xe5\x90\xa6\xe5\x88\x99\xe4\xbc\x9a\xe5\xaf\xbc\xe8\x87\xb4\xe9\xa2\x91\xe7\xb9\x81\xe8\xb6\x85\xe8\xb0\x83"}, // menu_common.cpp:4091
        {"Ignores all prechecks for XeFG\nDon't use this option to skip MV size warning for UE games!\nIt might cause crashes and bad IQ!",
         "\xe5\xbf\xbd\xe7\x95\xa5\x20\x58\x65\x46\x47\x20\xe7\x9a\x84\xe6\x89\x80\xe6\x9c\x89\xe9\xa2\x84\xe6\xa3\x80\x0a\xe4\xb8\x8d\xe8\xa6\x81\xe7\x94\xa8\xe6\xad\xa4\xe9\x80\x89\xe9\xa1\xb9\xe8\xb7\xb3\xe8\xbf\x87\x20\x55\x45\x20\xe6\xb8\xb8\xe6\x88\x8f\xe7\x9a\x84\x20\x4d\x56\x20\xe5\xb0\xba\xe5\xaf\xb8\xe8\xad\xa6\xe5\x91\x8a\xef\xbc\x81\x0a\xe5\x8f\xaf\xe8\x83\xbd\xe5\xaf\xbc\xe8\x87\xb4\xe5\xb4\xa9\xe6\xba\x83\xe5\x92\x8c\xe7\x94\xbb\xe8\xb4\xa8\xe4\xb8\x8b\xe9\x99\x8d\xef\xbc\x81"}, // menu_common.cpp:4182
        {"Disable HUD/UI interpolation\nReverts back to previous XeFG 2 behaviour\n\nFixes artifacting transparent HUD/UI",
         "\xe7\xa6\x81\xe7\x94\xa8\x20\x48\x55\x44\x2f\x55\x49\x20\xe6\x8f\x92\xe5\x80\xbc\x0a\xe8\xbf\x98\xe5\x8e\x9f\xe4\xb8\xba\xe4\xb9\x8b\xe5\x89\x8d\xe7\x9a\x84\x20\x58\x65\x46\x47\x20\x32\x20\xe8\xa1\x8c\xe4\xb8\xba\x0a\x0a\xe4\xbf\xae\xe5\xa4\x8d\xe9\x80\x8f\xe6\x98\x8e\x20\x48\x55\x44\x2f\x55\x49\x20\xe7\x9a\x84\xe4\xbc\xaa\xe5\xbd\xb1\xe9\x97\xae\xe9\xa2\x98"}, // menu_common.cpp:4240
        {"Forces Borderless display mode\n\nFor best results, set fullscreen \nresolution to your display resolution\nMight cause some instability issues.\n\nNEEDS GAME RESTART TO BE ACTIVE!",
         "\xe5\xbc\xba\xe5\x88\xb6\xe6\x97\xa0\xe8\xbe\xb9\xe6\xa1\x86\xe6\x98\xbe\xe7\xa4\xba\xe6\xa8\xa1\xe5\xbc\x8f\x0a\x0a\xe4\xb8\xba\xe8\x8e\xb7\xe5\xbe\x97\xe6\x9c\x80\xe4\xbd\xb3\xe6\x95\x88\xe6\x9e\x9c\xef\xbc\x8c\xe8\xaf\xb7\xe5\xb0\x86\xe5\x85\xa8\xe5\xb1\x8f\xe5\x88\x86\xe8\xbe\xa8\xe7\x8e\x87\x0a\xe8\xae\xbe\xe7\xbd\xae\xe4\xb8\xba\xe6\x98\xbe\xe7\xa4\xba\xe5\x99\xa8\xe5\x88\x86\xe8\xbe\xa8\xe7\x8e\x87\x0a\xe5\x8f\xaf\xe8\x83\xbd\xe5\xaf\xbc\xe8\x87\xb4\xe4\xb8\x80\xe4\xba\x9b\xe4\xb8\x8d\xe7\xa8\xb3\xe5\xae\x9a\xe9\x97\xae\xe9\xa2\x98\xe3\x80\x82\x0a\x0a\xe9\x9c\x80\xe8\xa6\x81\xe9\x87\x8d\xe5\x90\xaf\xe6\xb8\xb8\xe6\x88\x8f\xe6\x89\x8d\xe8\x83\xbd\xe7\x94\x9f\xe6\x95\x88\xef\xbc\x81"}, // menu_common.cpp:4265
        {"Enables capturing of resources before shader execution.\nIncrease Hudless capture chances, but might cause capturing of unnecessary resources.",
         "\xe5\x9c\xa8\xe7\x9d\x80\xe8\x89\xb2\xe5\x99\xa8\xe6\x89\xa7\xe8\xa1\x8c\xe5\x89\x8d\xe5\x90\xaf\xe7\x94\xa8\xe8\xb5\x84\xe6\xba\x90\xe6\x8d\x95\xe8\x8e\xb7\xe3\x80\x82\x0a\xe5\x8f\xaf\xe6\x8f\x90\xe9\xab\x98\x20\x48\x75\x64\x6c\x65\x73\x73\x20\xe6\x8d\x95\xe8\x8e\xb7\xe5\x87\xa0\xe7\x8e\x87\xef\xbc\x8c\xe4\xbd\x86\xe5\x8f\xaf\xe8\x83\xbd\xe5\xaf\xbc\xe8\x87\xb4\xe6\x8d\x95\xe8\x8e\xb7\xe4\xb8\x8d\xe5\xbf\x85\xe8\xa6\x81\xe7\x9a\x84\xe8\xb5\x84\xe6\xba\x90\xe3\x80\x82"}, // menu_common.cpp:4505
        {"Disable tracking of CreateRenderTargetView\nThis might help filtering of wrong hudless resources",
         "\xe7\xa6\x81\xe7\x94\xa8\x20\x43\x72\x65\x61\x74\x65\x52\x65\x6e\x64\x65\x72\x54\x61\x72\x67\x65\x74\x56\x69\x65\x77\x20\xe7\x9a\x84\xe8\xb7\x9f\xe8\xb8\xaa\x0a\xe5\x8f\xaf\xe8\x83\xbd\xe6\x9c\x89\xe5\x8a\xa9\xe4\xba\x8e\xe8\xbf\x87\xe6\xbb\xa4\xe9\x94\x99\xe8\xaf\xaf\xe7\x9a\x84\x20\x68\x75\x64\x6c\x65\x73\x73\x20\xe8\xb5\x84\xe6\xba\x90"}, // menu_common.cpp:4615
        {"Disable tracking of CreateShaderResourceView\nThis might help filtering of wrong Hudless resources",
         "\xe7\xa6\x81\xe7\x94\xa8\x20\x43\x72\x65\x61\x74\x65\x53\x68\x61\x64\x65\x72\x52\x65\x73\x6f\x75\x72\x63\x65\x56\x69\x65\x77\x20\xe7\x9a\x84\xe8\xb7\x9f\xe8\xb8\xaa\x0a\xe5\x8f\xaf\xe8\x83\xbd\xe6\x9c\x89\xe5\x8a\xa9\xe4\xba\x8e\xe8\xbf\x87\xe6\xbb\xa4\xe9\x94\x99\xe8\xaf\xaf\xe7\x9a\x84\x20\x48\x75\x64\x6c\x65\x73\x73\x20\xe8\xb5\x84\xe6\xba\x90"}, // menu_common.cpp:4623
        {"Disable tracking of CreateUnorderedAccessView\nThis might help filtering of wrong Hudless resources",
         "\xe7\xa6\x81\xe7\x94\xa8\x20\x43\x72\x65\x61\x74\x65\x55\x6e\x6f\x72\x64\x65\x72\x65\x64\x41\x63\x63\x65\x73\x73\x56\x69\x65\x77\x20\xe7\x9a\x84\xe8\xb7\x9f\xe8\xb8\xaa\x0a\xe5\x8f\xaf\xe8\x83\xbd\xe6\x9c\x89\xe5\x8a\xa9\xe4\xba\x8e\xe8\xbf\x87\xe6\xbb\xa4\xe9\x94\x99\xe8\xaf\xaf\xe7\x9a\x84\x20\x48\x75\x64\x6c\x65\x73\x73\x20\xe8\xb5\x84\xe6\xba\x90"}, // menu_common.cpp:4629
        {"Disable tracking of OMSetRenderTargets\nThis might help filtering of wrong Hudless resources",
         "\xe7\xa6\x81\xe7\x94\xa8\x20\x4f\x4d\x53\x65\x74\x52\x65\x6e\x64\x65\x72\x54\x61\x72\x67\x65\x74\x73\x20\xe7\x9a\x84\xe8\xb7\x9f\xe8\xb8\xaa\x0a\xe5\x8f\xaf\xe8\x83\xbd\xe6\x9c\x89\xe5\x8a\xa9\xe4\xba\x8e\xe8\xbf\x87\xe6\xbb\xa4\xe9\x94\x99\xe8\xaf\xaf\xe7\x9a\x84\x20\x48\x75\x64\x6c\x65\x73\x73\x20\xe8\xb5\x84\xe6\xba\x90"}, // menu_common.cpp:4637
        {"Disable tracking of SetComputeRootDescriptorTable\nThis might help filtering of wrong Hudless resources",
         "\xe7\xa6\x81\xe7\x94\xa8\x20\x53\x65\x74\x43\x6f\x6d\x70\x75\x74\x65\x52\x6f\x6f\x74\x44\x65\x73\x63\x72\x69\x70\x74\x6f\x72\x54\x61\x62\x6c\x65\x20\xe7\x9a\x84\xe8\xb7\x9f\xe8\xb8\xaa\x0a\xe5\x8f\xaf\xe8\x83\xbd\xe6\x9c\x89\xe5\x8a\xa9\xe4\xba\x8e\xe8\xbf\x87\xe6\xbb\xa4\xe9\x94\x99\xe8\xaf\xaf\xe7\x9a\x84\x20\x48\x75\x64\x6c\x65\x73\x73\x20\xe8\xb5\x84\xe6\xba\x90"}, // menu_common.cpp:4643
        {"Disable tracking of SetGraphicsRootDescriptorTable\nThis might help filtering of wrong Hudless resources",
         "\xe7\xa6\x81\xe7\x94\xa8\x20\x53\x65\x74\x47\x72\x61\x70\x68\x69\x63\x73\x52\x6f\x6f\x74\x44\x65\x73\x63\x72\x69\x70\x74\x6f\x72\x54\x61\x62\x6c\x65\x20\xe7\x9a\x84\xe8\xb7\x9f\xe8\xb8\xaa\x0a\xe5\x8f\xaf\xe8\x83\xbd\xe6\x9c\x89\xe5\x8a\xa9\xe4\xba\x8e\xe8\xbf\x87\xe6\xbb\xa4\xe9\x94\x99\xe8\xaf\xaf\xe7\x9a\x84\x20\x48\x75\x64\x6c\x65\x73\x73\x20\xe8\xb5\x84\xe6\xba\x90"}, // menu_common.cpp:4651
        {"Disable tracking of DrawInstanced\nThis might help filtering of wrong Hudless resources",
         "\xe7\xa6\x81\xe7\x94\xa8\x20\x44\x72\x61\x77\x49\x6e\x73\x74\x61\x6e\x63\x65\x64\x20\xe7\x9a\x84\xe8\xb7\x9f\xe8\xb8\xaa\x0a\xe5\x8f\xaf\xe8\x83\xbd\xe6\x9c\x89\xe5\x8a\xa9\xe4\xba\x8e\xe8\xbf\x87\xe6\xbb\xa4\xe9\x94\x99\xe8\xaf\xaf\xe7\x9a\x84\x20\x48\x75\x64\x6c\x65\x73\x73\x20\xe8\xb5\x84\xe6\xba\x90"}, // menu_common.cpp:4659
        {"Disable tracking of DrawIndexedInstanced\nThis might help filtering of wrong Hudless resources",
         "\xe7\xa6\x81\xe7\x94\xa8\x20\x44\x72\x61\x77\x49\x6e\x64\x65\x78\x65\x64\x49\x6e\x73\x74\x61\x6e\x63\x65\x64\x20\xe7\x9a\x84\xe8\xb7\x9f\xe8\xb8\xaa\x0a\xe5\x8f\xaf\xe8\x83\xbd\xe6\x9c\x89\xe5\x8a\xa9\xe4\xba\x8e\xe8\xbf\x87\xe6\xbb\xa4\xe9\x94\x99\xe8\xaf\xaf\xe7\x9a\x84\x20\x48\x75\x64\x6c\x65\x73\x73\x20\xe8\xb5\x84\xe6\xba\x90"}, // menu_common.cpp:4667
        {"Disable tracking of Dispatch\nThis might help filtering of wrong Hudless resources",
         "\xe7\xa6\x81\xe7\x94\xa8\x20\x44\x69\x73\x70\x61\x74\x63\x68\x20\xe7\x9a\x84\xe8\xb7\x9f\xe8\xb8\xaa\x0a\xe5\x8f\xaf\xe8\x83\xbd\xe6\x9c\x89\xe5\x8a\xa9\xe4\xba\x8e\xe8\xbf\x87\xe6\xbb\xa4\xe9\x94\x99\xe8\xaf\xaf\xe7\x9a\x84\x20\x48\x75\x64\x6c\x65\x73\x73\x20\xe8\xb5\x84\xe6\xba\x90"}, // menu_common.cpp:4673
        {"Might help achieve better image quality\nAnd potentially less ghosting",
         "\xe5\x8f\xaf\xe8\x83\xbd\xe6\x9c\x89\xe5\x8a\xa9\xe4\xba\x8e\xe5\xae\x9e\xe7\x8e\xb0\xe6\x9b\xb4\xe5\xa5\xbd\xe7\x9a\x84\xe5\x9b\xbe\xe5\x83\x8f\xe8\xb4\xa8\xe9\x87\x8f\x0a\xe5\xb9\xb6\xe5\x8f\xaf\xe8\x83\xbd\xe5\x87\x8f\xe5\xb0\x91\xe9\xac\xbc\xe5\xbd\xb1"}, // menu_common.cpp:4978
        {"By default, FSR Anti-Lag 2.0/XeLL is used when available.\nThis setting lets you force LatencyFlex instead",
         "\xe9\xbb\x98\xe8\xae\xa4\xe6\x83\x85\xe5\x86\xb5\xe4\xb8\x8b\xef\xbc\x8c\xe4\xbc\x9a\xe4\xbd\xbf\xe7\x94\xa8\x20\x46\x53\x52\x20\x4c\x61\x74\x65\x6e\x63\x79\x20\x52\x65\x64\x75\x63\x74\x69\x6f\x6e\x20\x32\x2e\x30\x2f\x58\x65\x4c\x4c\xef\xbc\x88\xe5\x8f\xaf\xe7\x94\xa8\xe6\x97\xb6\xef\xbc\x89\xe3\x80\x82\x0a\xe6\xad\xa4\xe8\xae\xbe\xe7\xbd\xae\xe5\x8f\xaf\xe8\xae\xa9\xe4\xbd\xa0\xe5\xbc\xba\xe5\x88\xb6\xe4\xbd\xbf\xe7\x94\xa8\x20\x4c\x61\x74\x65\x6e\x63\x79\x46\x6c\x65\x78\x20\xe6\x9b\xbf\xe4\xbb\xa3"}, // menu_common.cpp:5181
        {"Allows XeLL to work without FG on non-Intel cards.\n\nDisables FG options\n\nRequires a restart",
         "\xe5\x85\x81\xe8\xae\xb8\x20\x58\x65\x4c\x4c\x20\xe5\x9c\xa8\xe9\x9d\x9e\x20\x49\x6e\x74\x65\x6c\x20\xe6\x98\xbe\xe5\x8d\xa1\xe4\xb8\x8a\xe6\x97\xa0\xe9\x9c\x80\x20\x46\x47\x20\xe5\xb7\xa5\xe4\xbd\x9c\xe3\x80\x82\x0a\x0a\xe7\xa6\x81\xe7\x94\xa8\x20\x46\x47\x20\xe9\x80\x89\xe9\xa1\xb9\x0a\x0a\xe9\x9c\x80\xe8\xa6\x81\xe9\x87\x8d\xe5\x90\xaf"}, // menu_common.cpp:5196
        {"Enable DA + MAS debug views\nBlue tint for DA detected edges\n\nMore red areas will have more sharpness applied\nGreen areas will get reduced sharpness",
         "\xe5\x90\xaf\xe7\x94\xa8\x20\x44\x41\x20\x2b\x20\x4d\x41\x53\x20\xe8\xb0\x83\xe8\xaf\x95\xe8\xa7\x86\xe5\x9b\xbe\x0a\x44\x41\x20\xe6\xa3\x80\xe6\xb5\x8b\xe5\x88\xb0\xe7\x9a\x84\xe8\xbe\xb9\xe7\xbc\x98\xe6\x98\xbe\xe7\xa4\xba\xe8\x93\x9d\xe8\x89\xb2\xe8\xb0\x83\x0a\x0a\xe7\xba\xa2\xe8\x89\xb2\xe5\x8c\xba\xe5\x9f\x9f\xe8\xb6\x8a\xe5\xa4\x9a\xef\xbc\x8c\xe9\x94\x90\xe5\x8c\x96\xe7\xa8\x8b\xe5\xba\xa6\xe8\xb6\x8a\xe9\xab\x98\x0a\xe7\xbb\xbf\xe8\x89\xb2\xe5\x8c\xba\xe5\x9f\x9f\xe9\x94\x90\xe5\x8c\x96\xe7\xa8\x8b\xe5\xba\xa6\xe9\x99\x8d\xe4\xbd\x8e"}, // menu_common.cpp:5341
        {"Upscales the image internally to a higher output resolution\nthen downscales it back to your display resolution\n\nValues <1.0 make the upscaler cheaper\nValues >1.0 make image sharper at the cost of performance\n\nIf greyed out, please check Git Wiki - Unreal Engine tweaks\n\nTarget res and total ratio at the bottom (max. total 3.0!)",
         "\xe5\x86\x85\xe9\x83\xa8\xe5\xb0\x86\xe5\x9b\xbe\xe5\x83\x8f\xe4\xb8\x8a\xe9\x87\x87\xe6\xa0\xb7\xe5\x88\xb0\xe6\x9b\xb4\xe9\xab\x98\xe7\x9a\x84\xe8\xbe\x93\xe5\x87\xba\xe5\x88\x86\xe8\xbe\xa8\xe7\x8e\x87\x0a\xe7\x84\xb6\xe5\x90\x8e\xe9\x99\x8d\xe9\x87\x87\xe6\xa0\xb7\xe5\x9b\x9e\xe4\xbd\xa0\xe7\x9a\x84\xe6\x98\xbe\xe7\xa4\xba\xe5\x88\x86\xe8\xbe\xa8\xe7\x8e\x87\x0a\x0a\xe5\x80\xbc\x20\x3c\x31\x2e\x30\x20\xe4\xbd\xbf\xe4\xb8\x8a\xe9\x87\x87\xe6\xa0\xb7\xe5\x99\xa8\xe6\x9b\xb4\xe7\x9c\x81\xe6\x80\xa7\xe8\x83\xbd\x0a\xe5\x80\xbc\x20\x3e\x31\x2e\x30\x20\xe4\xbd\xbf\xe5\x9b\xbe\xe5\x83\x8f\xe6\x9b\xb4\xe9\x94\x90\xe5\x88\xa9\xef\xbc\x8c\xe4\xbd\x86\xe7\x89\xba\xe7\x89\xb2\xe6\x80\xa7\xe8\x83\xbd\x0a\x0a\xe5\xa6\x82\xe6\x9e\x9c\xe7\x81\xb0\xe8\x89\xb2\xe4\xb8\x8d\xe5\x8f\xaf\xe7\x94\xa8\xef\xbc\x8c\xe8\xaf\xb7\xe6\x9f\xa5\xe7\x9c\x8b\x20\x47\x69\x74\x20\x57\x69\x6b\x69\x20\x2d\x20\x55\x6e\x72\x65\x61\x6c\x20\x45\x6e\x67\x69\x6e\x65\x20\xe8\xb0\x83\xe6\x95\xb4\x0a\x0a\xe5\xba\x95\xe9\x83\xa8\xe6\x98\xbe\xe7\xa4\xba\xe7\x9b\xae\xe6\xa0\x87\xe5\x88\x86\xe8\xbe\xa8\xe7\x8e\x87\xe5\x92\x8c\xe6\x80\xbb\xe6\xaf\x94\xe4\xbe\x8b\xef\xbc\x88\xe6\x9c\x80\xe5\xa4\xa7\xe6\x80\xbb\xe6\xaf\x94\xe4\xbe\x8b\x20\x33\x2e\x30\xef\xbc\x81\xef\xbc\x89"}, // menu_common.cpp:5589
        {"Value of 0.0f can improve temporal stability of bright pixels\nLower values are more stable with ghosting\nHigher values are more pixelly but less ghosting.",
         "\x56\x61\x6c\x75\x65\x20\x6f\x66\x20\x30\x2e\x30\x66\x20\x63\x61\x6e\x20\x69\x6d\x70\x72\x6f\x76\x65\x20\x74\x65\x6d\x70\x6f\x72\x61\x6c\x20\x73\x74\x61\x62\x69\x6c\x69\x74\x79\x20\x6f\x66\x20\x62\x72\x69\x67\x68\x74\x20\x70\x69\x78\x65\x6c\x73\x5c\x6e\x4c\x6f\x77\x65\x72\x20\x76\x61\x6c\x75\x65\x73\x20\x61\x72\x65\x20\x6d\x6f\x72\x65\x20\x73\x74\x61\x62\x6c\x65\x20\x77\x69\x74\x68\x20\x67\x68\x6f\x73\x74\x69\x6e\x67\x5c\x6e\x48\x69\x67\x68\x65\x72\x20\x76\x61\x6c\x75\x65\x73\x20\x61\x72\x65\x20\x6d\x6f\x72\x65\x20\x70\x69\x78\x65\x6c\x6c\x79\x20\x62\x75\x74\x20\x6c\x65\x73\x73\x20\x67\x68\x6f\x73\x74\x69\x6e\x67\x2e"}, // menu_common.cpp:3176
        {"Corresponds to amount of accumulation added per frame\nat pixel coordinate where disocclusion occured or when\nreactive mask value is > 0.0f. Decreasing this and \ndrawing the ghosting object (IE no mv) to reactive mask \nwith value close to 1.0f can decrease temporal ghosting.\nDecreasing this could result in more thin feature pixels flickering.",
         "\x43\x6f\x72\x72\x65\x73\x70\x6f\x6e\x64\x73\x20\x74\x6f\x20\x61\x6d\x6f\x75\x6e\x74\x20\x6f\x66\x20\x61\x63\x63\x75\x6d\x75\x6c\x61\x74\x69\x6f\x6e\x20\x61\x64\x64\x65\x64\x20\x70\x65\x72\x20\x66\x72\x61\x6d\x65\x5c\x6e\x61\x74\x20\x70\x69\x78\x65\x6c\x20\x63\x6f\x6f\x72\x64\x69\x6e\x61\x74\x65\x20\x77\x68\x65\x72\x65\x20\x64\x69\x73\x6f\x63\x63\x6c\x75\x73\x69\x6f\x6e\x20\x6f\x63\x63\x75\x72\x65\x64\x20\x6f\x72\x20\x77\x68\x65\x6e\x5c\x6e\x72\x65\x61\x63\x74\x69\x76\x65\x20\x6d\x61\x73\x6b\x20\x76\x61\x6c\x75\x65\x20\x69\x73\x20\x3e\x20\x30\x2e\x30\x66\x2e\x20\x44\x65\x63\x72\x65\x61\x73\x69\x6e\x67\x20\x74\x68\x69\x73\x20\x61\x6e\x64\x20\x5c\x6e\x64\x72\x61\x77\x69\x6e\x67\x20\x74\x68\x65\x20\x67\x68\x6f\x73\x74\x69\x6e\x67\x20\x6f\x62\x6a\x65\x63\x74\x20\x28\x49\x45\x20\x6e\x6f\x20\x6d\x76\x29\x20\x74\x6f\x20\x72\x65\x61\x63\x74\x69\x76\x65\x20\x6d\x61\x73\x6b\x20\x5c\x6e\x77\x69\x74\x68\x20\x76\x61\x6c\x75\x65\x20\x63\x6c\x6f\x73\x65\x20\x74\x6f\x20\x31\x2e\x30\x66\x20\x63\x61\x6e\x20\x64\x65\x63\x72\x65\x61\x73\x65\x20\x74\x65\x6d\x70\x6f\x72\x61\x6c\x20\x67\x68\x6f\x73\x74\x69\x6e\x67\x2e\x5c\x6e\x44\x65\x63\x72\x65\x61\x73\x69\x6e\x67\x20\x74\x68\x69\x73\x20\x63\x6f\x75\x6c\x64\x20\x72\x65\x73\x75\x6c\x74\x20\x69\x6e\x20\x6d\x6f\x72\x65\x20\x74\x68\x69\x6e\x20\x66\x65\x61\x74\x75\x72\x65\x20\x70\x69\x78\x65\x6c\x73\x20\x66\x6c\x69\x63\x6b\x65\x72\x69\x6e\x67\x2e"}, // menu_common.cpp:3204
        {"Increasing this value may reduce white pixel temporal\nflickering around swaying thin objects that are disoccluding \none another often. Too high value may increase ghosting.",
         "\x49\x6e\x63\x72\x65\x61\x73\x69\x6e\x67\x20\x74\x68\x69\x73\x20\x76\x61\x6c\x75\x65\x20\x6d\x61\x79\x20\x72\x65\x64\x75\x63\x65\x20\x77\x68\x69\x74\x65\x20\x70\x69\x78\x65\x6c\x20\x74\x65\x6d\x70\x6f\x72\x61\x6c\x5c\x6e\x66\x6c\x69\x63\x6b\x65\x72\x69\x6e\x67\x20\x61\x72\x6f\x75\x6e\x64\x20\x73\x77\x61\x79\x69\x6e\x67\x20\x74\x68\x69\x6e\x20\x6f\x62\x6a\x65\x63\x74\x73\x20\x74\x68\x61\x74\x20\x61\x72\x65\x20\x64\x69\x73\x6f\x63\x63\x6c\x75\x64\x69\x6e\x67\x20\x5c\x6e\x6f\x6e\x65\x20\x61\x6e\x6f\x74\x68\x65\x72\x20\x6f\x66\x74\x65\x6e\x2e\x20\x54\x6f\x6f\x20\x68\x69\x67\x68\x20\x76\x61\x6c\x75\x65\x20\x6d\x61\x79\x20\x69\x6e\x63\x72\x65\x61\x73\x65\x20\x67\x68\x6f\x73\x74\x69\x6e\x67\x2e"}, // menu_common.cpp:3216
        {"Select source for frametime\nMight help frame pacing and stutter issues",
         "\x53\x65\x6c\x65\x63\x74\x20\x73\x6f\x75\x72\x63\x65\x20\x66\x6f\x72\x20\x66\x72\x61\x6d\x65\x74\x69\x6d\x65\x5c\x6e\x4d\x69\x67\x68\x74\x20\x68\x65\x6c\x70\x20\x66\x72\x61\x6d\x65\x20\x70\x61\x63\x69\x6e\x67\x20\x61\x6e\x64\x20\x73\x74\x75\x74\x74\x65\x72\x20\x69\x73\x73\x75\x65\x73"}, // menu_common.cpp:3882
        {"Variance factor\nFSR default value: 0.1\nOpti default value: 0.3",
         "\x56\x61\x72\x69\x61\x6e\x63\x65\x20\x66\x61\x63\x74\x6f\x72\x5c\x6e\x46\x53\x52\x20\x64\x65\x66\x61\x75\x6c\x74\x20\x76\x61\x6c\x75\x65\x3a\x20\x30\x2e\x31\x5c\x6e\x4f\x70\x74\x69\x20\x64\x65\x66\x61\x75\x6c\x74\x20\x76\x61\x6c\x75\x65\x3a\x20\x30\x2e\x33"}, // menu_common.cpp:4082
        {"Might be required for some sets of DispatchFlags",
         "\x4d\x69\x67\x68\x74\x20\x62\x65\x20\x72\x65\x71\x75\x69\x72\x65\x64\x20\x66\x6f\x72\x20\x73\x6f\x6d\x65\x20\x73\x65\x74\x73\x20\x6f\x66\x20\x44\x69\x73\x70\x61\x74\x63\x68\x46\x6c\x61\x67\x73"}, // menu_common.cpp:4804
        {"Required for Debug flags to work correctly",
         "\x52\x65\x71\x75\x69\x72\x65\x64\x20\x66\x6f\x72\x20\x44\x65\x62\x75\x67\x20\x66\x6c\x61\x67\x73\x20\x74\x6f\x20\x77\x6f\x72\x6b\x20\x63\x6f\x72\x72\x65\x63\x74\x6c\x79"}, // menu_common.cpp:4811
        {"Use AMD's RCAS\nModified to add Contrast parameter\nand MAS support",
         "\x55\x73\x65\x20\x41\x4d\x44\x27\x73\x20\x52\x43\x41\x53\x5c\x6e\x4d\x6f\x64\x69\x66\x69\x65\x64\x20\x74\x6f\x20\x61\x64\x64\x20\x43\x6f\x6e\x74\x72\x61\x73\x74\x20\x70\x61\x72\x61\x6d\x65\x74\x65\x72\x5c\x6e\x61\x6e\x64\x20\x4d\x41\x53\x20\x73\x75\x70\x70\x6f\x72\x74"}, // menu_common.cpp:5306
        {"Use Theme Colors", "\xe4\xbd\xbf\xe7\x94\xa8\xe4\xb8\xbb\xe9\xa2\x98\xe9\xa2\x9c\xe8\x89\xb2"}, // menu_common.cpp:1373
        {"DMFG FPS Target", "DMFG FPS \xe7\x9b\xae\xe6\xa0\x87"}, // menu_common.cpp:4526
        {"Hud Cutoff", "HUD \xe6\x88\xaa\xe6\x96\xad"}, // menu_common.cpp:4584
        {"Show Debug", "\xe6\x98\xbe\xe7\xa4\xba\xe8\xb0\x83\xe8\xaf\x95"}, // menu_common.cpp:4589
        {"Default", "\xe9\xbb\x98\xe8\xae\xa4"}, // menu_common.cpp:2645
        {"Model 0", "\xe6\xa8\xa1\xe5\x9e\x8b 0"}, // menu_common.cpp:2645
        {"Model 1", "\xe6\xa8\xa1\xe5\x9e\x8b 1"}, // menu_common.cpp:2645
        {"Model 2", "\xe6\xa8\xa1\xe5\x9e\x8b 2"}, // menu_common.cpp:2645
        {"Model 3", "\xe6\xa8\xa1\xe5\x9e\x8b 3"}, // menu_common.cpp:2646
        {"Model 4", "\xe6\xa8\xa1\xe5\x9e\x8b 4"}, // menu_common.cpp:4621
        {"Model 5", "\xe6\xa8\xa1\xe5\x9e\x8b 5"}, // menu_common.cpp:2646
        {"Custom Accent Color", "\xe8\x87\xaa\xe5\xae\x9a\xe4\xb9\x89\xe5\xbc\xba\xe8\xb0\x83\xe8\x89\xb2"}, // menu_common.cpp:1369
        {"Save INI and restart to apply the changes", "\xe4\xbf\x9d\xe5\xad\x98 INI \xe5\xb9\xb6\xe9\x87\x8d\xe5\x90\xaf\xe4\xbb\xa5\xe5\xba\x94\xe7\x94\xa8\xe6\x9b\xb4\xe6\x94\xb9"}, // menu_common.cpp:1394
        {"It's too blurry to go alone, take RCAS with you", "\xe5\xa4\xaa\xe6\xa8\xa1\xe7\xb3\x8a\xe4\xba\x86\xef\xbc\x8c\xe5\xb8\xa6\xe4\xb8\x8a RCAS \xe5\x90\xa7"}, // menu_common.cpp:3557
        {"Frame Generation (DLSSG)", "\xe5\xb8\xa7\xe7\x94\x9f\xe6\x88\x90 (DLSSG)"}, // menu_common.cpp:3731
        {"Raw DispatchFlags:", "\xe5\x8e\x9f\xe5\xa7\x8b DispatchFlags:"}, // menu_common.cpp:4394
        {"Active DispatchFlags", "\xe6\xbf\x80\xe6\xb4\xbb DispatchFlags:"}, // menu_common.cpp:4416
        // ===== FG (Frame Generation) labels & tooltips =====
        {"Nukem's/Artur's DLSSG", "Nukem/Artur DLSSG"},
        {"Limited to FSR3-FG\n\nSupports Hudless out of the box\n\nUses Streamline swapchain for pacing", "\xe4\xbb\x85\xe9\x99\x90 FSR3-FG\n\n\xe5\xbc\x80\xe7\xae\xb1\xe5\x8d\xb3\xe6\x94\xaf\xe6\x8c\x81 Hudless\n\n\xe4\xbd\xbf\xe7\x94\xa8 Streamline \xe4\xba\xa4\xe6\x8d\xa2\xe9\x93\xbe\xe8\xbf\x9b\xe8\xa1\x8c\xe8\x8a\x82\xe5\xa5\x8f\xe6\x8e\xa7\xe5\x88\xb6"},
        {"FSR 3.1 FG", "FSR 3.1 FG"},
        {"Can be used with any FG Output\n\nSupports Hudless out of the box", "\xe5\x8f\xaf\xe4\xb8\x8e\xe4\xbb\xbb\xe4\xbd\x95 FG \xe8\xbe\x93\xe5\x87\xba\xe9\x85\x8d\xe5\x90\x88\xe4\xbd\xbf\xe7\x94\xa8\n\n\xe5\xbc\x80\xe7\xae\xb1\xe5\x8d\xb3\xe6\x94\xaf\xe6\x8c\x81 Hudless"},
        {"DLSSG via Streamline", "DLSSG\xef\xbc\x88\xe9\x80\x9a\xe8\xbf\x87 Streamline\xef\xbc\x89"},
        {"FSR 3.0 FG", "FSR 3.0 FG"},
        {"Upscaler must be enabled\n\nCan be used with any FG Output, but might be imperfect with some\n\nTo prevent UI glitching, HUDfix required", "\xe9\x9c\x80\xe5\x90\xaf\xe7\x94\xa8\xe8\xb6\x85\xe5\x88\x86\xe8\xbe\xa8\xe7\x8e\x87\n\n\xe5\x8f\xaf\xe4\xb8\x8e\xe4\xbb\xbb\xe4\xbd\x95 FG \xe8\xbe\x93\xe5\x87\xba\xe9\x85\x8d\xe5\x90\x88\xe4\xbd\xbf\xe7\x94\xa8\xef\xbc\x8c\xe4\xbd\x86\xe5\x8f\xaf\xe8\x83\xbd\xe5\x9c\xa8\xe6\x9f\x90\xe4\xba\x9b\xe6\x83\x85\xe5\x86\xb5\xe4\xb8\x8b\xe4\xb8\x8d\xe5\xae\x8c\xe7\xbe\x8e\n\n\xe4\xb8\xba\xe9\x98\xb2\xe6\xad\xa2 UI \xe9\x97\xaa\xe7\x83\x81\xef\xbc\x8c\xe9\x9c\x80\xe8\xa6\x81 HUDfix"},
        {"Artur's DLSSG", "Artur \xe7\x89\x88 DLSSG"},
        {"Nukem's DLSSG", "Nukem \xe7\x89\x88 DLSSG"},
        {"Support not implemented", "\xe5\xb0\x9a\xe6\x9c\xaa\xe5\xae\x9e\xe7\x8e\xb0\xe6\x94\xaf\xe6\x8c\x81"},
        {"Unsupported API", "\xe4\xb8\x8d\xe6\x94\xaf\xe6\x8c\x81\xe7\x9a\x84 API"},
        {"Unsupported hardware", "\xe4\xb8\x8d\xe6\x94\xaf\xe6\x8c\x81\xe7\x9a\x84\xe7\xa1\xac\xe4\xbb\xb6"},
        {"amd_fidelityfx_dx12.dll is missing", "\xe7\xbc\xba\xe5\xb0\x91 amd_fidelityfx_dx12.dll"},
        {"libxess_fg.dll is missing", "\xe7\xbc\xba\xe5\xb0\x91 libxess_fg.dll"},
        {"FSR3-FG Nukem/Enabler", "FSR3-FG Nukem/Enabler"},
        {"Enable DLSS-FG in-game", "\xe5\x9c\xa8\xe6\xb8\xb8\xe6\x88\x8f\xe4\xb8\xad\xe5\x90\xaf\xe7\x94\xa8 DLSS-FG"},
        {"FSR FG", "FSR FG"},
        {"FSR3/4 FG", "FSR3/4 FG"},
        {"For 40xx and above", "\xe9\x80\x82\xe7\x94\xa8\xe4\xba\x8e 40xx \xe5\x8f\x8a\xe4\xbb\xa5\xe4\xb8\x8a\xe6\x98\xbe\xe5\x8d\xa1"},
        {"DLSSG with Nvngx FG", "DLSSG \xe4\xb8\x8e Nvngx FG"},
        {"Streamline + NvngxFG", "Streamline + NvngxFG"},
        {"FSR3-MFG via DLSS Enabler", "FSR3-MFG\xef\xbc\x88\xe9\x80\x9a\xe8\xbf\x87 DLSS Enabler\xef\xbc\x89"},
        {"FSR3-FG via Nukem's", "FSR3-FG\xef\xbc\x88\xe9\x80\x9a\xe8\xbf\x87 Nukem\xef\xbc\x89"},
        {"Missing dlssg_to_fsr3_amd_is_better.dll\nor dlss-enabler-headless.dll", "\xe7\xbc\xba\xe5\xb0\x91 dlssg_to_fsr3_amd_is_better.dll\n\xe6\x88\x96 dlss-enabler-headless.dll"},
        {"Missing the dlssg_to_fsr3_amd_is_better.dll file", "\xe7\xbc\xba\xe5\xb0\x91 dlssg_to_fsr3_amd_is_better.dll \xe6\x96\x87\xe4\xbb\xb6"},
        {"The data source to be used for FG\n"
                        "The native FG which the game supports", "FG \xe6\x95\xb0\xe6\x8d\xae\xe6\x9d\xa5\xe6\xba\x90\n\xe6\xb8\xb8\xe6\x88\x8f\xe6\x94\xaf\xe6\x8c\x81\xe7\x9a\x84\xe5\x8e\x9f\xe7\x94\x9f FG"},
        {"Doesn't matter with the selected FG Source", "\xe5\x9c\xa8\xe5\xbd\x93\xe5\x89\x8d FG \xe6\x9d\xa5\xe6\xba\x90\xe4\xb8\x8b\xe6\x97\xa0\xe5\x85\xb3\xe7\xb4\xa7\xe8\xa6\x81"},
        {"The FG that you will actually be using", "\xe4\xbd\xa0\xe5\xae\x9e\xe9\x99\x85\xe4\xbd\xbf\xe7\x94\xa8\xe7\x9a\x84 FG"},
        {"Restart the game to apply correct XeFG settings!", "\xe8\xaf\xb7\xe9\x87\x8d\xe5\x90\xaf\xe6\xb8\xb8\xe6\x88\x8f\xe4\xbb\xa5\xe5\xba\x94\xe7\x94\xa8\xe6\xad\xa3\xe7\xa1\xae\xe7\x9a\x84 XeFG \xe8\xae\xbe\xe7\xbd\xae\xef\xbc\x81"},
        {"Requires disabling dilated motion vectors", "\xe9\x9c\x80\xe8\xa6\x81\xe7\xa6\x81\xe7\x94\xa8\xe6\x89\xa9\xe5\xb1\x95\xe8\xbf\x90\xe5\x8a\xa8\xe5\x90\x91\xe9\x87\x8f"},
        {"Uses frametimes provided by\nDLSSG or FSR-FG", "\xe4\xbd\xbf\xe7\x94\xa8 DLSSG \xe6\x88\x96 FSR-FG \xe6\x8f\x90\xe4\xbe\x9b\xe7\x9a\x84\xe5\xb8\xa7\xe6\x97\xb6\xe9\x97\xb4"},
        {"Uses frametimes calculated by Opti", "\xe4\xbd\xbf\xe7\x94\xa8 Opti \xe8\xae\xa1\xe7\xae\x97\xe7\x9a\x84\xe5\xb8\xa7\xe6\x97\xb6\xe9\x97\xb4"},
        {"Let XeFG to handle frametimes", "\xe8\xae\xa9 XeFG \xe5\xa4\x84\xe7\x90\x86\xe5\xb8\xa7\xe6\x97\xb6\xe9\x97\xb4"},
        {"Which copium do you choose?", "\xe4\xbd\xa0\xe9\x80\x89\xe5\x93\xaa\xe4\xb8\xaa\xef\xbc\x9f"},
        {"This setting will become active on next boot!", "\xe6\xad\xa4\xe8\xae\xbe\xe7\xbd\xae\xe5\xb0\x86\xe5\x9c\xa8\xe4\xb8\x8b\xe6\xac\xa1\xe5\x90\xaf\xe5\x8a\xa8\xe6\x97\xb6\xe7\x94\x9f\xe6\x95\x88\xef\xbc\x81"},
        // ===== DLSS Preset Tooltips =====
        {"Whatever the game uses", "\xe6\xb8\xb8\xe6\x88\x8f\xe9\xbb\x98\xe8\xae\xa4\xe4\xbd\xbf\xe7\x94\xa8\xe7\x9a\x84\xe9\xa2\x84\xe8\xae\xbe"},
        {"Intended for Performance/Balanced/Quality modes.\nAn older variant best suited to combat ghosting...\nRemoved on recent versions!", "\xe9\x80\x82\xe7\x94\xa8\xe4\xba\x8e\xe6\x80\xa7\xe8\x83\xbd/\xe5\x9d\x87\xe8\xa1\xa1/\xe8\xb4\xa8\xe9\x87\x8f\xe6\xa8\xa1\xe5\xbc\x8f\n\xe8\xbe\x83\xe6\x97\xa9\xe7\x89\x88\xe6\x9c\xac\xef\xbc\x8c\xe6\x9c\x80\xe9\x80\x82\xe5\x90\x88\xe5\xaf\xb9\xe6\x8a\x97\xe9\xac\xbc\xe5\xbd\xb1\n\xe5\xb7\xb2\xe5\x9c\xa8\xe6\x9c\x80\xe6\x96\xb0\xe7\x89\x88\xe6\x9c\xac\xe4\xb8\xad\xe5\x88\xa0\xe9\x99\xa4\xef\xbc\x81"},
        {"Intended for Ultra Performance mode.\nSimilar to Preset A...\nRemoved on recent versions!", "\xe9\x80\x82\xe7\x94\xa8\xe4\xba\x8e\xe8\xb6\x85\xe7\xba\xa7\xe6\x80\xa7\xe8\x83\xbd\xe6\xa8\xa1\xe5\xbc\x8f\n\xe4\xb8\x8e\xe9\xa2\x84\xe8\xae\xbe A \xe7\xb1\xbb\xe4\xbc\xbc\n\xe5\xb7\xb2\xe5\x9c\xa8\xe6\x9c\x80\xe6\x96\xb0\xe7\x89\x88\xe6\x9c\xac\xe4\xb8\xad\xe5\x88\xa0\xe9\x99\xa4\xef\xbc\x81"},
        {"Intended for Performance/Balanced/Quality modes.\nGenerally favors current frame information...\nRemoved on recent versions!", "\xe9\x80\x82\xe7\x94\xa8\xe4\xba\x8e\xe6\x80\xa7\xe8\x83\xbd/\xe5\x9d\x87\xe8\xa1\xa1/\xe8\xb4\xa8\xe9\x87\x8f\xe6\xa8\xa1\xe5\xbc\x8f\n\xe9\x80\x9a\xe5\xb8\xb8\xe5\x81\x8f\xe5\xa5\xbd\xe5\xbd\x93\xe5\x89\x8d\xe5\xb8\xa7\xe4\xbf\xa1\xe6\x81\xaf\n\xe5\xb7\xb2\xe5\x9c\xa8\xe6\x9c\x80\xe6\x96\xb0\xe7\x89\x88\xe6\x9c\xac\xe4\xb8\xad\xe5\x88\xa0\xe9\x99\xa4\xef\xbc\x81"},
        {"Default preset for Performance/Balanced/Quality modes;\ngenerally favors image stability.\nRemoved on recent versions!", "\xe6\x80\xa7\xe8\x83\xbd/\xe5\x9d\x87\xe8\xa1\xa1/\xe8\xb4\xa8\xe9\x87\x8f\xe6\xa8\xa1\xe5\xbc\x8f\xe7\x9a\x84\xe9\xbb\x98\xe8\xae\xa4\xe9\xa2\x84\xe8\xae\xbe\n\xe9\x80\x9a\xe5\xb8\xb8\xe5\x81\x8f\xe5\xa5\xbd\xe5\x9b\xbe\xe5\x83\x8f\xe7\xa8\xb3\xe5\xae\x9a\xe6\x80\xa7\n\xe5\xb7\xb2\xe5\x9c\xa8\xe6\x9c\x80\xe6\x96\xb0\xe7\x89\x88\xe6\x9c\xac\xe4\xb8\xad\xe5\x88\xa0\xe9\x99\xa4\xef\xbc\x81"},
        {"DLSS 3.7+, a better D preset\nRemoved on recent versions!", "DLSS 3.7+\xef\xbc\x8c\xe6\x9b\xb4\xe5\xa5\xbd\xe7\x9a\x84 D \xe9\xa2\x84\xe8\xae\xbe\n\xe5\xb7\xb2\xe5\x9c\xa8\xe6\x9c\x80\xe6\x96\xb0\xe7\x89\x88\xe6\x9c\xac\xe4\xb8\xad\xe5\x88\xa0\xe9\x99\xa4\xef\xbc\x81"},
        {"Default preset for Ultra Performance and DLAA modes\nRemoved on recent versions!", "\xe8\xb6\x85\xe7\xba\xa7\xe6\x80\xa7\xe8\x83\xbd\xe5\x92\x8c DLAA \xe6\xa8\xa1\xe5\xbc\x8f\xe7\x9a\x84\xe9\xbb\x98\xe8\xae\xa4\xe9\xa2\x84\xe8\xae\xbe\n\xe5\xb7\xb2\xe5\x9c\xa8\xe6\x9c\x80\xe6\x96\xb0\xe7\x89\x88\xe6\x9c\xac\xe4\xb8\xad\xe5\x88\xa0\xe9\x99\xa4\xef\xbc\x81"},
        {"Similar to preset K. Preset J might exhibit slightly\nless ghosting...\n1st Gen Transformer", "\xe4\xb8\x8e\xe9\xa2\x84\xe8\xae\xbe K \xe7\xb1\xbb\xe4\xbc\xbc\xef\xbc\x8c\xe9\xa2\x84\xe8\xae\xbe J \xe5\x8f\xaf\xe8\x83\xbd\xe7\x95\xa5\xe6\x9c\x89\n\xe8\xbe\x83\xe5\xb0\x91\xe7\x9a\x84\xe9\xac\xbc\xe5\xbd\xb1\n\xe7\xac\xac\xe4\xb8\x80\xe4\xbb\xa3 Transformer"},
        {"Default preset for DLAA/Balanced/Quality modes...\n1st Gen Transformer", "DLAA/\xe5\x9d\x87\xe8\xa1\xa1/\xe8\xb4\xa8\xe9\x87\x8f\xe6\xa8\xa1\xe5\xbc\x8f\xe7\x9a\x84\xe9\xbb\x98\xe8\xae\xa4\xe9\xa2\x84\xe8\xae\xbe\n\xe7\xac\xac\xe4\xb8\x80\xe4\xbb\xa3 Transformer"},
        {"Default for Ultra Perf mode\n2nd Gen Transformers", "\xe8\xb6\x85\xe7\xba\xa7\xe6\x80\xa7\xe8\x83\xbd\xe6\xa8\xa1\xe5\xbc\x8f\xe9\xbb\x98\xe8\xae\xa4\xe9\xa2\x84\xe8\xae\xbe\n\xe7\xac\xac\xe4\xba\x8c\xe4\xbb\xa3 Transformer"},
        {"Default for Perf mode\n2nd Gen Transformer", "\xe6\x80\xa7\xe8\x83\xbd\xe6\xa8\xa1\xe5\xbc\x8f\xe9\xbb\x98\xe8\xae\xa4\xe9\xa2\x84\xe8\xae\xbe\n\xe7\xac\xac\xe4\xba\x8c\xe4\xbb\xa3 Transformer"},
        {"Latest supported by the dll", "DLL \xe6\x94\xaf\xe6\x8c\x81\xe7\x9a\x84\xe6\x9c\x80\xe6\x96\xb0\xe9\xa2\x84\xe8\xae\xbe"},
        {"Preset A\nRemoved on recent versions!", "\xe9\xa2\x84\xe8\xae\xbe A\n\xe5\xb7\xb2\xe5\x9c\xa8\xe6\x9c\x80\xe6\x96\xb0\xe7\x89\x88\xe6\x9c\xac\xe4\xb8\xad\xe5\x88\xa0\xe9\x99\xa4\xef\xbc\x81"},
        {"Preset B\nRemoved on recent versions!", "\xe9\xa2\x84\xe8\xae\xbe B\n\xe5\xb7\xb2\xe5\x9c\xa8\xe6\x9c\x80\xe6\x96\xb0\xe7\x89\x88\xe6\x9c\xac\xe4\xb8\xad\xe5\x88\xa0\xe9\x99\xa4\xef\xbc\x81"},
        {"Preset C\nRemoved on recent versions!", "\xe9\xa2\x84\xe8\xae\xbe C\n\xe5\xb7\xb2\xe5\x9c\xa8\xe6\x9c\x80\xe6\x96\xb0\xe7\x89\x88\xe6\x9c\xac\xe4\xb8\xad\xe5\x88\xa0\xe9\x99\xa4\xef\xbc\x81"},
        {"Default model, Transformer", "\xe9\xbb\x98\xe8\xae\xa4\xe6\xa8\xa1\xe5\x9e\x8b\xef\xbc\x8cTransformer"},
        {"Latest Transformer model\nMust use if DoF guide is needed", "\xe6\x9c\x80\xe6\x96\xb0 Transformer \xe6\xa8\xa1\xe5\x9e\x8b\n\xe5\xa6\x82\xe9\x9c\x80\xe8\xa6\x81 DoF \xe5\xbc\x95\xe5\xaf\xbc\xe5\xbf\x85\xe9\xa1\xbb\xe4\xbd\xbf\xe7\x94\xa8"},
        {"Override Preset", "\xe8\xa6\x86\xe7\x9b\x96\xe9\xa2\x84\xe8\xae\xbe"},
        {"DLAA Preset", "DLAA \xe9\xa2\x84\xe8\xae\xbe"},
        {"UltraQ Preset", "\xe8\xb6\x85\xe7\xba\xa7\xe8\xb4\xa8\xe9\x87\x8f\xe9\xa2\x84\xe8\xae\xbe"},
        {"Quality Preset", "\xe8\xb4\xa8\xe9\x87\x8f\xe9\xa2\x84\xe8\xae\xbe"},
        {"Balanced Preset", "\xe5\x9d\x87\xe8\xa1\xa1\xe9\xa2\x84\xe8\xae\xbe"},
        {"Perf Preset", "\xe6\x80\xa7\xe8\x83\xbd\xe9\xa2\x84\xe8\xae\xbe"},
        {"UltraP Preset", "\xe8\xb6\x85\xe7\xba\xa7\xe6\x80\xa7\xe8\x83\xbd\xe9\xa2\x84\xe8\xae\xbe"},
        {"OptiScaler Update available", "OptiScaler \xe6\x9c\x89\xe6\x9b\xb4\xe6\x96\xb0\xe5\x8f\xaf\xe7\x94\xa8"},
        {"Press %s for more info", "\xe6\x8c\x89 %s \xe4\xbb\xa5\xe8\x8e\xb7\xe5\x8f\x96\xe6\x9b\xb4\xe5\xa4\x9a\xe4\xbf\xa1\xe6\x81\xaf"},
        {"Late Streamline hook detected", "\xe6\xa3\x80\xe6\xb5\x8b\xe5\x88\xb0\xe8\xbf\x9f\xe5\x88\xb0\xe7\x9a\x84 Streamline \xe9\x92\xa9\xe5\xad\x90"},
        {"Consider renaming OptiScaler from %s to other supported name.\nYou may experience issues otherwise.", "\xe8\xaf\xb7\xe8\x80\x83\xe8\x99\x91\xe5\xb0\x86 OptiScaler \xe4\xbb\x8e %s \xe9\x87\x8d\xe5\x91\xbd\xe5\x90\x8d\xe4\xb8\xba\xe5\x85\xb6\xe4\xbb\x96\xe6\x94\xaf\xe6\x8c\x81\xe7\x9a\x84\xe5\x90\x8d\xe7\xa7\xb0\xe3\x80\x82\n\xe5\x90\xa6\xe5\x88\x99\xe5\x8f\xaf\xe8\x83\xbd\xe4\xbc\x9a\xe9\x81\x87\xe5\x88\xb0\xe9\x97\xae\xe9\xa2\x98\xe3\x80\x82"},
        {"Update available: %s (current %s)", "\xe6\x9c\x89\xe6\x9b\xb4\xe6\x96\xb0\xe5\x8f\xaf\xe7\x94\xa8: %s (\xe5\xbd\x93\xe5\x89\x8d %s)"},
        {"Exist", "\xe5\xad\x98\xe5\x9c\xa8"},
        {"Don't Exist", "\xe4\xb8\x8d\xe5\xad\x98\xe5\x9c\xa8"},
        {"On", "\xe5\xbc\x80"},
        {"Off", "\xe5\x85\xb3"},
        {"None", "\xe6\x97\xa0"},
        {"Reflex", "Reflex"},
        {"XeLL", "XeLL"},
        {"Vulkan AntiLag", "Vulkan AntiLag"},
        {"FSR Anti-Lag 2.0", "FSR \xe5\xbb\xb6\xe8\xbf\x9f\xe9\x99\x8d\xe4\xbd\x8e 2.0"},
        {"LatencyFlex", "LatencyFlex"},
        {"Using RTSS Reflex injection with FSR Anti-Lag 2.0 and FSR FG might cause issues", "\xe4\xbd\xbf\xe7\x94\xa8 RTSS Reflex \xe6\xb3\xa8\xe5\x85\xa5\xe4\xb8\x8e FSR Anti-Lag 2.0 \xe5\x92\x8c FSR FG \xe5\x8f\xaf\xe8\x83\xbd\xe4\xbc\x9a\xe5\xaf\xbc\xe8\x87\xb4\xe9\x97\xae\xe9\xa2\x98"},
        {"Using upscaler data for FG", "\xe4\xbd\xbf\xe7\x94\xa8\xe8\xb6\x85\xe5\x88\x86\xe8\xbe\xa8\xe7\x8e\x87\xe6\x95\xb0\xe6\x8d\xae\xe8\xbf\x9b\xe8\xa1\x8c FG"},
        {"DLSS Enabler as dlss-enabler-headless.dll\nSelect DLSS-FG in-game", "DLSS Enabler (\xe5\x8d\xb3 dlss-enabler-headless.dll)\n\xe5\x9c\xa8\xe6\xb8\xb8\xe6\x88\x8f\xe4\xb8\xad\xe9\x80\x89\xe6\x8b\xa9 DLSS-FG"},
        {"Requires Nukem's dlssg_to_fsr3 dll\nSelect DLSS-FG in-game", "\xe9\x9c\x80\xe8\xa6\x81 Nukem \xe7\x9a\x84 dlssg_to_fsr3 dll\n\xe5\x9c\xa8\xe6\xb8\xb8\xe6\x88\x8f\xe4\xb8\xad\xe9\x80\x89\xe6\x8b\xa9 DLSS-FG"},
        {"Select FSR-FG in-game", "\xe5\x9c\xa8\xe6\xb8\xb8\xe6\x88\x8f\xe4\xb8\xad\xe9\x80\x89\xe6\x8b\xa9 FSR-FG"},
        {"Select DLSS-FG in-game", "\xe5\x9c\xa8\xe6\xb8\xb8\xe6\x88\x8f\xe4\xb8\xad\xe9\x80\x89\xe6\x8b\xa9 DLSS-FG"},
        {"Affects both FSR-FG & Upscalers", "\xe5\xbd\xb1\xe5\x93\x8d FSR-FG \xe5\x92\x8c\xe8\xb6\x85\xe5\x88\x86\xe8\xbe\xa8\xe7\x8e\x87"},
        {"Uses Reflex when possible\nOn AMD/Intel cards, you can use Fakenvapi to substitute Reflex", "\xe5\xb0\xbd\xe5\x8f\xaf\xe8\x83\xbd\xe4\xbd\xbf\xe7\x94\xa8 Reflex\n\xe5\x9c\xa8 AMD/Intel \xe6\x98\xbe\xe5\x8d\xa1\xe4\xb8\x8a\xef\xbc\x8c\xe6\x82\xa8\xe5\x8f\xaf\xe4\xbb\xa5\xe4\xbd\xbf\xe7\x94\xa8 Fakenvapi \xe6\x9b\xbf\xe4\xbb\xa3 Reflex"},
        // ===== DLL Missing & DLSSG Messages =====
        {"amd_fidelityfx_dx12.dll is missing!", "amd_fidelityfx_dx12.dll \xe7\xbc\xba\xe5\xa4\xb1\xef\xbc\x81"},
        {"libxess_fg.dll is missing!", "libxess_fg.dll \xe7\xbc\xba\xe5\xa4\xb1\xef\xbc\x81"},
        {"Please put dlssg_to_fsr3_amd_is_better.dll or dlss-enabler-headless.dll next to OptiScaler", "\xe8\xaf\xb7\xe5\xb0\x86 dlssg_to_fsr3_amd_is_better.dll \xe6\x88\x96 dlss-enabler-headless.dll \xe6\x94\xbe\xe5\x9c\xa8 OptiScaler \xe6\x97\x81\xe8\xbe\xb9"},
        {"Using a subset of features from DLSS Enabler", "\xe4\xbd\xbf\xe7\x94\xa8 DLSS Enabler \xe7\x9a\x84\xe5\x8a\x9f\xe8\x83\xbd\xe5\xad\x90\xe9\x9b\x86"},
        {"DLSSG is purposefully disabled when this menu is visible", "\xe5\xbd\x93\xe6\xad\xa4\xe8\x8f\x9c\xe5\x8d\x95\xe5\x8f\xaf\xe8\xa7\x81\xe6\x97\xb6 DLSSG \xe8\xa2\xab\xe6\x9c\x89\xe6\x84\x8f\xe7\xa6\x81\xe7\x94\xa8"},
        // ===== Dispatch Flags =====
        {"Enable anti-ghosting correction", "\xe5\x90\xaf\xe7\x94\xa8\xe6\x8a\x97\xe9\xac\xbc\xe5\xbd\xb1\xe6\xa0\xa1\xe6\xad\xa3"},
        {"Debug: red tint on corrected pixels", "\xe8\xb0\x83\xe8\xaf\x95\xef\xbc\x9a\xe5\xb7\xb2\xe6\xa0\xa1\xe6\xad\xa3\xe5\x83\x8f\xe7\xb4\xa0\xe7\x9a\x84\xe7\xba\xa2\xe8\x89\xb2\xe8\x89\xb2\xe8\xb0\x83"},
        {"Debug: split screen comparison", "\xe8\xb0\x83\xe8\xaf\x95\xef\xbc\x9a\xe5\x88\x86\xe5\xb1\x8f\xe5\xaf\xb9\xe6\xaf\x94"},
        {"Debug: blue tint where camera MV fallback is used", "\xe8\xb0\x83\xe8\xaf\x95\xef\xbc\x9a\xe4\xbd\xbf\xe7\x94\xa8\xe7\x9b\xb8\xe6\x9c\xbaMV\xe5\x9b\x9e\xe9\x80\x80\xe5\xa4\x84\xe7\x9a\x84\xe8\x93\x9d\xe8\x89\xb2\xe8\x89\xb2\xe8\xb0\x83"},
        {"Debug: trapezoid zone visualization", "\xe8\xb0\x83\xe8\xaf\x95\xef\xbc\x9a\xe6\xa2\xaf\xe5\xbd\xa2\xe5\x8c\xba\xe5\x9f\x9f\xe5\x8f\xaf\xe8\xa7\x86\xe5\x8c\x96"},
        {"Use HUD-less as UI mask (DL2 inverted semantics)", "\xe5\xb0\x86\xe6\x97\xa0HUD\xe7\x94\xa8\xe4\xbd\x9cUI\xe9\x81\xae\xe7\xbd\xa9\xef\xbc\x88""DL2\xe5\x8f\x8d\xe5\x90\x91\xe8\xaf\xad\xe4\xb9\x89\xef\xbc\x89"},
        {"Enable temporal HUD pinning (present-backbuffer stability)", "\xe5\x90\xaf\xe7\x94\xa8\xe6\x97\xb6\xe9\x97\xb4HUD\xe5\x9b\xba\xe5\xae\x9a\xef\xbc\x88\xe5\x91\x88\xe7\x8e\xb0-\xe5\x90\x8e\xe5\xa4\x87\xe7\xbc\x93\xe5\x86\xb2\xe5\x8c\xba\xe7\xa8\xb3\xe5\xae\x9a\xe6\x80\xa7\xef\xbc\x89"},
        {"HUD OF interpolation (0=legacy pin-present, 1=OF warp)", "HUD\xe5\x85\x89\xe6\xb5\x81\xe6\x8f\x92\xe5\x80\xbc\xef\xbc\x88""0=\xe4\xbc\xa0\xe7\xbb\x9f\xe5\x9b\xba\xe5\xae\x9a\xe5\x91\x88\xe7\x8e\xb0\xef\xbc\x8c""1=\xe5\x85\x89\xe6\xb5\x81\xe5\x8f\x98\xe5\xbd\xa2\xef\xbc\x89"},
        {"Ignore dedicated DLSSG.UI texture (force legacy HUD path)", "\xe5\xbf\xbd\xe7\x95\xa5\xe4\xb8\x93\xe7\x94\xa8\xe7\x9a\x84""DLSSG.UI\xe7\xba\xb9\xe7\x90\x86\xef\xbc\x88\xe5\xbc\xba\xe5\x88\xb6\xe4\xbc\xa0\xe7\xbb\x9fHUD\xe8\xb7\xaf\xe5\xbe\x84""\xef\xbc\x89"},
        {"OF pipeline using dp4a-accelerated SSD (SM 6.4+)", "\xe4\xbd\xbf\xe7\x94\xa8""dp4a\xe5\x8a\xa0\xe9\x80\x9fSSD\xe7\x9a\x84\xe5\x85\x89\xe6\xb5\x81\xe7\xae\xa1\xe7\xba\xbf\xef\xbc\x88SM 6.4+\xef\xbc\x89"},
        {"Pin DLSSG.Backbuffer to subframe-1 snapshot across MFG frame", "\xe5\x9c\xa8\xe6\x95\xb4\xe4\xb8\xaaMFG\xe5\xb8\xa7\xe4\xb8\xad\xe5\xb0\x86""DLSSG.Backbuffer\xe5\x9b\xba\xe5\xae\x9a\xe5\x88\xb0\xe5\xad\x90\xe5\xb8\xa7-1\xe5\xbf\xab\xe7\x85\xa7"},
        // ===== Framerate =====
        {"ON %dx", "%d\xe5\x80\x8d\xe5\xbc\x80"},
        {"Game's XeLL", "\xe6\xb8\xb8\xe6\x88\x8f\xe7\x9a\x84 XeLL"},
        {" (RTSS)", " (RTSS)"},
        {" (inactive)", " (\xe9\x9d\x9e\xe6\xb4\xbb\xe8\xb7\x83)"},
        {"Using Reflex's limit with FSR FG has performance overhead", "\xe4\xbd\xbf\xe7\x94\xa8 Reflex \xe9\x99\x90\xe5\x88\xb6\xe4\xb8\x8e FSR FG \xe6\x9c\x89\xe6\x80\xa7\xe8\x83\xbd\xe5\xbc\x80\xe9\x94\x80"},
        // ===== Fakenvapi Combo Options =====
        {"None (Off)", "\xe6\x97\xa0\xef\xbc\x88\xe5\x85\xb3\xef\xbc\x89"},
        {"AntiLag 2", "AntiLag 2"},
        {"AntiLag Vk", "AntiLag Vk"},
        // ===== LFXMode Tooltips =====
        {"The safest, but might not reduce latency well", "\xe6\x9c\x80\xe5\xae\x89\xe5\x85\xa8\xef\xbc\x8c\xe4\xbd\x86\xe5\x8f\xaf\xe8\x83\xbd\xe4\xb8\x8d\xe5\xa4\xaa\xe8\x83\xbd\xe9\x99\x8d\xe4\xbd\x8e\xe5\xbb\xb6\xe8\xbf\x9f"},
        {"Improves latency, but in some cases will lower FPS more than expected", "\xe6\x94\xb9\xe5\x96\x84\xe5\xbb\xb6\xe8\xbf\x9f\xef\xbc\x8c\xe4\xbd\x86\xe5\x9c\xa8\xe6\x9f\x90\xe4\xba\x9b\xe6\x83\x85\xe5\x86\xb5\xe4\xb8\x8b\xe4\xbc\x9a\xe8\xb6\x85\xe5\x87\xba\xe9\xa2\x84\xe6\x9c\x9f\xe5\x9c\xb0\xe9\x99\x8d\xe4\xbd\x8e""FPS"},
        {"Best when can be used, some games are not compatible (e.g. Cyberpunk)\nand will fallback to Aggressive", "\xe5\x8f\xaf\xe7\x94\xa8\xe6\x97\xb6\xe6\x9c\x80\xe4\xbd\xb3\xef\xbc\x8c\xe6\x9f\x90\xe4\xba\x9b\xe6\xb8\xb8\xe6\x88\x8f\xe4\xb8\x8d\xe5\x85\xbc\xe5\xae\xb9\xef\xbc\x88\xe5\xa6\x82\xe8\xb5\x9b\xe5\x8d\x9a\xe6\x9c\x8b\xe5\x85\x8b\xef\xbc\x89\n\xe5\xb9\xb6\xe5\xb0\x86\xe5\x9b\x9e\xe9\x80\x80\xe5\x88\xb0\xe6\xbf\x80\xe8\xbf\x9b\xe6\xa8\xa1\xe5\xbc\x8f"},
        // ===== Downscaler Tooltips =====
        {"Default option.\nGood enough image quality and very fast.", "\xe9\xbb\x98\xe8\xae\xa4\xe9\x80\x89\xe9\xa1\xb9\xe3\x80\x82\n\xe7\x94\xbb\xe8\xb4\xa8\xe8\xb6\xb3\xe5\xa4\x9f\xe5\xa5\xbd\xe4\xb8\x94\xe9\x9d\x9e\xe5\xb8\xb8\xe5\xbf\xab\xe3\x80\x82"},
        {"Fastest traditional option.\nProduces a very soft/blurry image, but might be okay for downscaling.", "\xe6\x9c\x80\xe5\xbf\xab\xe7\x9a\x84\xe4\xbc\xa0\xe7\xbb\x9f\xe9\x80\x89\xe9\xa1\xb9\xe3\x80\x82\n\xe4\xba\xa7\xe7\x94\x9f\xe9\x9d\x9e\xe5\xb8\xb8\xe6\x9f\x94\xe5\x92\x8c/\xe6\xa8\xa1\xe7\xb3\x8a\xe7\x9a\x84\xe5\x9b\xbe\xe5\x83\x8f\xef\xbc\x8c\xe4\xbd\x86\xe5\xaf\xb9\xe4\xba\x8e\xe7\xbc\xa9\xe5\xb0\x8f\xe6\x9d\xa5\xe8\xaf\xb4\xe5\x8f\xaf\xe8\x83\xbd\xe8\xbf\x98\xe5\x8f\xaf\xe4\xbb\xa5\xe3\x80\x82"},
        {"Designed primarily for downscaling.\nRetains good contrast with minimal artefacts, but softer than Lanczos.", "\xe4\xb8\xbb\xe8\xa6\x81\xe8\xae\xbe\xe8\xae\xa1\xe7\x94\xa8\xe4\xba\x8e\xe7\xbc\xa9\xe5\xb0\x8f\xe3\x80\x82\n\xe4\xbf\x9d\xe6\x8c\x81\xe8\x89\xaf\xe5\xa5\xbd\xe7\x9a\x84\xe5\xaf\xb9\xe6\xaf\x94\xe5\xba\xa6\xe4\xb8\x94\xe4\xbc\xaa\xe5\xbd\xb1\xe6\x9e\x81\xe5\xb0\x91\xef\xbc\x8c\xe4\xbd\x86\xe6\xaf\x94Lanczos\xe6\x9b\xb4\xe6\x9f\x94\xe5\x92\x8c\xe3\x80\x82"},
        {"Lighter and faster than Lanczos3.\nLess prone to ringing artefacts, but slightly blurrier.", "\xe6\xaf\x94Lanczos3\xe6\x9b\xb4\xe8\xbd\xbb\xe6\x9b\xb4\xe5\xbf\xab\xe3\x80\x82\n\xe4\xb8\x8d\xe6\x98\x93\xe4\xba\xa7\xe7\x94\x9f\xe6\x8c\xaf\xe9\x93\x83\xe4\xbc\xaa\xe5\xbd\xb1\xef\xbc\x8c\xe4\xbd\x86\xe7\x95\xa5\xe5\xbe\xae\xe6\x9b\xb4\xe6\xa8\xa1\xe7\xb3\x8a\xe3\x80\x82"},
        {"Heavier version of Lanczos2.\nOffers the sharpest image, but is the most prone to ringing.", "Lanczos2\xe7\x9a\x84\xe8\xbe\x83\xe9\x87\x8d\xe7\x89\x88\xe6\x9c\xac\xe3\x80\x82\n\xe6\x8f\x90\xe4\xbe\x9b\xe6\x9c\x80\xe9\x94\x90\xe5\x88\xa9\xe7\x9a\x84\xe5\x9b\xbe\xe5\x83\x8f\xef\xbc\x8c\xe4\xbd\x86\xe6\x9c\x80\xe5\xae\xb9\xe6\x98\x93\xe4\xba\xa7\xe7\x94\x9f\xe6\x8c\xaf\xe9\x93\x83\xe3\x80\x82"},
        {"Similar to Lanczos2.\nSmoother and less prone to artefacts than Lanczos, but slightly blurrier.", "\xe4\xb8\x8eLanczos2\xe7\xb1\xbb\xe4\xbc\xbc\xe3\x80\x82\n\xe6\xaf\x94Lanczos\xe6\x9b\xb4\xe5\xb9\xb3\xe6\xbb\x91\xe4\xb8\x94\xe4\xb8\x8d\xe6\x98\x93\xe4\xba\xa7\xe7\x94\x9f\xe4\xbc\xaa\xe5\xbd\xb1\xef\xbc\x8c\xe4\xbd\x86\xe7\x95\xa5\xe5\xbe\xae\xe6\x9b\xb4\xe6\xa8\xa1\xe7\xb3\x8a\xe3\x80\x82"},
        {"Similar to Lanczos3.\nFar less prone to artefacting than Lanczos3, but much heavier on the GPU.", "\xe4\xb8\x8eLanczos3\xe7\xb1\xbb\xe4\xbc\xbc\xe3\x80\x82\n\xe6\xaf\x94Lanczos3\xe4\xb8\x8d\xe6\x98\x93\xe4\xba\xa7\xe7\x94\x9f\xe4\xbc\xaa\xe5\xbd\xb1\xef\xbc\x8c\xe4\xbd\x86\xe5\x9c\xa8GPU\xe4\xb8\x8a\xe9\x87\x8d\xe5\xbe\x97\xe5\xa4\x9a\xe3\x80\x82"},
        {"Specialised to prevent artifacts.\nEliminates harsh halos for a natural look, but can appear slightly soft.", "\xe4\xb8\x93\xe9\x97\xa8\xe7\x94\xa8\xe4\xba\x8e\xe9\x98\xb2\xe6\xad\xa2\xe4\xbc\xaa\xe5\xbd\xb1\xe3\x80\x82\n\xe6\xb6\x88\xe9\x99\xa4\xe5\x88\xba\xe7\x9c\xbc\xe7\x9a\x84\xe5\x85\x89\xe6\x99\x95\xe4\xbb\xa5\xe8\x8e\xb7\xe5\xbe\x97\xe8\x87\xaa\xe7\x84\xb6\xe5\xa4\x96\xe8\xa7\x82\xef\xbc\x8c\xe4\xbd\x86\xe5\x8f\xaf\xe8\x83\xbd\xe6\x98\xbe\xe5\xbe\x97\xe7\x95\xa5\xe5\xbe\xae\xe6\x9f\x94\xe5\x92\x8c\xe3\x80\x82"},
        {"Only FSR1 and Bicubic are supported when Ratio is below 1.0.", "\xe5\xbd\x93\xe6\xaf\x94\xe4\xbe\x8b\xe4\xbd\x8e\xe4\xba\x8e""1.0\xe6\x97\xb6\xe4\xbb\x85\xe6\x94\xaf\xe6\x8c\x81""FSR1\xe5\x92\x8c""Bicubic\xe3\x80\x82"},
        // ===== FPS Overlay Position =====
        {"Top Left", "\xe5\xb7\xa6\xe4\xb8\x8a"},
        {"Top Right", "\xe5\x8f\xb3\xe4\xb8\x8a"},
        {"Bottom Left", "\xe5\xb7\xa6\xe4\xb8\x8b"},
        {"Bottom Right", "\xe5\x8f\xb3\xe4\xb8\x8b"},
        {"Same as menu", "\xe4\xb8\x8e\xe8\x8f\x9c\xe5\x8d\x95\xe7\x9b\xb8\xe5\x90\x8c"},
        // ===== Keybinds =====
        {"FPS Overlay", "FPS \xe8\xa6\x86\xe7\x9b\x96"},
        {"FPS Overlay Cycle", "FPS \xe8\xa6\x86\xe7\x9b\x96\xe5\xbe\xaa\xe7\x8e\xaf"},
        {"Frame Generation", "\xe5\xb8\xa7\xe7\x94\x9f\xe6\x88\x90"},
        // ===== Misc Messages =====
        {"nvngx.ini detected, please move over to using OptiScaler.ini and delete the old config", "\xe6\xa3\x80\xe6\xb5\x8b\xe5\x88\xb0nvngx.ini\xef\xbc\x8c\xe8\xaf\xb7\xe8\xbf\x81\xe7\xa7\xbb\xe8\x87\xb3\xe4\xbd\xbf\xe7\x94\xa8OptiScaler.ini\xe5\xb9\xb6\xe5\x88\xa0\xe9\x99\xa4\xe6\x97\xa7\xe9\x85\x8d\xe7\xbd\xae"},
        // ===== Mipmap Quality Labels =====
        {"Ultra Performance", "\xe8\xb6\x85\xe7\xba\xa7\xe6\x80\xa7\xe8\x83\xbd"},
        {"Performance", "\xe6\x80\xa7\xe8\x83\xbd"},
        {"Balanced", "\xe5\x9d\x87\xe8\xa1\xa1"},
        {"Quality", "\xe8\xb4\xa8\xe9\x87\x8f"},
        {"Ultra Quality", "\xe8\xb6\x85\xe7\xba\xa7\xe8\xb4\xa8\xe9\x87\x8f"},
        {"DLAA", "DLAA"},
        // ===== Hudless Buttons =====
        {"Disable##%d", "\xe7\xa6\x81\xe7\x94\xa8"},
        {"Enable##%d", "\xe5\x90\xaf\xe7\x94\xa8"},
        // ===== Tab Labels =====
        {"Upscaling", "\xe8\xb6\x85\xe5\x88\x86\xe8\xbe\xa8\xe7\x8e\x87"},
        {"Frame Gen", "\xe5\xb8\xa7\xe7\x94\x9f\xe6\x88\x90"},
        {"Image", "\xe7\x94\xbb\xe9\x9d\xa2"},
        {"Latency", "\xe5\xbb\xb6\xe8\xbf\x9f"},
        {"Display", "\xe6\x98\xbe\xe7\xa4\xba"},
        {"Advanced", "\xe9\xab\x98\xe7\xba\xa7"},

    };

    for (auto& [key, translated] : g_chineseTranslations)
    {
        const auto idPos = key.find("##");
        if (idPos != std::string::npos && translated.find("##") == std::string::npos)
            translated.append(key, idPos, std::string::npos);
    }
}
}

 
